text,aspect,classification_method
커피믹스 계에 애플입니다.,,
바나나우유맛도 너무 맛있었어요,,
존맛!!!!!,,
😅😅,,
맛없어요,,
호호 >.<,,
✨️,,
대신 달아요~,,
슬러쉬도 맛있었어용,,
💗,,
확실히 맥심골드보다 달달하고 맛있네요!,,
굳이?,,
끝맛은 텁텁,,
개인적으로는 맥심이 더 맛나네요,,
정말 좋아요,,
신기해요,,
재미있어요,,
👍👍👍,,
💗💗,,
좋아요!!!,,
할매입맛인 제게 볶음쌀맛이 딱,,
👍👍,,
🔥,,
맛있어요,,
역시.,,
😚,,
자리 없어요,,
느낌 좋아요,,
맛있습니다,,
"🥲
커피슬러쉬 2500원인데 넘 맛있어요",,
아이랑 같이.,,
즐겁습니다!,,
들렸다 갑니다,,
🤩,,
넘 좋아용 ;),,
최고,,
군밤맛 너무 맛있어요!,,
달달하니 맛있었어요,,
존맛탱 흥해랏~~,,
기대보다 훨씬 맛있어요……❤️‍🔥,,
너무맛있어여,,
😍,,
꼬숩고 부드러워요,,
브랜딩도 재밌네요,,
맛있어요!,,
맛있어요!!,,
너무 맛있어요,,
완전 신세계에요,,
가장 고전적이고 혁신적인 맛!!,,
달다구리 최고에요!!,,
맛도 기대되요,,
힙하다~힙해~아이디어굿,,
짱,,
힙하다 힙해👀🤍,,
완전 신선합니다 ✨✨✨,,
아이디어 너무 좋네요!,,
기대됩니다!,,
👍🏻,,
☕️,,
재밌어요,,
👍🏻👍🏻👍🏻👍🏻🥰🥰🥰,,
🩷,,
좋아요,,
최고👍🏻,,
맛있어요~~~~.,,
👍🏻👍🏻,,
타이밍이 좋아서 바로입장!!,,
🫶🏻,,
😀🫶🏻,,
👍,,
잘 마셨습니다!,,
다른 맛도 궁금해요,,
녹차맛 슬러쉬 진쟈,,
맛있네,,
료..,,
너무 맛있어,,
🤍,,
너무 좋아요~~! ㅋㅋ,,
최고의 조합!!,,
맛있었어,,
툐!,,
다만...,,
조금 아쉬운 게 얼음이 너무 많아서 액체량이 정말 적습니다ㅜ,,
라는 생각이 들어서 조금 안타까웠습니다.,,
🤍🤍,,
와 너무 맛있어요!!!!,,
오리지널 맛이 진짜 부드러워요!,,
☺️,,
그만큼 인기가 많습니다.,,
아이디어도 너무 좋고 비주얼도 미쳣어요,,
😃,,
✮  💖  𝒿𝓂𝓉  💖  ✮,,
느낌도 너무 좋습니다!,,
너무 맛잇어요,,
"녹차맛은,, 음..",,
(개취!),,
넘 맛있어요,,
들고 다니기 딱 좋아요!,,
힙왕힙신,,
신기하네요,,
귀엽네요,,
많이사갑니다,,
요즘 핫해서 들러봤는데 맛있네요,,
😊,,
맛별로…..,,
🙂,,
이벤트 당첨은 안됐네여..,,
싸고 맛잇어요~,,
하지만 자주가지마세요,,
제가 갈거니까ㅠ?,,
맛도 좋았어요ㅎ,,
굿굿 맛있어요,,
🤍🫢🤍,,
🙋🏻‍♀️🙋🏻‍♀️,,
너무 좋아요!,,
너무 귀엽고 새로웠어용,,
ㅎㅎ좋어여,,
성수동에 새로생긴 핫플~~!!,,
멋져요,,
💕,,
효창공원가서 드셔도 좋습니다ㅎ,,
👍🏻👍🏻👍🏻,,
도자기컵 너무 귀여워용,,
진짜 맛있어요~,,
한국 스러운.,,
모두에게.,,
로컬의 맛과 바이브를 전해주는.,,
❤️,,
녹차슬러쉬 맛있어요~~~~,,
너무 맛잇었습니다~~,,
달달허이 맛있네요,,
슬러쉬는 더위사냥 맛이에요!,,
😆,,
조합이 묘하게 끌려요!,,
수제화 아저씨 동상이랑 같이 길커 타임을 가졌어요.,,
황금별 못받아서 아쉬워요,,
😋,,
앙!,,
여긴 오리지널말구 다른게 더 맛있는듓!!,,
앞으로도 기대됩니다,,
🫶🏼,,
맛있었어요~~,,
👀🖤,,
강추 강추,,
!!!,,
녹차맛이 진해요,,
우째 이런 생각을!,,
너무 맛있어요!!,,
두 번 세 번 백 번 가세요!!!!!!,,
책 영상으로만보던 김봉진대표 새로운도전,,
11시에 맞춰 오픈런!,,
신기하네요!,,
달달해서 좋아요,,
갈,,
🩵,,
하지만 넘 좋네여,,
ㅎㅎ호,,
귀여워용,,
💕☁️,,
넘 맛있고 구성 좋아요!!,,
너무 반갑습니다,,
🙌🏻,,
🤗,,
역시 한국인인건가!!,,
🌾🌾,,
최애조합 발견!!,,
다 마시면 또 사러아야뒤 🐧💛,,
많이 품절됐어요,,
미니 피규어 전부 모으는 게 진짜 힘들어요,,
💜,,
귀여운 우리 꾹뚜기랑 밤이🥰,,
한교동이 한가득,,
교동이한테 초대받아 다녀왔숩니다,,
인형 사고 싶었는데 인형이 하나도 없어서 아쉬웠지만 재밌었어요ㅎㅎ,,
그게 DIY 키링입니다,,
또 보자,,
저희 엄마도 교동이에 매력에 빠졌어요,,
🩵🩵,,
엄청 귀여워요!!,,
♥️,,
💙💙💙,,
재밌었어요,,
"특히
DIY키링 강추…🌸✨",,
"🫠
잘 놀다 갔습니다",,
실망. ㅠ_ㅠ,,
😊🩵,,
"최애 교동이 생일파티🎂🎉
넘 즐거운 시간 보내다가 가요,,,💕",,
📸,,
너무 좋았어요,,
❣️,,
이름이 어떻게 교동?,,
전시된 물건종류는 너무 없고ㅡ.ㅡ,,
비좁고 ㅋㅋㅋ,,
와..,,
🥹💝,,
곳곳에 교동이가 다 너무 귀여워요 ㅎㅎ,,
조금더 아이템이 많았으면ㅜㅠ,,
귀엽다,,
"귀여운 교동이 생일 축하파티💙🩵
너무 좋았어요~",,
파랑파랑💙🩵💙🩵💙,,
🩵🤍,,
💙,,
💙 덕분에 잘 놀다 갑니다,,
💙😆💙,,
아쉽다....,,
한교동 굿즈들도 너무 귀여웠습니다ㅠㅠ!!,,
팝업이 이렇게 재밌는 거였군요 ~!!!!!!!!!!,,
무엇보다...,,
특히 교동이와의 통화!!!!,,
하루였습니다 ㅋㅋㅋㅠㅠ,,
3/14일까지 힘내세요~~!!!!!,,
"성수역 멀지만ㅋ
꾸기를 위해ㅎ",,
🥲 ㅋㅋ,,
🥰,,
좋았음~~,,
❤️💚💙,,
🫶,,
잘놀다갑니다,,
💙💙,,
비데이 성수점 좋아요^^,,
🥳🥳,,
즐거운 시간 보내게 되어 기쁩니다.,,
생일축하드려요,,
썸머님 생일팝업 재미나게 잘 다녀왔어요!,,
💕🌷,,
좋았어용,,
🐣,,
🫶🏻 👍🏻,,
즐거웠습니다^^~,,
😋👍,,
"정구기 꾹뚜기 생일파티 왔슴💖💖
너무 귀여워요!",,
💜💜,,
정국이 생일 잘 즐기다 갑니다:),,
💞💞,,
🥰🥰,,
🥰🥰😍,,
😋😋,,
재밌게 즐겼어요!!,,
최고...ㅠㅠㅠ,,
너무 좋어용!!,,
너무 재미있었어요,,
좋은시간이었습니다,,
잘 놀다가 갑니다.,,
마카롱이 느므 귀여움,,
아메리카노도 산미없고 맛있어요!,,
d=(´▽｀)=b,,
초코 마카롱이 짱 맛있음,,
꺅꺅,,
💓💓💓,,
"#나나의_스타일기
#NANA_STARDIARY
#CAFE_BDAY",,
마카롱 맛있습니다,,
🎀,,
꼭 드세여!!,,
✌️✌️,,
💕💕,,
💚,,
😳💕,,
아기 재민이가 반겨줘서 너무 좋앗어요,,
너무 좋아용,,
#나나의_스타일기,,
😆😆,,
💓,,
💚🐰,,
마카롱 너무맛있어요,,
🥰🥰🥰🥰👍👍👍,,
최고🥹,,
🩷💚,,
엔시티 드림이라는 그룹의 재민 생일이라서 갔능데 너무 좋아요!!,,
그리구 음료수도 맛있어요,,
스크린 너무 멋있었음!!,,
🍮,,
방탄에 걸맞는~ 메뉴!!,,
❤️  맛도 좋아요~,,
💚💚💚💚,,
넘넘 좋네요,,
좌석이 되게 많더라고요!,,
망고빙수 양도 정말 많고 얼음 자체가 우유에 연유 섞은 살짝 달달한 맛이라 진짜 맛있었어요!!,,
애플망고빙수 진짜 맛있어요!!,,
💛,,
망고빙수 맛집!,,
🎀👍,,
💙💙신유가 많아서 좋네,,
예ㅔㅔ💙💙,,
너무 좋네요,,
잘 머무르다 갑니다!!!!!!,,
🫶💙,,
컴백 기념으로 다녀갑니다,,
"💙
투어스 흥해라~~",,
😝,,
청포도라임에이드 쫀맛💚💚,,
그런데 왠걸...,,
많이 아쉬웠다.,,
글구 단호박스프 이거 완전 요물!!,,
🫨,,
맛있어요♡♡,,
😍💖🩷 진짜 들어오자마자 반했습니다,,
🩷🩷,,
성수 느좋카페!!,,
☺️👍🏻,,
니다ㅠㅠ,,
💖,,
즐거운 오후시간 보냈습니다,,
❤️❤️,,
😀,,
덕분에 좋은 하루를 보냈어요. ^^,,
맛집이네요.,,
😙♥️🤍,,
👍🏼,,
🫶🏻🍀💕,,
바질번 강츄!!,,
꼭 드셔보세요!!,,
💟,,
👏,,
가오픈인데도 이정도인데 정식 오픈이 기대가 되네요ㅎㅎ,,
존맛 인정입니다,,
사진 맛집 발견!,,
1월 정식 오픈이 벌써 기대되네요!,,
똥손인데도 찍으면 다 작품이네요^^,,
찜하고가요~~,,
플랫화이트도 맛있고 넘 좋네요,,
가오픈이라 사진찍기도 좋아요!!,,
정말정말 맛있네요.,,
우연히 들렸는데 너무 맛있어요,,
근데 바노피도 엄청 맛있네요!!!><,,
진짜 너무 맛나유!.!,,
강추강추,,
맛있네요!,,
진짜맛있었어요!!,,
♥️ ㅎㅎ,,
진짜,,
다만 아이보리 방석커버?,,
🍃,,
(맛있다는 뜻!),,
👍🏻❣️,,
저에겐 아쉬운 맛이였어요,,
🙈🙈,,
진짜...,,
진짜 맛있어요!♡♡♡,,
너어어어어무 맛있어요!!!,,
🥺🥺🥺,,
너무맛있어요!,,
🤎 최고!!!,,
그리고 파운드..,,
이거 진짜 미쳤어요..,,
파운드안에 저 크림..,,
미쳤구요,,
존맛이구요,,
쑥 향이 진짜 진하더라구요ㅠ,,
넘 맛있잖아요,,
💞,,
"양도 많고 아메리카노랑 찰떡,,,✨✨",,
구움,,
진짜 미쳤어요.,,
꼭이요 ㅠㅠ,,
저녁 때되면 거의 안남는게 찐 ㅠ,,
디져트가맛있어요,,
부드럽고 달달한 초코와 얼그레이 향에 미칩니다.,,
이번에 데려와봤습니다.,,
아주 좋아요,,
피낭시에 맛있었어요,,
얼그레이갸또?,,
짱 맛있어요,,
🥹👏,,
이런 한국식퓨전 너무 좋네요ㅎㅎ,,
🌸,,
담에 또가야지,,
흑임자 갸또 진짜 맛있어요!!!,,
음료수 맛은 좋아요~,,
"☺️ 
고소하고 넘 맛있네요!",,
넘 둘이 잘 어울리고,,
제가 이거 좋아해서 엄청 자주 갑니다!,,
맛잇어요 !,,
아인슈페너 너무 맛있고 크림 듬뿍이에요,,
아메리카노~~~,,
여기 너무 좋아요...,,
존맛탱이에요!!,,
쑥라떼도 쑥항이 진해서 좋았어요.,,
잘..,,
👍👍👍👍❤️‍🔥💯,,
맨날 가는 커피숍 정말 맛있어요,,
뻥안치고 진심!!,,
완전 강추!!!!,,
❤️‍🔥❤️‍🔥,,
동네 맛집 발견❤️,,
💯💯💯,,
카우보이 이햐~~~~  🤠,,
"웨스턴~~~
근데 롱블랙~~~~",,
🔥🔥🔥🔥🔥,,
오렌지쥬스 완전 맛있어요,,
☕️☕️☕️☕️☕️☕️☕️,,
😋 앞으로 자주 갈게요!,,
강추강추!!!,,
🐂🦔❤️,,
숨겨진 찐카페☕️,,
너무 좋아요~,,
1년째 단골!!,,
🐴🐴,,
"오후완~~
오늘도 후프 완료!!",,
넘 마딧구요..,,
하나도 안 느끼하고 적당히 달고 고소해요 !!!,,
"❤️‍🔥❤️‍🔥
그리고 플레이리스트..",,
미쳤습니당 ..,,
🥲,,
😁,,
달달구리 ㅎㅎㅎㅎ,,
👍😍😎,,
🖤,,
맛있어요!!!,,
여기 최고!!,,
☕️👍👍🔥🤩😎,,
맛있어요^^,,
맛있어용 !!,,
엄마 식혜(?),,
👍🏻👍🏻👍🏻👍🏻👍🏻,,
분위가 좋아요!!,,
메뉴가 많아요.,,
아이스아메리카노 굿굿,,
후프선셋 존맛,,
맛있었어요~,,
말띠여서 여기 너무 조아용 말띠모여라,,
🐴💕,,
성수 맛집 인증 👍,,
롱블랙 진하고 너무 맛있어요.,,
여기 롱블랙 죽입니다,,
개미침....,,
진짜..ㄷㄷ,,
ㅇ그니까 그만 따라다니시길..,,
남자들은 알지 못하는 그 무언가,,
좋다니 됐다,,
히비스커스티 블렌딩!,,
근데 한시간이라 아쉬워요,,
와 정말 별로입니다.,,
55분 시간제한 둔거는좀.,,
디올이면  다냐~,,
디올카페...,,
흠,,
하하핫....,,
더운데 목이나 축이고 가는거죵!!!,,
대박적.,,
유,,
뭔가,,
리뷰씁니다,,
ᆢ,,
"그거말고도 여러가지 보고 사고 싶었는데 아쉬웠습니다,,",,
젤라또 느낌?,,
좀 달았는데..,,
괜찮았어요 ㅎ,,
아이스큐브 추가가 맛있어요!,,
심플이즈베스트 룩 맛집,,
아메리카노 아쉬웠어요~,,
사진찍기 좋아요,,
🤍✨,,
당일구매듀 되서 넘 좋아요,,
달달한 음식 싫어하는 어르신들도 너무좋아하세요,,
동물성 생크림이라서 크림도 맛있네요!,,
🎂,,
부모님이 너무 좋아하셨어요!,,
🤭🤍 다음에 기회되면 또 사러 갈게요!,,
🤍🤍 기념일용으로 딱입니당,,
재구매입니다!,,
맛있어요~,,
🫶🏻☺️,,
😍🥰😘,,
최고 맛있어요!,,
무화과 싱싱해요,,
🍑,,
🎂✨,,
기념일에는 플디죠 ^^,,
귀여운 초까지 너무 귀여워서 생일엔 항상 사가요,,
너무너무 맛있어요!!,,
"과일 폭탄 비쥬얼이에요!
ㅡㅡㅡㅡㅡㅡㅡㅡㅡㅡㅡㅡㅡㅡㅡㅡㅡㅡㅡㅡ",,
🥳🎂,,
😀👍👍,,
"두번째 사는건데 그만큼 맛있습니다,, 맛 보장!!",,
너무 맛잇어요!! +,,
디자인까지 너무 귀엽습니다~,,
맛있어요 :),,
너무맛있어용!,,
🩷 축하케익으로 최고에용!!!,,
정말 놀랬습니다...,,
🫶🫶,,
딸기도 달고 맛있었어요!!,,
💕 너무 맛있었어요!,,
진짜 최고!,,
맛있어용!!,,
#성수케이크,,
맛도 좋아요!,,
37000원주고 이걸 사다니..,,
크림 거의 걷어냄.,,
ㅠ💗,,
귀엽고..,,
⭐️⭐️⭐️⭐️,,
너무 달지도 않고 맛있어요,,
과일 상태도 너무 좋네요:),,
맛있고 너무달지않아서 좋아요!,,
너무 좋아요.,,
케익이 너무맛있어요!,,
🧤그리고 또 지인이 엄청 맛있다고 얘기 전해줬습니다,,
!!,,
💕💕💕,,
너무 맛있어요!!!,,
전원 다 맛있다고 난리였어요,,
👅,,
질기지 않고 딱 좋아요,,
이런 정도는 아니에요,,
이제 알았어요!,,
향이 너무 좋아요!,,
그리고 무엇보다도 맛있어요!!,,
너무너무 맛있음!!!!,,
다음에 성수 가면 꼭 들러서 많이 살거임,,
성수동 핫플입니다!,,
😊😍👍,,
진심~,,
맛있어요...,,
🤣,,
만이천원짜리는 아닌듯,,
🥐🤭,,
맛나요,,
바삭 쫄깃 맛나요,,
이곳을 그냥 지나칠 수는 없다는..ㅜㅜ,,
속은느낌? ;;,,
쓰읍..,,
더 맛있어요,,
이것을 참고 지나가는 당신은 절제의 달인입니다,,
맛은 괜찮았어용 !!,,
패키지가 넘 귀여웠어요:)💛,,
별로...,,
그냥,,
유명.,,
너무 맛있어요.,,
🥐🥐🥐😉,,
향 마케팅도 대성공이구요!,,
굳이 여러봉지 살 맛은 아니구..,,
도산점이랑 다르네요.....;;;;,,
5만원어치 샀는데ㅠㅠㅠ,,
냄새 맡고 갔는데 맛있어요,,
고소하고 맛있네요,,
기대돼요,,
뭐지,,
제발 드셔보세여,,
어🫢🫢🫶🏻🫶🏻,,
다음에도 또 사러 갈게요,,
너무 맛있어여,,
🥐🫶💛💛💛,,
🫢👍🏻,,
이거 너무 맛있어요.,,
12천원. ㅋㅋ,,
종종 사가는데 맛있어요..,,
😎,,
미쳣어,,
그냥 아주 맛이,,
꿀맛🤍,,
맛있어요.,,
진짜진짜세상맛있습니다,,
담백하고 맛있어요.,,
너무 장사가 잘 되지만..,,
많이 사면 담아가는 쇼핑백이라던가..,,
맛있습니다.,,
한자리에서 다멌어요^,,
🤤,,
😋 !!!,,
맛있어요 ㅠ,,
성수 본점 말고 해운대점 다녀왔어요!,,
진짜진짜 맛나요,,
식어도 맛있습니다!,,
굿굿,,
무더위...,,
해운대 미포 해변열차 정류장 바로 앞이에여.,,
너무 맛있구요,,
밀가루는 못끊어ㅜ.ㅜ,,
"🤍
암튼 죤맛탱이다~~~~~~~~",,
역시 맛있어요~^^,,
날이 더워 그런가,,
평일이라 그런가,,
맛도 너무 좋아요♡♡♡,,
"#성수동빵집
#성수동소금빵
#자연도소금빵성수
#소금빵맛집추천
#부산
#영종도
#성수
#다먹어봄",,
부드러워요!,,
윽...,,
하하..,,
그냥 그랬어용..,,
또 사러가고싶어요,,
"그래서
아니야 원래 이맛 아닌데!!",,
왜 이렇게 된거죠?ㅠㅠ,,
드디어.,,
기대보다 더 맛있었어요,,
그럼에도 너무 맛있습니다,,
🥐,,
엄청 쫀득한데 조금기름져요 ㅠㅠ,,
👍 👍 👍,,
정말 맛있어요~,,
그닥이에요,,
🥺,,
❣️❣️❣️,,
맛있어용 :),,
에프도 백프로는 못살려요,,
냄새에 이끌려 구매 ㅎㅎ,,
성수에 다시 가게 된다면 또 들리고 싶어요,,
진짜 꼭 드셔보세요!!!,,
잠깐만 손으로 잡아도 기름으로 손이 범벅 될 정도다.,,
이른 시간이라 키오스크에서 결제 후 구매.,,
9시가 좀 지나서 식은 상태였지만 맛있었다.,,
👍👍👍👍👍👍,,
그냥 지나칠 수 없는 냄새에 맛도 여전히 좋아요,,
버터빵인거죠?,,
해운대점에서 샀는데 성수라고 뜨네요,,
정말 맛있어요.,,
👍✨,,
👍 👍 👍 👍 👍 👍 👍 👍,,
엄청 짭니다...,,
외국인들이 주로 사가더군요..,,
어느 지점이든 실망시키지않는 맛이에요,,
너무 맛있어요ㅎㅎ,,
뺑 맛있어요,,
맛있어요ʺ̤,,
기대보다 별로였어요 ㅠㅠ,,
뭐가 잘못된건지...,,
정말 맛있어요,,
🤭,,
늘 외국인 관광객들이 많아요,,
강추!,,
다른 지점이랑 차이는 없네요.,,
정말 너무 맛있어요!,,
꿀맛,,
딱 그맛이예용~~,,
살찌는맛인거아는데 멈출수없으니...,,
딸이너무 좋아하는데 냄새가 너무맛있어서...,,
홀리듯구매...,,
하나사긴 아쉬움이 부드럽고 고소한  단짠의맛..,,
그냥 완전 맛나요.,,
#오늘여기클립,,
성수동 몇번 가면서도 이번에 처음사보았네요 ㅎㅎ,,
🤎,,
두둥,,
짜다!!!!!!!!!!!!!,,
짜!!,,
93&!4&8:,,
기대 이상이었습니다,,
외국인도 엄청 많음.,,
인증샷 찍는 외국인한테 발 밟힘.,,
정말 맛있음~~,,
인천?!,,
한번씩 생각나요,,
맛있어요~~~♡,,
"겉은 바삭, 속은 부드럽고 촉촉.",,
고소하니 맛나요,,
타이밍이 좋았던듯.,,
"압구정보다 맛이
덜한 느낌",,
성수동 놀러갔다,,
가족모두 너무 좋아했구요ㅎㅎ,,
맛집 맞네요,,
인정!!!,,
빵수니들 모이세여,,
🤎🤍🤎,,
더 살 걸..,,
기준이 되버렸어요.,,
최고.,,
냄새가 좋아서 탄수화물중독자는 그냥 지나칠수 없었어요ㅋ,,
(물론 식어도 맛있음,,
🥖,,
굿굿~ 퐁신퐁신,,
그치만 우리 가족은 모두 베통 승ㅎ,,
냠냠,,
美味しかった！,,
맛있었어요!!,,
🥐👍,,
와...,,
이런 반전이...,,
더살껄,,
증말..,,
맛잇음...♡,,
진짜 맛맀어료,,
"많은 지역에
생기면 좋겠네여!",,
https://m.blog.naver.com/jyp25025/223790355922,,
해운대 갈때마다 들려요,,
너무 맛있음..,,
다른 종류도 궁금해요,,
외국인 관광객이 정말 많아요,,
그것밖에 없네요,,
여기 너무 좋아요ㅠㅠ,,
자꾸 생각나여ㅠㅠㅠㅠ,,
🫠..,,
최고최고!!!,,
퇴근이 21시여서 그다음날 막었어요,,
좋았어요.,,
"😗
부모님이 좋아하셔서 퇴근 후 사갔습니다",,
얌미하움...,,
😋💗,,
역시 original은 다르네요.,,
맛나니 꼭 가보세요~,,
자꾸생각납니다,,
냄새 레전드...,,
강추,,
료!!!!,,
하지만 안 샀음,,
"🙌🏻
부모님도 맛있다고 좋아하셨어요!",,
넘 맛있네요.,,
가봐야겠어요,,
냄새 정말 좋았어요,,
늠늠 맛있어요~,,
맛있다는 얘기를 듣고 가봤는데 진짜 너무 맛있네요..,,
자꾸 생각나요,,
길가다 냄새에 홀려 바로 사버렸어요,,
"너무 맛있어요,,",,
노무너무 맛있어요ㅠㅜ,,
좋았어요,,
🔅!!,,
🥹,,
‼️,,
인당 각1봉씩 순삭이네요,,
단지 기름이 좀 많네요.,,
굽는게 아니라 튀기는 걸까요?,,
놀랬어요,,
개인적으로 성수점보다 연남점이 맛있어요,,
맛있었습니다~,,
진짜 냄새가 그냥 참고 지나갈 수가 없어요.,,
정말 맛있습니다.,,
고소 짭짤...,,
궁합이 딱!!,,
맛있다,,
맛있고 완전 기름져서 좋아요!!,,
그렇게 기름지지두 않고.,,
쫄깃 짭짤 ...,,
고소하니 냠냠,,
맛있었어요,,
너무 맛있습니다,,
🥹🫢💖💖,,
존맛..ㅜ,,
두봉지 살걸 그랬어요,,
막 무지 맛있다,,
🥲🥲,,
그래도 맛있어욧,,
여기 그냥 무조건  맛있어요!!!!,,
늘 정말 존맛입니다..,,
"👍🏻
엄마도 너무 좋아하세용",,
진짜 맛있음,,
담에 성수가면 또 사려고요!,,
너무 맛있습니다!,,
병원가는길에 들렸어요,,
얌미하움 ~ !,,
맛있고 좋아요,,
두말 필요없음.,,
선택지없음.,,
음..,,
넘 맛있더라구요~~~,,
!~!,,
!,,
🥹🥹🥹🥹🥹,,
슴슴하니 맛좋아요,,
맛은 아직,,
⭐️⭐️⭐️,,
너무 맛있었습니다!,,
받자마자 시식 미쳧다,,
진짜 맛나요~~~~~,,
외국인들이 더 많아요 ㅎㅎ,,
역시 맛있네요,,
겉바속쫠~~~깃 너무 맛있어요,,
진짜 냄새는 너무 좋아요,,
홀린듯이 서게됩니닿ㅎㅎ,,
너무 맛있었어요...,,
최고...,,
맛있어요~~!,,
역시 맛 좋네요^^,,
젭알...,,
역시는 역시,,
너무 너무 너무 맛있었어요.,,
진짜 맛있어요!!,,
근데 ㄹㅇ 맛있더라...,,
별로입니다,,
성수가면 여기 무조건 가세요!!!!,,
인정~~♡,,
한번쯤.,,
냄새 맡으면 그냥 못 지나치죠~,,
애들이 정말 좋아해요^^,,
너무 짜지 않아 좋았어요,,
맛나요!!,,
자꾸 생각나는 맛,,
다른 지점 가세요.,,
😋😋😋 남은건 얼려뒀다가 에어프라이 돌려드세용,,
기름지고 짭조롬하고 완전 맛있어요,,
🥐🥐🥐,,
엄마가 좋아해서 꼭 사가요,,
🤑,,
짭쪼름히ㅡ니 마싯서용,,
진짜 고소하고 부드럽고 쫀득하고 너무 맛있어요,,
더 맛있었을텐데!!,,
잘다녀왓어요,,
👍🏻!!,,
밑에가 완전 빠작빠작,,
원래 그런 건진 모르겠지만...,,
🍼 🩵,,
"This is hot place in Seongsu Street, an young and lively place with many restaurants, cafes and pop up stores.
Its head quarter is in Yeongjongdo  but its Seongsu branch is also popular.
It has long waiting line, so if in weekends or Friday evening, you have to think at least 20-30 minutes to wait.
The bread is delectable, tasty salty and soft inside with good flavors.
It is the one worth waiting.",,
🫡,,
예전엔 더 맛잇엇으,,
벌써 세번째 구매중이에요!!!,,
🥹❤️,,
끙...,,
맛나유,,
옹🥐🥐,,
완전 강추입니다!,,
존맛탱❤️,,
"단일 메뉴라 시간이 오래 걸릴게ㅡ없는데..
ㅋㅋㅋ",,
맛이예요,,
근처 가면 꼭 사가는 짱맛집😋,,
제 기준에서는 맛있었어요.,,
그래서 또 샀어요,,
벌써 몇 번째인지..,,
너무 맛있어요 ♥,,
맛있었고..,,
양도 많았는데..,,
아주 부드럽구요,,
필수..,,
🤭🩷🩷,,
맛있어,,
(거기가 없어졌거든요ㅠ),,
그치만 넘 마싯ㅠㅜ,,
진짜 맛있어요 ♥,,
성수점 제빵사님이 바꼈나요?,,
이번에 산건 다  너무 타서 좀 실망입니다 ...,,
그치만 무엇보다 맛으로 최고예요,,
안드셔 보셨다면 어서 사세요,,
가볍게 맛있어요,,
넘 기름맛...,,
너무 짜요 ㅠㅠ,,
늘 맛있어요!,,
맛이 정말 역시 맛있네요~,,
왕맛나용 ㅠㅠ,,
시간지나 식어도 맛나더라구요,,
그날그날 맛이 조금씩 달라서 아쉽네요.,,
영종도점에.,,
[ 맛 ],,
근데 맛있어요 ㅎ...,,
맛집인정.,,
저는 주말에 성수동 가페거리에 잘 안갑니다.,,
"그래서 식당이나 팝업, 베이커리는 주로 주중에 가게 되네요.",,
gooood,,
이렇게 핫플인지 몰랐네요 ㅋㅋ,,
끝맛이 매력적임,,
너무너무 맛있잖아요.,,
💕 최고👍,,
딱 상상되는그맛이죠,,
고생많으십니다..,,
진짜 쫀맛,,
".
#새하루에감사 #일용할양식에감사",,
제 취향은 아니었어요…..,,
💖💖,,
부드럽고 정말 맛있네요^^,,
주변에 볼거리도 많아,,
좀 많이 별루네요..,,
맛도..,,
배고팠는데도 맛있지가 않다니..,,
와 이거 진짜 진짜 너무너무너무너무 맛있어요 ㅠㅠ,,
순삭💛,,
막!!!,,
맛이 없지는 않았지만 저에게는 기름기가 많다고 느껴졌습니다.,,
굿,,
너무 순환이 되서 좋었어여,,
대부분 외국손님들.,,
앗..,,
맛은..,,
맛나다..,,
혹시 동탄..,,
에는 안 생기나요..,,
제가 차릴까요...,,
명성에 비한 엄청난 맛은 아니었다,,
😆👍,,
입에 들어갔을때 기름낀 느낌(?),,
😄😄,,
별 생각없이 샀는데 너무 맛있어서...,,
😁👍,,
여기,,
오전 11시 조금 넘은 시간에는 바로 구매가 됐어요,,
진짜 맛 미쳤네요,,
성수동에서 보다니 반가웠어요!!,,
받자마자 길에서 맛보는데 와우!!,,
넘 맛나네요!!!,,
맛있었습니다.,,
😭😭😭,,
맛잇어요,,
정말 맛있었어요,,
약 7분 정도??,,
성수 갈때마다 믿고 묵는 씸@,,
맛있숴요,,
맛있어요~!,,
그저 그랬어요,,
이번ㄴㄴ 식어서 지난번보다는 별루,,
🟢담백해요!,,
조금 짭니다..!,,
그치만 맛있습니다,,
달달하니 맛나요~~,,
너무맛있어요~,,
드세요~~,,
전 왜이렇게 맛이 자극적이고 짭아요...,,
사봤습니다..,,
결론은..,,
읭;; 이었어요..,,
유의사항 지키면 호구되는 거임.,,
덕분에 뒤에 일본모녀랑 쬐끔 수다떨고 일본어를 까먹어 아쉬웠다,,
그덕에 아메리카노를 한잔 더 마시는 진짜 맛있네,,
성수가심 한번 맛봐요,,
맛있으니까요 ㅋㅋㅋㅋ,,
와 미쳤다!,,
근데 너무 기름져요,,
😋  암튼  맛있어요,,
좐맛탱..,,
사실 너무 맛있었어요.,,
부드러운 편,,
담백하고 확실히 맛있었습니다.,,
근데 진짜 넘 맛있어용,,
https://m.blog.naver.com/apple0621/223399779344,,
맛나더라구요~^^,,
말이 필요 없다,,
야,,
🙂‍↔️,,
한 번 맛보면 못잊어요 ㅋㅋㅋ,,
진짜 맛있어요,,
진짜 단단히 도른 미친넘이에요ㅜ,,
완전....,,
"맛잇어용,,,",,
"라는 맛
짭쪼롬과 꼬소 두박자가 잘 맞네요!!",,
막 최고다,,
맛있어욥,,
진짜 ..,,
근데 환풍구 각도가..,,
연기랑..,,
냄새가 장난아니네요..,,
최선일까요ㅜ,,
냄새 미쳐써요,,
압구정이 더 맛있어요..,,
아쉬움,,
Classic is the best,,
메뉴는 한 가지!,,
🤓,,
갓구워서 맛있어요,,
"부드럽게 고소하고 짠맛과 어우러져서
계속 손이가는 맛이에요~♡",,
첨이라 헤맸네요^^;;,,
귀여운 모자는 저도 써보고 싶더라구요^^;;,,
맛도 넘쳐요 !!,,
맛있네요 ㅎㅎ!!,,
진짜 너무너무 맛있습니다,,
👍👍👍👍👍👍👍,,
낱개 구매는 안됩니다.,,
드디어 !!,,
고소하고 또 고소하고 고소해요,,
맛있습니다~^^,,
다음에도 구입 찜~,,
어이없었음,,
기대만큼 맛있었어요.,,
지이이인짜 너무너무 맛있었어요,,
서울..,,
좋다..,,
또 서울 가고싶다..ㅋㅋ,,
대박이에요!!!,,
생각보다 기대 이하였어요. ㅜㅜ,,
하지만 개맛도리ㅠㅜ,,
성수 핫플이네요~,,
굿!!,,
핫플이라는 이야기를 듣고 다녀왔습니다.,,
강추입니다,,
😉,,
근데..,,
한봉만샀어요.,,
꼭 들러보세요,,
"넘흐
맛나요",,
최고◡̈♥,,
정말 맛있어요 ㅠㅁㅠ,,
담에 근처가면 또또 살거에요 <~!!!!!,,
맛있내요.,,
기대 이하였습니다,,
쵸큼 느끼느끼,,
진짜 완전 맛있음.,,
에어프라이기에 돌려서 드세요!!,,
진심 미쳤어요,,
심하네요,,
진짜 너무 맛있어요!!!!,,
제발 ㅎㅎ,,
최곱니당,,
맛이  끝내주더군요~,,
https://m.blog.naver.com/sun923900/223356395465,,
배는 부르지만 그냥 지나칠 수 없어서 바로 샀어요,,
마케팅이 전부다!,,
진짜 맛있네요 ㅠㅠ,,
재구매 의사 없음,,
말이 필요없어요,,
전 더 맛있는듯!!,,
성수동 또 가면 들리고 싶네요,,
본점에 비해 별로 였어요..,,
좋습니다.,,
⭐️,,
진짜 너무 맛있더라구요,,
냄새도 맛도 최곱니다,,
"정말,,,",,
얌미하움~☆,,
다만 낱개 구입 불가 이건 좀 별로네요.,,
"바사삭 바사삭
버터리 버터리
👍🏻👍🏻👍🏻👍🏻",,
근데 차가운데도 맛있으면 진짜 인정.,,
벌써 3번째 구매!!,,
진짜 맛있어요!!!,,
✌️,,
맛있어융〰️,,
또 갈께요,,
성수점도 맛있네용 !!,,
서울에 많이 생겨서 넘 좋아용 !!,,
👍🏻🩷,,
맛있어용,,
💗💗 냄새도 좋고,,
그래서 더 설렜습니당,,
다들..,,
흠~~,,
최고예오 🫶🏻,,
고소하며 바삭 쫄깃!!!!,,
5시꺼?,,
10분정도 소요됨,,
정말 맛있어요..,,
윤기 좔좔~~~~ 맛있어요!!,,
아침에일찍가서샀어요,,
참맛있네요,,
맛있어요!!!!,,
😭 맛이 매우 아쉽더라고요 ~~,,
많이 아쉬웠습니다,,
맛있어요..,,
짱!,,
맛은...,,
많이 가벼운맛이예요,,
저는 진짜 극호..,,
😁👍🏻❤️‍🔥,,
😛😚,,
🥺🥺👍🏼👍🏻😬👍🏻,,
😵‍💫😵‍💫,,
눈이 빙글 빙글 맛있다.,,
🥸🥸,,
인생 소끔빵,,
맛있어뇨,,
미쳤습니다ㅠ,,
세상 맛도리 진짜 또 가야겠어요..,,
너무 맛있네요!,,
그냥그저그래요!,,
🥐!!,,
※,,
진짜 미친맛이예요ㅎㅎ,,
좋아요~^^,,
카운터 고양이 저번엔 뒷태만 보다가 앞태봐서 또 찍었어요ㅎㅎㅎ,,
🧡,,
맛있음,,
진짜..,,
너무 맛있어요~,,
또 가고싶네요,,
너무 맛나요,,
담백하니,,
지인도 넘 맛있다고 좋아하더라고요,,
짱 맛있네요,,
담에가면 또 살듯^^,,
👏👏,,
저는 에프 160도 3분 돌렸어요!!,,
🥳,,
아니근데진짜맛있네요..,,
넘 감동이었어여,,
너무 맛있네요,,
생각도 들어,,
두번은 안갈듯..,,
그리고 패키지가 너무 좋았어요,,
저는 맛있었어요!,,
넘넘 맛있어용 ㅠ,,
성수 다음에 다시 가면 또 사야겠어요,,
미쳤어요,,
이렇게맛있을수가 짱이네요,,
자꾸 생각나는 맛이에요,,
마감 직전 득템!,,
이곳..,,
조만간 또 갈듯싶습니다 헤헤,,
이냄새를 그냥 지나쳐가기란 늘 쉽지않았음.,,
는 잘 모르겠음.,,
물론 맛있음.,,
허허.,,
엉엉😭,,
식었는데도 맛있네요,,
적당히 쫄깃하고 맛있었어요.,,
이런 식감은 정말 처음이에요,,
맛있어요 ...!,,
🫢 진짜 대박입니다,,
여기..,,
맛있어요 ㅎㅎ,,
근본 오브 근본,,
😇,,
너무..,,
맛있어요..ㅠ,,
넘 맛있음 ㅎㅎ,,
너무맛있어요,,
대처가 너무 아쉬웠어요,,
다음에는 이런일이 없었으면 좋겠네요,,
맛있어요~~~,,
음...,,
너무너무너무 맛있어요!!,,
식으면 맛이없어져요,,
맛있어서 내일 또 가려구요,,
평일이라.,,
근데 대처가 아쉽네요.,,
뭐야,,
도라방스🥹🥹🥹 성수가면 꼭들르세요!,,
넘 조음👍👍,,
싶네요..,,
조금 귀찮군요..,,
최고최고,,
주변에서도 맛있다고 극찬✨😆,,
축하드립니다..,,
😄,,
그래도 맛있었습니다. :),,
넘 아쉬웠어요^^,,
무조건 그 자리에서 바로 드세요,,
딱히 맛있지도 않고..,,
세상에서 제일 맛있다는데 어느 세상인지 그 세상에서는 안살고싶음,,
🥰!,,
기대 이상 아니 그냥 쏘굳 ฅ/ᐠ. ̫,,
. ̳^ !!,,
성수에 생겨서 다녀왔어요!!!!!!!,,
쬐고~~~~~,,
진짜 맛있음 ..,,
배부른데도 자꾸 손이가요~~,,
최고에요~,,
-,,
"거의 튀김 꽈배기다
-",,
다음에 또 살 거에요,,
또 가고싶어요!!,,
salt bread,,
성수 주변에 살고 싶다,,
짭쪼롬 고소해요,,
진짜 대박이네요,,
너무 순식간에 일어난 일이어서 .,,
손님대하는건 꽝인데.,,
식감 맛 향 모두 미쳤어요 ㅠㅠㅠ,,
넘맛있어여ㅠ,,
🥐🧈,,
생각보다....,,
아쉬워요,,
맛있네요.,,
애들도 좋아하네요,,
짱짱 맛나요 ㅠ,,
고소하고 맛있어요.,,
맛있어요 ㅠㅠㅠ,,
식혀서 담으셨다보단 온기가 전혀 없었다는..,,
진짜 존맛...,,
ㅎ근데..,,
언제 가쥬?,,
따뜻하고 맛있어요~~,,
일요일 오후여서 그런가,,
너무 맛있어요 ㅎㅎ,,
마니 짜여ㅠ,,
엄청나게 맛있어요,,
진~~~짜 맛있네요.,,
식어도 존맛탱이었습니다,,
좋아요:-),,
세상에서 제일 맛있지 않아요,,
글쎄요..,,
패키지 마케팅의 결과일지도..,,
이제 영종도까지 안가도 되네요 ^^,,
진짜 맛도리 그 자체네요,,
와 진짜 맛있어요… 향도 너무너무 좋고요🥰❤️,,
🥐🩷,,
바로 안드실분들은 꼭 에어프라이어에 돌려드세요!!!,,
엄청난 맛은 아니지만 맛있어요,,
패키지가 귀여워요,,
굿굿!,,
굉장히 맛있습니다,,
맛있긴 맛있다,,
최고네요!,,
화상 입었음….,,
향은 엄청 좋아요.,,
거의 뭐에 홀린듯 삼ㅋㅋㅋ,,
근데 맛있네요 ㅋㅋㅋ,,
크랙은 아니고요,,
낱개 구매 안 됨.,,
😄😄😄😄,,
😂,,
"우와~~~
이거죠",,
냄새부터 환장,,
진짜 맛있어요;; 달라요; 식어도 맛있음,,
굿굿🙏🏼,,
더 맛있습니다!,,
존맛..,,
맛있어서 두 번 감,,
기냥 지나칠수 읍써요!!,,
눈길이갈수밖에없던걸요ㅋㅋ,,
고소하니 맛있어요,,
지나가는 길에 보고 안들어올 수 없었어요.,,
맛나영,,
"뭐~
늦은 시간에 가면 바로 겟",,
성수에도 생겨서 좋아요,,
완전 맛있어요!!,,
넘 아쉽네요 ㅠㅠ,,
진짜 맛있어요!,,
성수동 가시는분들 꼭 사세염!!,,
하지만 너무 맛있어요,,
담백하고 맛있어요!,,
맛이 괜찮다.,,
파인애플 주스도 달고 생과일이라 엄청 맛있었습니다,,
**,,
겉파속쪽의 정석.,,
속은 쫄깃느낌입니다.,,
낮~저녁이 제일 많아요.,,
식감이 좋습니다,,
냄새에 이끌려 살 수밖에 없었어요,,
리뷰 안쓰는데 안쓸래야 안쓸수가 없는 맛이랄까?^^,,
대형 베이커리보다 훨 맛있어요,,
괜찮아요~,,
꼭 한번 드셔보세요!,,
기름 범벅.....,,
"1봉지 12,000원임 ㅎ",,
와 성수에도 생겼네요,,
우연히 지나가는 길에 샀어요!,,
근데 기름이 좀 많은편,,
무조건 들리세요,,
저 믿고 꼭 한 번 드셔보세요,,
근데 이건 살짝 식어도 맛있어..,,
정말 최고입니다.,,
존맛 그자체,,
늨데 넘 여유롬고 좋았어용,,
베이커리도 굿이에요,,
좋아요!,,
*주의*,,
아침에 가면 할인돼요~,,
🤎🖤🥰🥰🥰,,
사진찍기도 좋아요,,
🥰❤️,,
바로 앞 뷰가 좋네요,,
"👍🏻
에그타르트 맛집",,
역시 쎈느!,,
잘 쉬다가 갑니당!,,
💦💦💦 에어컨 바로 밑에 자리잡아서 그런거일수도..!,,
😁😁👍,,
귀여운 마들렌!,,
너무 맛있었어요,,
비쥬얼에 맛도 좋은!,,
🩷 맨 아래 망고 사이즈 최고입니다~,,
"☺️
날씨 더울때 들어와서 쉬기 딱 좋아요~~",,
탁 틔여서 좋습니다,,
자리가 많아서 좋아요,,
편하고 좋네요~,,
"🖤
느좋이에요 뿅 !",,
좋아요.,,
완전 취저💙🩷🩵💜,,
케잌이 정말 맛있어요!!,,
맛잇음,,
"굳
망고~",,
여기가 성수다~,,
멋드러짐!,,
정말맛있어요~,,
😅,,
맛은 쏘쏘,,
🍵🥛,,
🍵🍫 ✨,,
맛있어요!!!!!!! ㅎㅎㅎ,,
2층 구경도 편하구,,
아침에 갔더니 좀 오래걸림...,,
저는 초6ㆍ중3의 자녀를 둔 엄마입니다,,
다음에 기회되면 또 뵙겠습니다,,
좋은 하루되세요,,
새해 복 많이 받으세요,,
따뜻한 아이슈페너~강추!,,
모르겠음 ..,,
🙏,,
부럽당 ㅠ,,
날씨도 좋고 좋네요,,
🙌,,
이색적입니다,,
🍎⭐️🌈,,
애플갸또 짱🤍,,
"💕성수 쎈느💕
옛날부터 가보고싶었는데 드뎌 !!",,
가봄!!,,
😎😎💕💕 재밌었어용,,
콜드블루 에티오피아  맛있네요,,
티라미슈 너무 맛있습니다!!,,
성수동 돌아다니다 넘 더워서 걍 들어갔는데 대박！！,,
핫플이잖아요ㅋㅋ,,
테라스 자리 좋아욥,,
오렌지 카페라떼 맛있어요~,,
쎈느 아아 존맛이에용,,
맛잇어요!!!,,
🌸🌹,,
아쉽다,,
🐻💛,,
강츄👍👍👍✨,,
특히 저 무스케잌 너무 맛있어요ㅠㅠ,,
굿 좋아요!!,,
😍😍,,
아인슈페너는..ㅜ,,
채광 맛집!,,
아인슈페너도 맛있었어요.,,
호가든 포멜로.,,
자몽파운드 너무 맛있네요,,
얼그레이향은 강하지 않아서 불호 없을듯!,,
소르베 맛있어요!,,
맛있어용~~,,
애견동반이라 좋아요,,
케익이 아름답다고 느낀건 처음이네요~♡,,
르세라핌 팝업❤️❤️,,
"★ 르세라핌 컴백 팝업스토어 ★
#언포기븐_들을_기븐이야",,
카즈하아아아,,
맛있었습니다:),,
더스티엠버 시켰는데 향이 너무 좋았네요.,,
무난하게 가기 좋아요.,,
🥺🤍,,
그냥저냥 좋아요,,
☀️,,
자리가 많아요,,
굳,,
Very trendy and aesthetic. Large enough with good amount of tables. Up stairs is a shop with unique fashion items. A little pricy but hip. I think the outside is cooler than the inside. Good for conversation,,
플랫화이트 너무 맛있어요~^^,,
얼그레이 연해요..,,
아인슈페너도 굿굿.,,
2층에서 옷을 판다.,,
버스킹?,,
턱이 너무 아팟어요 ･᷄ ︵･᷅,,
무난하게 괜찮아요,,
즐건제일 3번째 ♥️,,
추운게 정말 제일 싫었어요,,
즐건제일 팝업때 다녀왔어요!,,
처음 가봤는데 맛있었구요~,,
기간한정으로 이벤트도 재밌었습니다!,,
메뉴 너무 귀여워요 ㅋㅋㅋㅋ,,
특별메뉴 흑임자슈페너 맛있고!,,
"에티오피아 모모라 구지 브루잉 — 7500원
아메리카노 — 5000원
저세상 힙알못의 힙한카페 체험기!",,
"🥰
아메리카노도 산미가 잘 느껴져 취향에 잘 맞네요",,
여성분들이 엄청 좋아하실 느낌이군요,,
"🙏💜성수 scene & illionaire💜
.",,
".
.",,
이럴수록 더 힙알못인가요???,,
🤪,,
또 갈게요!!,,
파인애플주스 완전 맛있어요!!,,
많아,,
2층에 전시?,,
🙇🏻,,
거기서 한때 저의 최애 아이돌그룹 멤버분을 마주쳤다는 충격 비밀이!!♡,,
성수동 갈때마다 들릴 예정 ㅎ,,
흠 sososososo….,,
어요,,
아인슈페너 크림 부드럽고 맛있어요.,,
쩝쩝,,
주말엔너무소란스러워요,,
바로 빼버리고 마심..,,
아쉽네요 ㅠ,,
좌석은 적당히 괜찮았어용,,
다만 창가자리는 햇볕 잘들어와서 따가워요,,
수다떨기 좋아요,,
"여럿이서 이것저것 많이 시켰는데, 사실 베이커리류는 아쉽지만 기억이 남는 건 없네요..",,
숨참고 아메다이브,,
1층 창가 햇빛 공격 받기 좋은 자리,,
🔥🤔,,
"이층에 의류, 악세서리 팔고 잇고용.",,
완전 좋아요,,
맛은 평범 모든것 괜찮,,
사진 맛집!,,
용~🐻,,
대박,,
"컵이 칵테일 느낌,,이라 그런지 맛도 칵테일 느낌,,?㉭",,
크럼블🧡,,
골고루 시켰는데 다 맛있어요,,
색다르게 즐기는 핸드드립..,,
맛의 깊이가 다릅니다,,
"🎉
굿👍",,
8500원..,,
앙냥냥,,
b,,
발렛비용3000원이네요~,,
사진찍기 좋아요~,,
폴로폴로 ㅋㅋㅋ,,
베이커리는 맛없음,,
날이 좋아 테라스에 앉았는데 좋았어요,,
☺️☺️☺️,,
개인적으로 종이컵 두겹쓰는건 바뀌면 좋겠어요..,,
맛있고좋아요~,,
얼그레이 마들렌은 딜마 얼그레이랑 잘 어울린다!,,
티라미슈가 맛있었음!,,
아메리카노가 진짜 맛있네요~~^^,,
"너무 자주 갓엇지만, 좋아용ㅋㅋ",,
맛있어용 ㅎㅎ,,
모이기 좋아요,,
굿에용🦭✌🏻,,
😛🙌🏻,,
맛 괜찮았어요!,,
사진 스팟이 좋아여,,
좋아요~,,
사진맛집!,,
대형트리 짱,,
좋아요 ~~~~~~~~~~~~~~~,,
미적지근..,,
그거 빼곤 좋았습니다,,
빵마슷~,,
맛업성 ㅡㅡ,,
테라스조아요,,
얼그레이 케익도 굳!,,
하얗고 널찍.,,
다음엔 꼭!,,
2층 꼭 올라가보세요!,,
"인스타 핫플.,",,
조심,,
티라미슈 맛있어요!,,
얼그레이케익대박!!,,
잘 마셨어요,,
잘 마셨습니다,,
우유에 사과랑 시나몬향이 만나서 좋아용,,
워낙 핫풀이구요.,,
맛이 보통.,,
맛 별로예요,,
좋습니다,,
ㅋㅋ비싸네ㅡㅡ 퀼리티 별루,,
아인슈페너 맛있음,,
평일엔 북적거리지 않아서 좋았네요,,
2층은 리뉴얼중이라 못봤어요ㅠㅠ,,
애견 동반되서 좋아요,,
홓ㅎㅎ,,
핫하고 맛있고 사진맛집😘,,
좋아요~!!,,
좋아요 !,,
"그냥 쏘쏘,,",,
맛이 ..,,
하나도 없다,,
냠냠 담에 또 갈 예정,,
너무 좋아요,,
맛있어여,,
이젠 성수동 렌드마크,,
아바라는 맛있었는데 플랫은 비추입니다,,
😜😝😘🥰😍😛,,
역시 핫플레이스입니다.,,
이곳은 사진맛집 :),,
맛은 소쏘,,
햇빛맛집,,
맛있어요~~,,
인스타 핫플🔥🔥🔥,,
아르코 짱짱짱,,
너무너무 좋아요!!,,
얼그레이 케익 맛있어요,,
맛있어요:),,
#성수동카페 #아르코,,
주변이 다 낮아서 그런지 5층만 올라와도 체감 20층 느낌이에요~,,
다음에 또 가보고싶어요,,
살짝 아쉽,,
⭐️⭐️⭐️⭐️⭐️,,
주말이라 꽤 시끄러웠지만..,,
할미입맛들 모여라,,
🍵,,
달지 않아 너무 좋았어요!,,
성수동 갈 때마다 들려요.,,
맛있어요 ㅜㅜ,,
많이 달지 않고 맛있었어요.,,
진심 강추드립니다,,
bb,,
쑥향이 진하고 부드러워요,,
넘 좋았습니다,,
거짓말 보탤 것 없이 정말 10분 이상 쉬지 않고 사진만 찍더라고요…,,
🍵🪷,,
쑥말차아포카토 존맛,,
맛이 더 강합니다.,,
하지만 맛있었습니다.,,
쑥티라미슈가 미쳤뜹니다,,
힐링돠는  주말 오후 티타임이었습니다.,,
😆😆😆👍🏼👍🏼👍🏼,,
젤 좋아하는 장소!,,
호지차 정말 맛있었고 한번 더 주시는 것도 좋았음,,
또 들릴게요~~~!,,
넘 달달하니 맛잇엇어요,,
튼 쑥 에디션이었음..,,
"It was nice to drink tea quietly. 
The city view was great and the tea was delicious. 👍 👍 👍",,
이것도 많이 달지 않아 좋음.,,
호지차를 엄청 좋아하는데 역시 맛있었어요!,,
부모님 모시고 갔는데 너무 좋네요,,
천사신가요..?,,
운좋게 창가좌석에 앉았는데 뷰가 좋았어요.,,
언젠가는 혼자서도 한번 가보고 싶어요~,,
탁 트인 통창이라 뷰가 너무 좋구요 ㅠㅠ,,
진짜 초초대박 맛도리!!!!!,,
진짜 넘 맛있었어요!!,,
감동♡♡♡ 호지차 마들렌도 부드럽게 맛있었어요!!!!!,,
쑥 아포카토 맛있네요~,,
💕 그래두..,,
에에~~,,
탁 트인 분이 너무 좋아요 ♥,,
매니저님(?),,
🍵🍀🤍,,
쑥티라미스가 쑥맛이나 향이 강하지않고 부들부들 맛있어서 좋았어요.,,
저는 그걸 물어본게 아닌데요 ..,,
쿄!,,
할매입맛인 저희에겐 최고!,,
1인 1티라미쑥해~,,
부모님이 너무 좋아하셨어요,,
날씨 좋은 날.,,
⚠️,,
🖤✨,,
😲,,
쑥라떼 체고,,
6800원짜리 두유...,,
너무 좋았습니다,,
강추입니다!,,
👍🏻 존맛탱구리에요,,
🍵🐅😊,,
꼭 드세요,,
👍🏻🫶🏻,,
근데 쓴맛도 없어요..!,,
귀여운 스탬프 쿠폰도 찍어주시는데 5번찍으면 한 잔이 무료 .!!,,
🔖,,
😌🤎,,
🫶🏽💚,,
다 맛있는데 여기 성수역 바로 5층 꼭대기라 뷰가 좋아서 사진찍기도 좋아요,,
여긴.,,
양은 적음 ㅋㅋ,,
또 찾아오고싶어요.,,
"5층, 찾아오기 힘듬",,
🍀,,
신사점가봤는데 성수에도 생겨서 가봤습니다,,
자주 가야겠어요 :),,
"🤍🤍 여기는 무조건 가셔요,,🙌",,
🫖,,
다음에 꼭 다시 가고 싶어요ㅎㅎ,,
대박이징?,,
제대로 잘 우려서 주십니다.,,
🥹👏👏,,
🍵🍃,,
"일부러 찾아가
맛과 여유를 누리고 싶은 장소입니다.",,
☺️),,
더워서..,,
뷰도 좋고 맛있어요,,
루프탑도 가보고싶어용,,
쉬다가세요~,,
호두 떡구움,,
다음에 또 갈게요!,,
어머니랑 같이 갔는데 너무 좋아하셨어요.,,
🐰😇,,
성수동 직장인이에요.,,
😎💟,,
떡구움,,
🥹💛,,
다음에 또 가고싶네요,,
성수에 이런 데가 생기다니 너무 좋습니다,,
😊!,,
제취향이었어요!!!!!,,
다음에 성수가면 또 가려구요~,,
전체적으로 넘 힐링이었습니당..,,
💘,,
쑥향이 좋았고 맛은 부드러웠다,,
🍵💚,,
"https://www.instagram.com/seoulwalker2018
https://blog.naver.com/seoulwalker2018",,
자주 갑니다,,
쑥라떼 꼭드셔셔보세요,,
핵맛,,
오래오래 성수동을 지켜주세요:),,
여긴..,,
그래도 전 맛있었습니다:),,
최고.......,,
진짜 제발가세요.,,
너무 좋았어요!,,
제가 이런 느낌을 너무 좋아해요,,
그렇게 바글바글 시끄럽지 않아서 더 좋았어요,,
적립도 잘 챙겨줘서 좋아요,,
펌킨파이랑 바닐라빈은 그냥그냥,,
오늘 마신 카페라떼도 너무 맛있네요~,,
산미 / 고소 아메리카노 진하고 맛있어요.,,
스카치라떼가 아주 존맛!!,,
근처라 자주갑니당,,
컴오프~ 나이스ㅡㅡ,,
의자도 편하고 즐기기좋아요!,,
이거...,,
아주 나이스 흑임자맨,,
맛없음,,
양적음,,
조용히 책읽거나 얘기 나누기 좋아요!,,
A블랜드 마셨는데 맛있더라구요~,,
맛이~좋아요,,
전형적인 성수동 까페입니당… 힙해요힙해,,
최고!!!,,
조아요조아요,,
조아요 조아요,,
다음에 다른 것도 마셔봐야겠어요,,
비엔나 너무 맛있어요!!!,,
< 프롤리 블렌드 아메리카노 ice - brewing >,,
블랙?,,
"💓
슈스틱 최애예요!",,
스벅보다여기가 나아요~,,
뚜껑 랩 포장지가 귀엽네요.,,
그리고 손님이 별로 없어서 여유롭게 잘 쉬다 갑니다 !!,,
맛있어요.! :),,
굿.,,
조카가 무척 좋아해요.,,
"아메리카노(ESP): 3,700원",,
아메리카노 간단히 축이고 가기 충분하다.,,
😣,,
진심으로 조언드립니다.,,
망고+화이트펄은 꿀조합이죠,,
굳굳,,
브라운슈가주얼리는 언제나 진리입니다,,
버블티,,
항상 저녁에 가서 그런지 신상은 품절일때가 많더라고요,,
다음엔 좀 더 일찍 가야겠어요,,
1시간정도 시간 보내고 맛있게 마시고 감니다!,,
버블티 쫀득하고 달달해서 맛있어요,,
1시간동안 계속 당함.,,
양도 많고 정말 맛있었습니다!,,
응료 맛있어요,,
좋아요~~~~,,
품절이 빠른건지 안들어온건지..,,
"역시 공차
다",,
공차 공차공차🤍🤍🤍,,
펄이 맛있어요...,,
시원하고 맛있어요,,
딸기쥬얼리 맛있어,,
유 🍓,,
위장장애환자에겐 공차가 좋아요,,
맛있고 좌석많아요,,
망고스무디 맛있어요,,
얼음 less시켰는데 얼음이 많았음ㅜ,,
공차 좋아요,,
맛있어요! :),,
달달하니 맛있네요,,
딸기주얼리 맛있어요~!,,
좋았어요ㅎㅎ,,
맛있어요 ㅜ ..,,
엄청 빠르심~~,,
요즘에 빠진 공차커픠,,
공차는 언제나 옳지요,,
좋아여,,
피스타치오 너무 맛있어요!!!,,
타피오카 쫄깃쫄깃 좋아요,,
맛있서용~~,,
오오옹,,
당도가 적어서 좋아요,,
망고요구르트맛있어요,,
좋음.,,
공차 맛있어요!,,
망고 요쿠르트!!!!,,
망고스무디는 공차가 👍,,
품절된 메뉴가 너무 많아요,,
맛있어용~~^^,,
골든펄 맛있어요,,
돌체크러쉬 위드샷 맛있어요,,
서울숲점 맛있어용,,
진짜 기대되네,,
납작복슝아스무디💶💖,,
엥 ㅇㅅㅇㅋ,,
우롱차 조와요,,
공차 맛있어요,,
배달빠르고 맛있어요~,,
공차맛있어요,,
그릭요거트 존맛탱,,
딸기청 많아서 맛있어요,,
그냥 공차 별다를것없음.,,
서울숲역과 뚝섬역 사이,,
"밤하늘의
펄~ 쫀득 ㅋ",,
가기 편해요,,
이번꺼 맛있었어요,,
물탄느낌많이듬,,
좋아요 ㅎㅎ,,
펄 양이 다른 지점보다 적어요,,
역시 맛있어요,,
펄 양이 다른 지점에비해 적어요,,
다른 프랜차이즈보다 키오스크가 편해용!,,
앞으로도 계속 갈 예정입니다.,,
실패없는 대기업의 맛,,
배달되니  편하네요,,
"그냥 so so
바빠서 그런지 걍 대충대충",,
민초 스무디 짱맛,,
공차는 맛있다,,
무난한 공차,,
알로에 넣어드세요,,
공차 조아!,,
여기는 펄도 많이 주셔서 더 조아요!,,
"짱 좋아요
ㅡ",,
ㅈ자몽그린티...,,
진짜맛있다구..,,
마싯어여~~~,,
굿굿맛있어요!,,
긋!,,
할인받았어용,,
이때는 맛이...,,
🌝,,
요요용,,
서울숲 열심히 걷고 당충전 완료!,,
퇴근  늦어서  문 닫을까봐,,
부자되실거에요!!,,
맛이좋아요.,,
원쁠원 좋아요:),,
짱 맛나게 먹았심다,,
짱맛,,
별로에요,,
당연히 빨대며 홀더도 안줬습니다.,,
공차 너무 맛있어요,,
자몽 그린티,,
아주좋아요,,
역시 공차 너무맛잇읍니당,,
펄이 진짜 맛있어여^^~,,
자몽 그린티 맛있어요,,
빨대ㅠ안챙겨주심,,
배달도 빠르네요,,
단골,,
공차 너무맛이ㅛ어요,,
왜 이렇게 맛있냐는....,,
쏘쏘..(,,
공차는 언제나 맛나쥬?),,
버블티 맛나요,,
공차 오랜만,,
좋아요~~~~~~~~~♡♡♡♡♡♡♡♡♡♡♡♡,,
다른지점보다 펄이 맛있어요,,
쿠앤크초코스무디 맛있어요 ㅠ,,
알바생은 펄을 조금만 넣어줘서 너무 아쉽,,
걍 체인점 맛남,,
그래도 맛은 짱,,
맛있어요 :->,,
초코가 진짜 달달하고 맛있어요!!!,,
공차는 언제나 맛있어요,,
괜찮아요.,,
쏘쏘~~,,
굿 서울숲갈때 좋아요,,
키오스가어렵,,
청포도스무디+알로에 조합 최고,,
"#블랙밀크티+펄J
레귤러아이스 당도50%
핵꿀맛",,
괜찮아요~~,,
공차는 늘 맛있습니다 :),,
공차좋아해요,,
아아,,
😚🍂🤎,,
플랫화이트 찐하고 맛있어요!,,
굳!!!,,
맛있습니당!!,,
완전 분좋카...,,
너무 맛있어요!,,
강아지랑 동반이라 좋아요,,
맛있어용!!!,,
아아랑 플랫화이트가 맛있어요!,,
🥹🥹,,
잘 즐기다 갑니다,,
엄청 부드럽고 폭신폭신 최애 프토가 됐어요♥♥,,
치즈테린느 강추드립니다..,,
너무 달지않고 맛있어욤,,
테린느도 맛있고 잠깐 쉬다가기 좋아요!!,,
매우 맛잇음,,
",,,하핳ㅎㅎ",,
오렌지 소르베 강츄츄,,
#협찬,,
살짝 바람이 살랑살랑 불어서 선풍기 없이도 야외에서 마시기 좋았어요.,,
완전 맛있네요!!,,
🤤🤤,,
진짜 테린느 맛집!!!!!!,,
테린느 맛집으로 저장 꾹 🤎🤎,,
시원해요,,
맛있습니다~,,
맛있더욤,,
💗🫳🏻,,
미니 테린느도 너무 맛있어요!,,
#오렌지레몬소르베,,
🍊🍋🍧,,
크레마쵝오~~,,
🍊🍋☕️,,
피그누아르 진짜 맛있어요!,,
완전 맛있어요 !!,,
💖🥳🥳,,
음료수도 너무 맛있고 역시 프.,,
😍 맛있어요,,
커파 맛집이에여,,
들어왔어요~,,
무화과 향이 좋아요:),,
소르베 너무 맛나요,,
💛💛,,
😘👍👍,,
저는 4등,,
편히 쉬다 갑니다!,,
테린느가 너무 맛있어요 ㅎㅎ,,
잘마시겠습니다 ~,,
☺️🍞🧈💛,,
굿~~~~,,
♨️👍🤙🏿,,
재밋는 뽑기 이벤트까지 !!,,
"경품 뽑은 미니 테린느
넘.",,
귀,,
여전히 너무 너무 맛있습니다.,,
크로플이 너무 맛잇어요,,
🤍💗❤️,,
올라가는 크림이 부드럽고 달달하고 진했습니다,,
존맛탱,,
느좋이에요,,
#성수동카페,,
진짜 맛있어요.,,
좋아요!ㅎㅎ,,
🫰🏻,,
🤍🍞☕️,,
치즈테린느도 맛있어요!!!!,,
그럴 거면 직접 가져가게 시키시지 ㅎ..,,
🐶,,
brrrrrr~~~ skrr.!,,
☕️🤍,,
너무 좋네요~^^,,
☺️☺️,,
바깥 자리도 날씨 좋으면 앉고싶어요,,
🥰🤍,,
🤤🤤🤤😘,,
🫀,,
👏🏽🤎,,
스테포스트 브라운 정말 맛있네요!!,,
🔥👍,,
"스테포스트 브라운,블랙 둘 다 너무 맛있어요!!",,
출근전 오픈런으로 갔어용,,
😉❤️,,
!~!!!!,,
프토 진심 미쳤어용,,
😊😊😊😊,,
굿굿입니다~,,
프토 너무 맛있어요,,
테린느가 너무 맛있어요,,
성수 느좋카페...,,
진짜 너무너무 맛있어요ㅠㅠ,,
우석이 보고싶어요!!,,
성수 느좋카👍🏻,,
강추 ♥️,,
🫠🤍,,
스테포스트 브라운 두 잔시켰어요!,,
미친 너무 맛있다.,,
. .,,
.🤎,,
😄☺️,,
맛있어영!!,,
맛도최고 성수동.,,
와 미친 테린느 진짜 맛있어요,,
다들 드세요ㅠㅠ,,
💕👍,,
맛도좋아요,,
오늘은 날이 흐린데도 넘 좋아요!,,
😗,,
잘 쉬다 갑니다~̆̈ ~̆̈ ~̆̈,,
💆‍♀️💆‍♀️🤍,,
🤍🪽,,
🥨 ₊🥛꙳ . ꒱,,
요즘날씨에 너무 좋아요!,,
느좋카페!!,,
😚☕️,,
날씨도 좋아서 테라스 즐기기도 딱이었어요!!,,
"❤️
네이버 지도에 저장 ✨",,
다음에 지나가다가 또 들러볼게요~,,
힐링🫶,,
☺️🍀,,
날이 좋아서 야외자리 앉기 좋아요!,,
완전 느좋카페!!ㅎ,,
🥰🥰🥰 일단..,,
"❤️
크로플맛집!!",,
맛있어용ㅎㅎ,,
스테포스트..,,
다들 인생샷 건지고 가세요 ㅎㅎ,,
😊😊 배지도 넘 귀욥,,
시그니처메뉴도 맛있네요,,
많은 이유가 잇네요 !!,,
🌸🌸,,
야호!!,,
🤗🩵💭,,
🍊🧡,,
"날씨가 좋아서 올해 처음으로 
테라스에 앉았어요~",,
🫰🏻💗💗,,
여기 햇살 맛집이에요..,,
남들한테 알려주기 싫어요!!!!,,
테린느 맛있어요♡♡,,
🤎🤎,,
스테포스트 블랙의 흑임자가 고소하고 맛있네요~~,,
변우석 배우님 인스타 보고 간 스테포스트.,,
덕분에 좋은 시간 보냈어요:),,
성수 느좋카페...!,,
너무 마시써용!,,
🩷🩷🩷,,
🥹🤍,,
👍🏻🙂‍↔️,,
앗🫶🏻,,
진짜 맛있었어요!,,
"🥲
평일에 종종 갈게요-!",,
주방과.,,
홀이.,,
"급 들어왔는데, 마음에 들어요!! :)",,
스테포스트 브라운 강추합니더,,
🌷🌸,,
리뷰 쓰니 또 마시러 가고싶네요~,,
아메리카노와 크로플 맛있습니다!,,
너무맛있어요…….,,
근데 해동이 덜 되었다고 하샸는데 살짝 얼어잇는게 역대급 맛있어요…………….,,
Love itt,,
의 강아지도 너무 귀여웠구...(,,
더위를 피하기 너무좋다 +,,
🍰☕️,,
스테포스트 브라운..,,
👍😆,,
또 갈 예정이애,,
☄️☄️,,
스테포스트 브라운 맛있습니다.,,
스태포스트 블랙 꼭 드셔보세용 !!!,,
.스테포스트라떼가더괜찮네요..,,
🌱,,
🫶🏻 모두 드셔보세요ㅠㅠㅠ,,
☺️💓,,
😊😊,,
오픈 축하드립니다,,
👍🏻🌱,,
좋아요~!,,
명성 만큼 너무맛있었습니다!!!,,
맛있어요 !!!,,
너무 맛있어서 사진찍는것도 잊었어요,,
🌈,,
파인콘 맛있어요!,,
장소가 좋아서 편하게 놀다갑니다 :),,
덕분에 잘 쉬다갑니다,,
💗💗💗,,
시그니처 스톤 슈페너 꼭 드셔보세요!!,,
파인콘 맛있어요,,
🌿😊,,
🍰🍰,,
겉바속촉👍,,
제 원픽은 스톤슈페너 입니다,,
매우 👍,,
민트가 향이 엄청 좋았어요,,
잔이 뜨거워서 ㄷㄷ 하지만 진ㅋ자 진하고 맛있었어요,,
향과 맛이 좋내요,,
🫶👍,,
에스프에서 종류가 많아서 좋아요,,
그뤼테 넛 슈페너랑 아인슈페너 시켰는데 둘 다 밸런스 좋고 달지 않아서 퇴근 후 마시기 딱 좋았어요.,,
너무.,,
맛나네요~~,,
꼭.,,
파인콘 부드럽고 맛있어요,,
😀😀😀,,
너무 맛있네요.,,
.ᐟ,,
🤭🤭,,
카페크레마 너무 맛있어요.,,
시그니처 대표메뉴가 맛있어요.,,
구테로이테 첨 마셔보는데 최고네요,,
좌석도 편하구 조아요!!,,
식후 입가심으로 시킨 구테로이테 시켜봤어요,,
핫초코도 찐하구 맛있어용,,
.,,
맛있네요,,
원래도 구테로이테 좋아하는데 성수에서도 너무 맛있게 잘 마셨습니다!,,
외관도 멋지고 맘에들어서 들어왔어요,,
오늘은 gute Leute coffee bar에 다녀왔어요.,,
맛있어용 ~~~,,
두둑히 사서가네요 &^,,
그러니까 꼭 드셔보세요!!,,
너무 맛있숩니다,,
여전히 맛있는!!!!,,
무심코 들어왔는데 여기가 핫플이였네요~,,
너무 맛있네요~,,
진하고 고소해용,,
저는 다시 다른 메뉴 도전!,,
유자차 JMT입니다!ㅎㅎ,,
물론 맛도 좋습니다,,
스톤슈페너 완전 맛있어요~!!!,,
유자차도 강추,,
스톤슈페너 고소하고 너무 맛있네요 :),,
정말 맛있어요!!!,,
"사진 먼저 찍었어야 됐는데 
생각보다 양도 많고 맛있어요",,
노멀 클래식 코스 너무 취향저격이에요~,,
다들 🚨🚨🚨🚨🚨🚨,,
😊☕✨,,
◜o◝,,
💚💚💚,,
잘 마시고 갑니다,,
좋습니당,,
#성수맛집 #성수소금빵 #구테로이테 #성수카페,,
아메리카노 맛있어요,,
그리고 사진맛집이에요,,
굿굿 ㅎㅎ,,
파인콘 꼭 드셔보세요^^,,
😊👍,,
🌿,,
더워서 땀 식히러 들어왔는데 너무 좋네요 ㅎㅎ,,
아인슈페너가 진짜 맛있어요.,,
프랜차이즈랑은 비교 불가.,,
"그게 진짜 맛있어요, 조그만한 각얼음도 같이 들어오구요!!",,
편하게 쉬기 좋네용~~,,
잘 식히고 갑니다,,
다음에는 시그너쳐 6종 코스를 즐겨보려고요,,
너무 좋아요^^,,
맛잇어요!!,,
구테로이테~!!,,
"적당한 고소함이 느껴지고, 산미는 강하지 않다.",,
간 얼음이라서 너무 좋네요,,
달달구리 딱조타,,
🎃,,
아포카토 맛있어요 !,,
🍹,,
사진 찍기도 좋아요,,
👍🏻👍🏻💙💙,,
색다릅니다,,
전체적으로는 그닥..,,
구테로이테 생각보다 너무 맛있어요!,,
오랜만에 구테로이테!!,,
맛도리,,
💙💙💙💙,,
아인슈페너 진짜 맛있었습니다.,,
맛은 더 합격!,,
강추에요!,,
아이들도 좋아해요^^,,
더위 피해 들어왔는데 1도 안시원해요...,,
너무맛있어요 !!,,
단골입니다~,,
구테 넛 슈페너 마셨는데 엄청 고소하고 맛있어요,,
넘 맛있어요!!!,,
리치에이드 강추ㅎㅎ,,
3^,,
초코모카토르테 도 적당히 달고..,,
냠..,,
원래 계획엔 없었는데 근처를 지나던 중 잠깐 쉬려고 들렀어요.,,
덕분에 잠깐의 휴식이 제대로 힐링이 되었네요.,,
강추입니다.,,
여기 롱블랙이 찐이에여ㅠ,,
역시 맛이써..,,
전국 구테로이테 도장깨기 중입니다 ㅎㅎ,,
💖🥹,,
강추^^,,
good!!,,
그라나따 맛있어요,,
좀…,,
길 가다 들렸는데 생각보다 더 맛있네요~,,
시그니처메뉴들도 다 맛있어요,,
일상의 해방감 너무 좋았습니다,,
너무 맛있었어요.,,
구테로이테 짱맛!,,
성수에서 걷다가 더워서들어왓는데 너무맛있네요,,
크림도 부드럽고 맛있어요,,
걷다가 너무 습하고 힘들어서 들어왔는데 좋아요 !!,,
💫💫💫,,
시그니처 메뉴는 꼭 드셔보세요,,
오미자 아메리카노랑 구테넛슈페너 시켰는데 맛있어요♥,,
역시 너무 맛있어요.,,
화이팅🌿,,
콜드브루도 향이좋네요,,
길가다 홀린듯 들어왔어요!,,
👏🏻잘 마시다 갑니당,,
에스프레스 맛집 좋아요 ㅎㅎ,,
강아지도 되서 좋아용,,
👍💗👍💗,,
카페크레마 맛있어요,,
플랫화이트 맛남,,
그냥 들어온 구테로이테 ..,,
그냥 들어왔는데..,,
실망 스럽지않다..,,
그라니따 상큼 시원하고 맛있어요.,,
베이커리가 일찍 소진되어 아쉬워요,,
구테 넛 슈페너 넛트 식감이 좋아요,,
아인슈페너 안쓰고 맛있어요,,
구테 넛 슈페너 너무맛있어요,,
카페크레마 너무 부드럽고 맛있어요!,,
🍋,,
담백하고맛있어요.,,
맘에 들어요,,
요 좋아요,,
롱블랙 맛있어욤ㅜ.ㅜ,,
🍓☕️,,
맛도 좋고 눈도 너무 좋았어요,,
커파가 맛있어요.,,
👍 최곰,,
요,,
☕️❤️,,
팝업으로 지칠 때 들이키기 딱...,,
아메리카노가 고소하고 맛있어요,,
역시 맛있어요^^,,
시그니처 다 맛있습니다,,
맛있습니다!,,
믿고 마시는 구테로이테,,
너무너무 맛있어요,,
특히 얼그레이 들어간건 너무 맛있네요!,,
맛있고 편하고 좋아요,,
여기 성수 찐맛집입니다,,
자리도 생각보다 많았어용 !!,,
구테 넛 슈페너 굿!!,,
역시 존맛탱메뉴🍀,,
쵝오☺️,,
맛있습니다~~~,,
맛잇어요~~~!,,
성수 다니면서 잘 쉬었습니다. (여행중),,
스톤슈페너는 첨인데 굉장히 맛있고 감동적입니다.,,
넘 맛있네요!,,
너무 좋은 장소네요,,
캐모마일 리치펀치도 달달하니 맛있네요!,,
여전히 맛납니다,,
좋은 시간이 되었습니다.,,
점심되니 없어요.,,
강남구청역 지점 잘 가는데 성수동에도 생겨서 반갑네요^^,,
맛있어용!!!!!!,,
파우더의 향이 한번 딱!,,
강~~강추~~~입니다!,,
정신없는 성수에서 여유 잇고 자리 편해요!!!!,,
넘 맛있게 마시고 갑니다!,,
다만 베이커리는 이미 많이 나갔더라구요,,
케잌도요.,,
오미자 아메리카노 맛있어요,,
🩷🧡🩵,,
항상 2잔 마시고 갑니다~,,
오랜만에 힐링 ^^,,
다른 지점들도 가보고 싶네요~,,
꼰파나 와 롱블랙 시켰는데 너무 맛있어요♡,,
롱블랙도 너무 맛나요♡,,
향도 정말 좋았습니다.,,
플랫화이트..,,
엄청 부드러움,,
"나들이,데이트장소 강추입니다~~~~~♡",,
좌석도 많아서 편안히 즐겼습니다.ㅎㅎㅎ,,
짱맛잇어요,,
속상한 마음 위로받고갑니드..,,
🎈🎈,,
역시 구테로이테입니다,,
초코 좋아하시는 분들은 겁나 좋아하실 듯.,,
지나가다가  구테로이테 간판보고  들어왔어요.,,
역시 명불허전.,,
좋아요~~!!!,,
아메리카노 맛도 굿굿,,
맛집,,
강남구청역에서 우연히 알게 된 구테로이테.,,
역시 최고👍,,
맛있고,,
모두 최고!,,
성수에도 구테로이테 생겨서 너무좋아요,,
구테로이테는 꼭 드셔보세요!!!!,,
저는 에쏘파였음.,,
🩷 채고채고,,
여전히 맛있어요,,
다리가 아파서 잠시 쉬어가는데 아주 편하네요,,
취향저격 탕탕!,,
좋은 시간 보내고 갑니다!,,
맛본 아인슈페너중에 최고예여^^,,
"몽블랑과 캐모마일, 아아마셧는데 조합이 좋았습니다!!",,
플랫화이트 시켰는데 아주 찐하구 맛있어요,,
분위도 좋아요.,,
흐흐,,
"I didn’t expect the coffee to be cold, but it was delicious!",,
I will come back!,,
오미자 아아 넘 맛있어요!!!!,,
마셔본 아인슈페너중에 최고예여,,
케익도 진짜 다 맛있어요^^,,
너무 마싯을께..,,
특히!,,
너무 맛있게 잘마셨어요!!,,
크림은 좀 달달한 편이었어요.,,
맛있는 꺼피와 쇼콜라.,,
플랫화이트 진짜로 맛났습니다.,,
오늘은 싱글샷💛,,
강추에요,,
"😋
담에 또 가겠습니다~",,
향과 맛의 변화가 항상 재밌어요,,
구테 넛 슈페너 맛있어요!!,,
그리고 맛도 좋구요.,,
😍✌🏻,,
연무장길에서 멀지 않아서 좋아요,,
카피가 너무 맛납니다 !,,
강추입니당,,
☺️👍,,
구테로이테 성수 좋아요 :),,
🤎☕️,,
없어진 거 보니 존맛탱이엇을 거라고 예상 ㅎ..,,
대신 시그니처드세여..,,
플렛화이트는 맛없어요,,
자리도 많아요,,
지나가다가 우연히 들렸어요!,,
분의기가 너무 좋네요,,
성수의 젊은 느낌이 느껴지네요,,
향이랑 부드러움 끝내주네요.,,
콘파냐 맛집 입니다,,
찐맛집으로 인정입니다!!,,
플랫화이트 너무 고소해요,,
☕️💖,,
멋있어요!,,
:D,,
역시 맛있었어 ㅎ,,
따로노는 맛이랄까..,,
시그니처 메뉴는 달달해요,,
넘 좋습니다~~~~~~,,
또올개요,,
너무 맛이썽요 역쉬...,,
🍎🍅🍎🐣,,
사진 찍기도 전에 원샷 때렸네요..,,
지나가다 들어온 것 치곤 너무 좋아요!,,
둘 다 너무 맛있어요.,,
조금 후에 터지니 사진 빨리 찍으세요,,
여전히 손님이 많네요!,,
장점 : 넛슈페너 - 너무 달지고 않고 그렇다  쓰지더 않고 딱 맛남,,
굿초이스 입니다ㅎㅎ,,
구테로이테 !,,
! !,,
"❤️
완전 반했어요!!",,
❤️💕,,
멈넘맛잇어요,,
💗...,,
흑( T⌓T) 너무맛있어요,,
달달하고 맛잇었습니다^♡^,,
엄청 맛있어요ㅠ,,
당충전완료!,,
넘맛있어요,,
분위가 너무 좋아요~!!,,
👐🏻 카스테라떡도 넘 맛있었네요~,,
플랫화이또…..,,
이천쌀 스무디 너무 맛있어요 !!!!,,
꼭 드셔보새요 ~~~,,
🫶🏻🫶🏻,,
굿즈 샀어요,,
성수동 핫플 구테로이테 너무 맛있어요!,,
강추강추!!!♡,,
강남구청역 구테로이테 단골!!,,
수정과콜드블루   너무 맛있어요~~,,
플랫 화이트가 정말 맛있습니다.,,
리본페스츄리 강추요~~,,
🫡🫡🫡,,
아인슈페너 마싯어요 최공,,
성슈 맛집 >.<,,
너무 좋네여,,
😁😁,,
아인슈페너 너무 달지 않아서 좋아요.,,
요!,,
가격대도 저렴해요,,
일단 비주얼 합격!,,
아몬드 휘낭시에 진짜 맛있어욤!!!!,,
🔶플랫 화이트.,,
너무 맛있고 좋아요!!!~~,,
!!!!,,
강아지 물도 챙겨주시고 감동입니다,,
🤍🫶🏻🍀,,
롱블랙 맛있네요,,
아인슈페너 진짜 맛있어요,,
특히 콘파냐 개추,,
단체 모임으로도 딱이에요,,
둘다 튀는맛없이 밸런스 좋고 가볍게 마시면서 쉬다 가기 좋습니다,,
🥹💕,,
자리가 많아서 혼자서 시간 보내기도 좋아요,,
크림이 맛있어용,,
평소 아인슈페너를 좋아해서 시켜보았습니다!!,,
마들렌이 딱 달달하고 고소하니 맛있네요 ㅎㅎ,,
맛있대요.,,
너무 맛있고 감성도 좋아요.,,
마시다가 찍었어요,,
와….,,
범죄야,,
그건…..,,
시그니처라 그런가~~^^,,
🥺😍,,
오늘은 딸기타르트에 플랫화이트한잔!,,
♥️♥️♥️,,
😍 👍,,
👍🏻👍🏻👍🏻👍🏻,,
일단 시그니처는 꼭 다 맛보시길.,,
마들렌 최고❤️,,
베이커리류도 종류가 많습니다,,
롱블랙 맛있어요~~!!,,
네요!,,
성수동에도 구테로이테가 생겨서 넘 좋아요!,,
베이커리도 많아서 좋아요!,,
"마쉬써요옹 😆
사진맛집~
셀카하나 획득",,
너무 맛있어용~!,,
엄마도좋아해요,,
"🙌
더불어 시그니처 메뉴에 퀄리티도 정말 좋네요!",,
🙇‍♂️,,
꼭 쭉 마셔보세요 !,,
개인적으로 아인슈페너보다 맛있는 맛이었어요,,
제과가 맛있음,,
좋아용,,
맛있습니다!!!,,
"조금 흘렸지만,, 유자버블브루 새콤하고 맛있습니다",,
😚🫧,,
몽블랑도 맛있고 진짜 진짜 너무 맛있어요,,
시끄럽지않아서 더 좋네요,,
👍🩷,,
😃☕️🍞🥐,,
🎁,,
🥐🥨🧁☕️,,
롱블랙 넘 맛있에요,,
ㅎㅎㅎㅎ진하고 너무 좋아요.,,
헤헤,,
베리에이션밸런스도 너무좋아요.,,
오픈 시간이 빨라서 좋아요.,,
롱블랙 맛있었습니다.,,
🤍🩵,,
두근거려요,,
기가막힙니다,,
기가막혀요,,
맛나용,,
비주얼에서 일단 합격!,,
엄마도 좋아하시네요,,
참 맛있어요^^,,
여행중 우연히 들어왔어요,,
짱 맛있어용,,
짱이예요요,,
🙂🙂,,
다른 지점도 가봐야겠어요ㅠㅠ,,
최고!,,
단골입니다.,,
여기 정말 맛있어요.,,
또 놀러올게요,,
🤗🤗,,
진짜 맛있어욤 ㅎㅎㅎㅎㅎ,,
♥️♥️♥️♥️,,
오랜만에 들러본 성수동!!,,
가볍게 들리기 좋습니다ㅎㅎ,,
들어올 땐 여유로웠는데 순식간에 만석이네요,,
구터로이테 에쏘마셨어요,,
ㅎㅎ❤️,,
확실히 농도 짙고 깊은 게 새롭고 맛있네요ㅎㅎ,,
맛엤어요 구테로이테!,,
고소하고 맛있어요!,,
오늘도 잘 마셨습니다~!,,
울라프 눈사람 넘 귀여워요 ㅋㅋㅋ,,
달달하니 맛있어요 ( ◜⤙◝ )♡,,
너무 맛있어요!!!!,,
이곳만의 개성이 강해요,,
ㅣ맛이잇네요,,
😇😇🙏🏻🙏🏻,,
맛잇고좋아용 ㅎㅎㅎ,,
디져트 너무 맛있어요,,
성수 핫플을 즐기기 좋아요~,,
구테로이테시그니처 진짜 맛있네요!!,,
🥖🍞🥯🥐☕️☕️,,
최고😀,,
역시 구테로이테~~!,,
최공,,
구테로이테 시그니처메뉴 너무 맛있어요,,
케익도 맛있어요~,,
성수는 안주셨어요.,,
다행히 함께간 지인은 좋아하더라구요.,,
바질 파니니 진짜 맛있어요♡♡♡♡,,
단팥빵이 단 편인데 알밤이 식감과 단 맛을 중화시켜줘서 너무 맛있네요,,
스톤 슈페너도 고소해요!,,
엄청 맛있어요,,
구테로이테 다른 지점들도 좋았는데 성수점도 좋아요!,,
지난번에 본점 가봤는데 이번에는 성수점에 찾아왔어요!!,,
꼭 다시 찾아올게요!,,
아주 맛있습니다!,,
특히..,,
생각보다 달았는데 맛있었습니다 ㅎㅎ,,
오미자 아메리카노 맛있어요 ㅜ ㅜ,,
막 시끄럽지 않아서 좋았습니다,,
완전 맛있음,,
단골예약🩷❤️🩷❤️,,
조금만 덜 달면 좋겠는데 쌀빵과는 잘어울려용 ㅋㅋㅋ,,
여기 진짜 맛있어요,,
우리 동네에도 생겼으면😣,,
맛있어요~^^,,
시그니처 맛있어요 ㅎㅎ,,
"성수 갔다가 우연찮게 외관이
너무 멋있어서 들렸는데 정말 좋아요",,
잠시 목축이고 쉬어가기 좋습니다!!,,
너무 맛있다,,
굿!,,
다음번에 베리 마신다 5800원 값어치 충분…,,
꼭 한번 들려보세요!,,
뱅쇼 맛있었어요,,
아인슈페너 맛있어요!,,
적당히 달구요!,,
편한 장소 👍🏻👍🏻👍🏻,,
강남본점보다 더 맛있다는건 안비밀...ㅋ,,
👍 너무 북적거리지도 않고 좋았어요!!,,
넘 지쳐서 바로 들이켰어요,,
🫠🫠,,
케익도 많이 안달고 맛있어요 :),,
성수동나들이,,
좋아요~~ ^^,,
스톤슈페너 왤케맛있나요 ㅠㅠㅠㅠ,,
너무너무 진짜 엄청나게 맛있어요!!,,
짱맛이에요,,
다들!!!,,
성수동 돌아다니다 우연히 들어오게 되었는데 커피값!!,,
실화인가요.,,
너무 싸요.,,
반려동물 동반이여서 좋아요,,
주말저녁 여유롭고  좋으네용!,,
좋네용,,
구테로이테 맛나유,,
초코는 양적어유,,
산미가 없어서 더 없이 좋았어요,,
30초동안 멋진 이태리 여행을 다녀왔네요,,
🫶 초콜렛도 진하구 맛나용,,
😻,,
뱅쇼는 양이좀더 많으면 좋겟어요 ㅎㅎ,,
롱블랙도 진해용,,
항상 맛있음,,
쌀 스무디도 맛있어요~!,,
특히 구테로이테가 맛있어요,,
그러니까 꼭 드세요,,
아아도 맛있네요ㅎㅎ,,
성수도 생겨서 좋아요!,,
👍🏽,,
엄마랑 데이트에도 좋아요!,,
맛이 좋아요,,
지나가다가 들렸어요.,,
성수 지점 처음인데 좋았어요,,
산미없는 제가 딱좋아하는 맛이에요!,,
컵이 넘 가벼워여!!,,
근처에 약속 시간이 잠깐 떠서 지나가다 들어왔습니다.,,
롱블랙맛있어요,,
너무 맛있어용 !!,,
스톤슈페너 마셨는데요.,,
정도,,
이천 쌀 스무디도 너무 맛있어용,,
마들렌도 강추입니다,,
걷고걷다가 이거 한잔이면 힘이 빡 올라옵니다,,
한강 안건너고 만나서 너무 좋아욤,,
구테로이테  너무 맛있어요!,,
성수 맛 커피집이에요,,
"마시는 도중이라 사진을 이렇게 찍었지만,,진짜 맛있어요!",,
시그니처 메뉴가 많아요,,
카피에 심도가 깊고 맛있어요,,
구테로이테가 정말 맛있어요!!!,,
마시다가 맛나서 리뷰 남겨요.,,
마시써요~!,,
맛도 좋았습니다:),,
강남구청역 지점만 가봤는데 여기도 너무 멋져용><,,
"....
ㅎㅎ",,
성수에서 합리적인 느낌!,,
아주 맛있어요!,,
초코마들렌 너무 달아요,,
맛있어요~^^!!,,
아인슈페너도 맛있어효♡,,
3잔 마셨는데 메뉴가 다 맛있네요!!,,
플랫화이트는 넘 진하고 맛있네용^^,,
최애 커피집!!,,
❤️🧡💛,,
오미자아메리카노 ㅋㅋㅋㅋㅋㅋㅋ 은근 맛도리에요,,
☕️🩷❤️🧡🧡💚💚🤍🖤🩵💙🩷🩵💙🩶❤️,,
방앗간 처럼 들려야겠어요,,
늘 맛있는 !!!,,
롱블랙이랑 구테로이떼 마셨는데 맛있었어요!,,
스트레스해소에 이만한게 없어요,,
"Good coffee, good friends",,
아인슈페너 크림이 엄청 부드럽고 맛있어요.,,
인데 완전 맛있었어요ㅎㅎ,,
이천 쌀 스무디가 맛있어요!,,
롱블랙은 꽤 쓰네요..!ㅠ,,
최애 커피숍입니다.,,
구테로이테 너무 맛있어요!!,,
너무 맛나요!!!!,,
강추~,,
존맛...,,
😄😘,,
맛잇엇어요 ㅎㅎㅎㅎㅎ,,
컵 가볍고 귀여우,,
성수에서 더운날씨 때문에 갔는데...,,
음....,,
오미자 아메리카노 도전!,,
묘한 맛 ㅋㅋㅋㅎㅎ,,
예약 시간이 제한적인 점과 전체샷을 못 찍어서 아쉽지만...,,
맛은 워낙~좋은데라서,,
"🩶클래식 딥 쇼콜라
초코 좋아하시면 무조건 드시길..",,
찐~~~득 그 자체,,
흑임자슈패너 맛있어요,,
케잌들은 쏘쏘 ㅜㅠ,,
캐모마일 리치펀치 달달하구 맛있어요,,
그러나  모든게  달았다.,,
잘 쉬다 갔어요~,,
🫡✨️,,
맛은 괜찮은데 아메리카노 양이 넘적어요ㅋㅋ,,
엄마가 물컵에 준다고;,,
아인슈페너 맛있어용,,
한입 맛보고 놀램..,,
시그니처메뉴 맛도 멋도 다 잡았다...!,,
개인적으로는 그래서 좋았습니다.,,
고소한 아메리카노가 최고네용,,
ㅂㅏ닐라라테 맛있네요ㅎㅎ,,
넘 좋아요,,
맛이조아!!,,
플랫화이트도 맛있었습니다✨,,
플랫화이트 진하고 맛있었어요~~!,,
케익 존맛인데 마들렌 무난..,,
암튼 맛이 좋음,,
⸝⸝ ᷇࿀ ᷆⸝⸝,,
매번 스타벅스.,,
체리그라나따🍒,,
그냥 달달한 정도가 아님,,
😮,,
ㅎㅎ❤️❤️,,
자주 가요,,
너무 맛이써요..,,
샤베트와 슬러쉬 그 어딘가!,,
😊 다음에 또 성수 갈 일이 생긴다면 또 가고 싶어요,,
맛있어서 좋아요,,
달달한 에스프래소.,,
체리 그라니따 달달하고 맛있어요~~!,,
휘낭시에도 맛있음!!,,
😳베이커리종류가 엄청 많았는데 다 먹음직스러워요❤,,
spc 였어,,
☕️🥖,,
시그니처 메뉴 매우 달아요,,
파인콘 노멀블랜드....,,
그래서 식감이 더 좋은....,,
또 가야겠어요,,
걍 그저 그럼,,
새로운 도전.....,,
"시즈널 그라니따 블루베리
사실...",,
맛있어요..!,,
안에 피스타치오 크림도 맛나요!,,
😽,,
😍😍😍,,
하마터면 그쪽으로 깊숙히 들어갈뻔......,,
시그니처 메뉴가 정말 맛있어요,,
핸드드립도 아닌데 2천원 차이라니ㅋㅋ 무엇보다 맛이 너어무 없어서 더 화나네요.,,
#주님이먹여살려주시는인생 #성수동카페,,
다 맛있구용,,
비주얼도 굿!,,
퍼석퍼석파석해서 ……🗣️,,
진짜 강추.,,
성수역에서 가까워서 좋아요,,
그냥 그러네요.. ㅋㅋ,,
"강남구청, 경복궁점 그리고 성수점까지 모두 가봤는데 성수점이 뭔가 더 맛있게 느껴지네요!!",,
😬,,
메뉴도 많고 좌석도편해요,,
오래 머물기에는 좌석이 편하지 않아요.,,
브레드 맛있습니다!,,
아메리카노 노멀 블렌드가 제일 맛있어요!,,
🪩,,
😭,,
왜이렇게 맛있어요?,,
라벤더 향이 향긋하니 좋아요.,,
스트레스가 해소되는 맛이에요ㅠㅠ,,
💕 강추드립니다!,,
양이 좀 없어요.,,
"👍🏻 
두 잔 시켜 마시고 싶은 거 참았네요ㅋㅋ",,
아직 공사가 덜된건 아쉽,,
담에는 구테로이테 시그니처 마시러갈게용,,
그래도 나쁘지 않았어요,,
!👍👍👍,,
다들 힘내세요,,
자주 갈거에요!,,
수유점 정말 자주 갔는게 성수에 생겨서 너무 좋았습니다ㅎㅎ,,
구테로이테가 성수에 생겼어요,,
성수오픈 축하드려요,,
구테로이테가 진짜 맛있네요!,,
이 조합 어떻게 찾아내신거죠?,,
