review,label
"""아메리카노 탄맛 심하고 소금빵 질겨서 턱 아픔.. 케이크도 퍽퍽해요. 매장 넓이는 적당하고 분위기는 그냥 깔끔, 직원분들은 사무적이네요.""",222000333000
"""라떼 밍밍하고 베이글은 편의점 빵 수준 ㅠ 티라미수 느끼해서 남김. 화장실은 쓸만하고 인테리어도 무난, 응대는 빠르지도 느리지도 않음.""",222000333000
"""드립커피 향 다 날아갔고 샌드위치 야채 시들함. 치즈케이크 오래된 맛 나요. 주차장 넓이 보통이고 뷰는 쏘쏘, 사장님 태도 평범해요.""",222000333000
"""바닐라라떼 너무 달기만 하고 식빵 퍽퍽해서 목막힘. 딸기 케이크 시트 축축함. 의자 편안함은 보통이고 조명 밝기 적당, 주문 속도 무난.""",222000333000
"""에이드 시럽맛만 나고 크루아상 눅눅해요. 초코 케이크 싸구려 맛. 와이파이 속도 그럭저럭이고 감성은 흔한 느낌, 친절도는 딱 기본.""",222000333000
"""스무디 물맛 나고 잠봉뵈르 햄 비림.. 당근 케이크 맛 이상해요. 2층 좌석 무난하고 음악 선곡 쏘쏘, 알바생 표정 보통.""",222000333000
"""플랫화이트 양 적고 맛없음, 맘모스빵 너무 달아요. 롤케이크 크림 느끼함. 테이블 간격 적당하고 내부 소음 보통, 서비스 기대 안하면 무난.""",222000333000
"""카푸치노 거품 다 꺼졌고 치아바타 딱딱함. 얼그레이 케이크 화장품 맛 남. 콘센트 자리 몇 개 있고 뷰는 아파트뷰라 평범, 응대 쏘쏘.""",222000333000
"""밀크티 가루 뭉쳐있고 앙버터 버터 느끼.. 고구마 케이크 쉬었나? 매장 청결도 보통이고 분위기 적당히 차분함, 직원들 태도 평타.""",222000333000
"""녹차라떼 텁텁하고 모닝빵 질겨요. 무스 케이크 식감 별로임. 화장실 남녀공용이라 그냥 그렇고 사진 스팟은 쏘쏘, 서비스 마인드 보통.""",222000333000
"""커피 맛은 무난하고 빵도 쏘쏘해요. 케이크도 평범한 맛. 근데 자리가 너무 불편하고 매장 안이 시장통처럼 시끄러움 ㅠ 직원도 불친절.""",333000222000
"""라떼 고소함 보통이고 베이글도 그냥 빵맛. 티라미수 적당히 달아요. 주차 불가라 불편하고 인테리어 촌스러움, 주문 실수하고 사과도 안함.""",333000222000
"""아메리카노 산미 적당하고 샌드위치 평범해요. 치즈케이크도 아는 맛. 매장이 너무 춥고 뷰는 공사장 뷰.. 사장님 퉁명스러워서 기분 별로.""",333000222000
"""바닐라라떼 쏘쏘 식빵도 무난함. 딸기 케이크 평타. 테이블 끈적거리고 조명 너무 어두워서 침침함, 알바생들 자기들끼리 떠드느라 바쁨.""",333000222000
"""에이드 탄산 적당하고 크루아상 쏘쏘. 초코 케이크 무난한 단맛. 콘센트 다 막아놔서 불편하고 음악 소리 귀 찢어짐.. 불러도 대답 없는 서비스.""",333000222000
"""스무디 맛 평범하고 잠봉뵈르도 쏘쏘. 당근 케이크 그냥저냥. 의자 등받이 없어서 허리 아프고 분위기 어수선함, 메뉴 설명 대충 해줌.""",333000222000
"""플랫화이트 무난하고 맘모스빵도 평범. 롤케이크 쏘쏘함. 화장실 냄새 심하고 인스타 감성만 쫒느라 내부는 좁아터짐, 직원 응대 최악.""",333000222000
"""카푸치노 쏘쏘 치아바타 무난. 얼그레이 케이크 평타는 침. 매장 청소 안된 느낌이고 먼지 많음, 뷰도 별거 없음. 인사도 안받아줌.""",333000222000
"""밀크티 맛 보통이고 앙버터도 그냥 그럼. 고구마 케이크 무난. 와이파이 안터져서 답답하고 도떼기시장 같음, 포스기 앞에서 기다리게 함.""",333000222000
"""녹차라떼 평범하고 모닝빵도 쏘쏘. 무스 케이크 아는 맛. 층고 낮아서 답답하고 환기 안됨, 서비스 마인드 제로.""",333000222000
"""쿠키 너무 딱딱하고 팥빙수 팥이 맛없음. 푸딩 식감 이상해요. 가격은 적당하고 포장 상태 무난, 웨이팅은 평범한 수준.""",000222000333
"""휘낭시에 탄맛 나고 망고빙수 냉동이라 이 시림. 젤라또 녹아서 나옴. 가성비는 쏘쏘하고 선물 패키지 평범, 대기 시간 적당함.""",000222000333
"""스콘 밀가루 냄새 나고 과일빙수 과일 상태 메롱. 요거트 밍밍함. 가격대 무난하고 답례품 구성 보통, 사람 적당히 있음.""",000222000333
"""마들렌 퍽퍽하고 우유빙수 얼음이 거칠어요. 초콜릿 불량식품 맛. 비싸지도 싸지도 않음, 포장 쇼핑백 쏘쏘, 회전율 보통.""",000222000333
"""까눌레 눅눅하고 딸기빙수 딸기 무름. 아이스크림 싸구려 맛. 가격은 딱 그 정도고 굿즈 포장 상태 평타, 주말치고 웨이팅 무난.""",000222000333
"""르뱅쿠키 너무 달고 복숭아 빙수 맹탕. 푸딩 비려요. 가성비 평범하고 테이크아웃 포장 쏘쏘, 혼잡도 견딜만함.""",000222000333
"""사브레 부스러기만 있고 멜론 빙수 안익음. 요거트볼 너무 묽음. 가격 적정선이고 선물용 박스 무난, 오픈런 할 정도는 아님.""",000222000333
"""에그타르트 비리고 수박 빙수 밍밍해요. 젤라또 쫀득함 1도 없음. 가격 합리적인 편이고 포장 리본 평범, 대기줄 보통.""",000222000333
"""버터쿠키 기름 쩐내 나고 빙수 연유 맛만 남. 푸딩 너무 단단함. 가격 쏘쏘하고 포장 용기 평범, 웨이팅 어플 써서 무난.""",000222000333
"""비스코티 이 나갈 뻔 했고 팥빙수 떡 쉼.. 요거트 맛없음. 가성비 나쁘지 않고 답례품 포장 쏘쏘, 사람 밀집도 중간.""",000222000333
"""쿠키 맛 평범하고 팥빙수도 쏘쏘. 푸딩도 무난해요. 근데 가격이 너무 사악하고 포장 엉망으로 해줌, 웨이팅 1시간 넘게 함 ㅠ""",000333000222
"""휘낭시에 쏘쏘 망고빙수도 그냥 아는 맛. 젤라또 평타. 양 대비 비쌈, 선물 박스 구겨져서 줌, 대기 관리 엉망이라 순서 뒤죽박죽.""",000333000222
"""스콘 무난하고 과일빙수도 평범. 요거트 쏘쏘함. 가성비 최악이고 답례품 샘플이랑 다름, 사람 미어터져서 기빨림.""",000333000222
"""마들렌 쏘쏘 우유빙수 보통. 초콜릿 평범한 맛. 가격 거품 심하고 포장하는데 20분 걸림, 웨이팅 공간도 없어서 밖에서 떪.""",000333000222
"""까눌레 평타 치고 딸기빙수도 무난. 아이스크림 그저그럼. 굿즈 가격 터무니없고 포장비 따로 받음, 주말엔 자리 잡기 전쟁임.""",000333000222
"""르뱅쿠키 쏘쏘 복숭아 빙수 무난함. 푸딩 보통. 비싼 값 못하고 테이크아웃 컵 홀더도 안줌, 웨이팅 시스템 불편함.""",000333000222
"""사브레 평범하고 멜론 빙수도 쏘쏘. 요거트볼 무난. 가격대 너무 높고 선물 포장 촌스러움, 사람 너무 많아서 정신없음.""",000333000222
"""에그타르트 그냥 그렇고 수박 빙수도 평타. 젤라또 무난. 가성비 안좋고 포장 상태 불량, 대기줄 너무 길어서 포기함.""",000333000222
"""버터쿠키 쏘쏘 빙수도 평범해요. 푸딩 아는 맛. 가격 창렬이고 선물용인데 봉투도 안줌, 혼잡도 헬이라 대화 불가능.""",000333000222
"""비스코티 무난하고 팥빙수도 쏘쏘. 요거트 평범함. 돈 아까운 퀄리티고 포장 성의 없음, 웨이팅 너무 심해서 다신 안갈듯.""",000333000222
"""커피는 탄맛 나는데 스콘은 맛있네요. 직원분들도 친절하고요.""",200100001000
"""케이크는 그냥 평범한데 가격이 너무 비싸요 ㅠ""",003000000200
"""빙수 맛은 있는데 매장이 너무 좁아서 불편함.""",000010200000
"""선물 포장 예쁘게 해주셔서 좋았는데 쿠키 맛은 쏘쏘.""",000300000010
"""웨이팅 길어서 힘들었는데 커피 맛은 훌륭했어요.""",100000000002
"""빵 종류 많아서 좋고 분위기도 힙해요.""",010000010000
"""푸딩은 너무 달아서 별로고 음료는 무난해요.""",300002000000
"""주차 편해서 갔는데 커피값이 좀 쎄네요.""",000000100200
"""직원분 친절하신데 빙수는 밍밍해요.""",000020001000
"""분위기는 좋은데 의자가 딱딱해서 오래 못 앉아 있겠음.""",000000210000
