text,aspect,sentiment,keywords,label
원두 향이 정말 진하고 산미가 적당해서 제 입맛에 딱 맞아요.,커피음료,Positive,"원두 향, 산미, 제 입맛에 딱",100000000000
여기 에스프레소는 크레마가 장난 아니네요. 진짜 묵직합니다.,커피음료,Positive,"에스프레소, 크레마, 묵직",100000000000
로스팅을 직접 하셔서 그런지 탄 맛 하나도 없고 고소함이 일품이에요.,커피음료,Positive,"로스팅, 탄 맛 없고, 고소함 일품",100000000000
핸드드립 커피 마셔봤는데 과일 향이 입안 가득 퍼지는 게 예술입니다.,커피음료,Positive,"핸드드립, 과일 향, 예술",100000000000
커피 원두의 풍미가 깊어서 한 입 마시자마자 감탄했어요.,커피음료,Positive,"원두 풍미, 깊어서, 감탄",100000000000
디카페인인데도 일반 커피랑 차이를 모를 정도로 맛이 훌륭하네요.,커피음료,Positive,"디카페인, 차이를 모를 정도, 훌륭",100000000000
라떼 아트도 예쁘지만 우유 스팀이 부드러워서 커피랑 조화가 미쳤어요.,커피음료,Positive,"우유 스팀, 부드러워서, 조화 미쳤음",100000000000
묵직한 바디감을 좋아하시는 분들이라면 여기 원두 무조건 추천합니다.,커피음료,Positive,"바디감, 원두 추천",100000000000
"원두 선택할 수 있는 게 장점인데, 산미 있는 원두가 정말 신선해요.",커피음료,Positive,"원두 선택, 산미, 신선",100000000000
아메리카노 맛이 깔끔해서 다 마시고 나서도 입안이 개운합니다.,커피음료,Positive,"깔끔해서, 개운",100000000000
콜드브루 특유의 깔끔함이 잘 살아있어서 여름에 마시기 최고예요.,커피음료,Positive,"콜드브루, 깔끔함, 최고",100000000000
커피가 식어도 맛이 변하지 않고 끝까지 맛있어서 놀랐습니다.,커피음료,Positive,"식어도 맛이 변하지 않고, 맛있어서",100000000000
여기 오면 무조건 시그니처 커피 드세요. 커피 맛이 정말 고급스러워요.,커피음료,Positive,"시그니처, 고급스러워요",100000000000
원두가 신선해서 그런지 마시고 나서 속도 편하고 향이 오래 남네요.,커피음료,Positive,"원두 신선, 속도 편하고, 향 오래 남음",100000000000
카푸치노 시나몬 향이랑 커피 맛이 너무 잘 어우러져서 맛있어요.,커피음료,Positive,"시나몬 향, 어우러져서, 맛있어요",100000000000
커피 농도가 진해서 얼음이 녹아도 싱겁지 않고 맛있게 먹었네요.,커피음료,Positive,"농도 진해서, 싱겁지 않고, 맛있게",100000000000
바닐라 라떼에 들어가는 에스프레소가 맛있으니까 확실히 급이 달라요.,커피음료,Positive,"에스프레소 맛있으니까, 급이 다름",100000000000
커피 맛집 인정입니다. 원두의 고소함이 딱 제가 찾던 맛이에요.,커피음료,Positive,"커피 맛집, 고소함, 제가 찾던 맛",100000000000
아인슈페너 크림 밑으로 들어오는 커피가 쌉쌀하니 조화가 굿입니다.,커피음료,Positive,"아인슈페너, 쌉쌀하니, 조화 굿",100000000000
매일 마시고 싶은 커피 맛이에요. 원두 품질이 정말 좋은 것 같아요.,커피음료,Positive,"매일 마시고 싶은, 품질 정말 좋음",100000000000
고소한 원두 좋아하시는 분들께 강력 추천! 커피가 정말 맛있어요.,커피음료,Positive,"고소한 원두, 추천, 맛있어요",100000000000
산미 있는 커피 좋아하는데 여기 원두는 신선한 과일 향이 나네요.,커피음료,Positive,"산미, 과일 향, 신선",100000000000
커피 맛이 깊고 진해서 피로가 싹 풀리는 기분입니다.,커피음료,Positive,"맛이 깊고 진해서, 피로 풀림",100000000000
여기 커피는 끝맛이 텁텁하지 않고 깔끔하게 떨어져서 좋아요.,커피음료,Positive,"끝맛, 깔끔하게, 좋아요",100000000000
집 근처에 이런 커피 맛집이 있다니 행운이네요. 커피 진짜 맛나요.,커피음료,Positive,"커피 맛집, 진짜 맛나요",100000000000
라떼가 우유 비린내 없이 커피랑 부드럽게 넘어가서 만족스러워요.,커피음료,Positive,"우유 비린내 없이, 부드럽게, 만족",100000000000
좋은 원두 쓰시는 게 맛에서 다 느껴집니다. 커피 향이 예술이에요.,커피음료,Positive,"좋은 원두, 커피 향 예술",100000000000
에스프레소 베이스가 탄탄하니까 어떤 커피 메뉴를 시켜도 성공이네요.,커피음료,Positive,"에스프레소 베이스, 탄탄, 성공",100000000000
아메리카노 고소한 맛이 일품입니다. 탄 맛이 없어서 너무 좋아요.,커피음료,Positive,"고소한 맛 일품, 탄 맛 없어서",100000000000
커피 한 입에 전문성이 느껴집니다. 진짜 커피 제대로 하는 곳이네요.,커피음료,Positive,"전문성, 제대로 하는 곳",100000000000
커피에서 너무 탄 맛만 나고 원두 특유의 향이 전혀 안 느껴져요.,커피음료,Negative,"탄 맛만 나고, 향 안 느껴져요",200000000000
아메리카노가 너무 연해서 보리차 마시는 기분이 들 정도네요.,커피음료,Negative,"너무 연해서, 보리차 마시는 기분",200000000000
원두 관리를 어떻게 하시는 건지 약간 쩐내가 나서 마시기 힘들었어요.,커피음료,Negative,"쩐내가 나서, 마시기 힘듦",200000000000
산미가 있는 게 아니라 커피가 시큼하게 변한 것 같은 느낌이에요.,커피음료,Negative,"산미 아니라, 시큼하게 변한",200000000000
에스프레소가 너무 추출이 많이 된 건지 쓴맛만 강해서 다 못 마셨습니다.,커피음료,Negative,"추출 많이 된, 쓴맛만 강해서",200000000000
라떼에 우유 양이 너무 많아서 커피 맛이 다 묻혀버렸네요.,커피음료,Negative,"우유 양 너무 많아서, 커피 맛 묻힘",200000000000
원두의 깊은 맛은커피 찌꺼기 맛밖에 안 나서 실망했습니다.,커피음료,Negative,"커피 찌꺼기 맛, 실망",200000000000
아이스 커피인데 얼음이 너무 빨리 녹아서 금방 밍밍해졌어요.,커피음료,Negative,"얼음 빨리 녹아서, 밍밍",200000000000
로스팅이 과하게 된 것 같아요. 입안에 텁텁함이 너무 오래 남습니다.,커피음료,Negative,"로스팅 과하게, 텁텁함",200000000000
가격에 비해 커피 퀄리티가 너무 떨어지네요. 편의점 커피랑 비슷해요.,커피음료,Negative,"퀄리티 너무 떨어짐, 편의점 커피 비슷",200000000000
커피 향은 거의 없고 그냥 뜨거운 검은 물 마시는 기분입니다.,커피음료,Negative,"향 거의 없고, 뜨거운 검은 물",200000000000
디카페인 커피 마셨는데 약품 냄새 같은 게 나서 다 버렸어요.,커피음료,Negative,"약품 냄새, 다 버렸어요",200000000000
아메리카노에 기름이 둥둥 떠 있고 맛도 너무 텁텁해서 별로예요.,커피음료,Negative,"기름 둥둥, 텁텁, 별로",200000000000
커피가 너무 쓰고 자극적이라 마시고 나서 속이 쓰렸습니다.,커피음료,Negative,"너무 쓰고 자극적, 속 쓰림",200000000000
원두 선택이 가능하다고 해서 시켰는데 별로 차이를 모르겠네요.,커피음료,Negative,차이를 모르겠네요,200000000000
물 비율을 못 맞추시는 건지 커피 맛이 너무 제각각이라 실망입니다.,커피음료,Negative,"물 비율 못 맞춤, 맛 제각각, 실망",200000000000
커피가 너무 미지근하게 나와서 향이 다 죽어버린 것 같아요.,커피음료,Negative,"너무 미지근, 향 다 죽음",200000000000
쓴맛이 너무 강해서 시럽 없이는 도저히 못 마실 정도입니다.,커피음료,Negative,"쓴맛 너무 강해서, 못 마실 정도",200000000000
커피 원두 신선도가 떨어지는 것 같아요. 향이 너무 약하네요.,커피음료,Negative,"신선도 떨어짐, 향 너무 약함",200000000000
여기 커피 맛있다고 해서 왔는데 제 입맛에는 너무 안 맞고 맛없어요.,커피음료,Negative,"입맛 안 맞고, 맛없어요",200000000000
아인슈페너 커피 맛이 너무 연해서 크림 맛밖에 안 느껴지네요.,커피음료,Negative,"커피 맛 너무 연해서, 크림 맛밖에",200000000000
커피 끝맛이 너무 써서 입안에 불쾌한 맛이 계속 남아요.,커피음료,Negative,"끝맛 너무 써서, 불쾌한 맛",200000000000
탄 향이 너무 강해서 원두 본연의 맛을 전혀 느낄 수가 없습니다.,커피음료,Negative,"탄 향 너무 강해서, 느낄 수 없음",200000000000
아메리카노가 너무 시고 떫어서 한 입 먹고 못 마시겠더라고요.,커피음료,Negative,"너무 시고 떫어서, 못 마시겠음",200000000000
커피 농도가 너무 들쑥날쑥해요. 오늘은 너무 싱거워서 별로네요.,커피음료,Negative,"농도 들쑥날쑥, 싱거워서, 별로",200000000000
라떼 거품이 너무 거칠고 커피랑 겉도는 느낌이라 맛없습니다.,커피음료,Negative,"거품 거칠고, 겉도는 느낌, 맛없음",200000000000
커피 원두에서 퀴퀴한 냄새가 나는 것 같아서 찝찝했어요.,커피음료,Negative,"퀴퀴한 냄새, 찝찝",200000000000
기대하고 마신 커피인데 생각보다 너무 평범하고 맛이 없네요.,커피음료,Negative,평범하고 맛없네요,200000000000
커피 맛이 너무 가볍고 향이 금방 날아가 버려서 실망스러워요.,커피음료,Negative,"맛 너무 가볍고, 향 금방 날아감, 실망",200000000000
가격은 비싼데 커피 맛은 그 값을 전혀 못 하는 것 같습니다.,커피음료,Negative,"비싼데, 값을 전혀 못 함",200000000000
커피 맛은 그냥 무난한 편이라 크게 호불호가 갈리지 않을 것 같아요.,커피음료,Neutral,"무난한 편, 호불호 갈리지 않을 듯",300000000000
평범한 아이스 아메리카노 맛입니다. 특별히 좋지도 나쁘지도 않아요.,커피음료,Neutral,"평범한, 좋지도 나쁘지도 않음",300000000000
프랜차이즈 카페에서 흔히 마실 수 있는 그런 커피 맛이네요.,커피음료,Neutral,"흔히 마실 수 있는, 커피 맛",300000000000
산미는 거의 없는 편이고 적당히 쌉싸름한 맛이 납니다.,커피음료,Neutral,"산미 거의 없는, 쌉싸름",300000000000
"커피 퀄리티는 평균 수준인데, 개인 취향에 따라 다르게 느낄 것 같네요.",커피음료,Neutral,"평균 수준, 취향에 따라",300000000000
원두 선택지가 여러 개라 취향껏 고르면 될 것 같은 정도입니다.,커피음료,Neutral,"원두 선택지, 취향껏",300000000000
맛이 아주 깊지는 않지만 식후에 가볍게 마시기에는 나쁘지 않아요.,커피음료,Neutral,"아주 깊지는 않지만, 나쁘지 않아요",300000000000
뜨거울 때 마시는 거랑 식었을 때 마시는 맛의 차이가 좀 있는 편입니다.,커피음료,Neutral,온도에 따른 맛 차이,300000000000
에스프레소 베이스가 아주 진하지는 않지만 적당히 고소합니다.,커피음료,Neutral,"진하지는 않지만, 적당히 고소",300000000000
일반적인 카페 커피 맛이라 예상 가능한 범위 내의 맛입니다.,커피음료,Neutral,"일반적인, 예상 가능한",300000000000
아메리카노 농도가 적당해서 그냥 가볍게 마시기 괜찮네요.,커피음료,Neutral,"농도 적당, 가볍게 마시기",300000000000
커피 향은 은은한 편이고 맛은 적당히 대중적인 느낌이에요.,커피음료,Neutral,"은은한 편, 대중적인 느낌",300000000000
특별한 개성은 없지만 실패 없는 무난한 커피 맛입니다.,커피음료,Neutral,"개성 없지만, 무난한",300000000000
커피 맛이 아주 강하지 않아서 연하게 드시는 분들께 맞을 듯해요.,커피음료,Neutral,"아주 강하지 않아서, 연하게",300000000000
그냥 동네 카페에서 흔히 느낄 수 있는 그런 커피 맛입니다.,커피음료,Neutral,"동네 카페, 흔히 느낄 수 있는",300000000000
우유 맛이 좀 더 강한 라떼인데 그냥저냥 마실만합니다.,커피음료,Neutral,"우유 맛 강한, 그냥저냥 마실만",300000000000
커피 원두 풍미가 보통 수준이라 특별히 기억에 남지는 않네요.,커피음료,Neutral,"풍미 보통, 기억에 남지 않음",300000000000
쓴맛과 고소함이 적당히 섞여 있는 평범한 커피입니다.,커피음료,Neutral,"쓴맛, 고소함, 평범한",300000000000
가격 대비 적당한 수준의 커피 맛이라고 생각됩니다.,커피음료,Neutral,가격 대비 적당한 수준,300000000000
커피 맛이 매번 일정한 편이라 그냥 믿고 마시는 정도예요.,커피음료,Neutral,매번 일정한 편,300000000000
엄청 맛있는 건 아닌데 가끔 생각나면 들를만한 커피 맛입니다.,커피음료,Neutral,"엄청 맛있는 건 아닌데, 들를만한",300000000000
그냥 시원한 맛에 마시는 아이스 아메리카노예요. 보통입니다.,커피음료,Neutral,"시원한 맛, 보통",300000000000
커피의 산미나 바디감이 튀지 않고 평이한 밸런스네요.,커피음료,Neutral,"튀지 않고, 평이한 밸런스",300000000000
주변에서 흔히 마시는 커피 맛이랑 큰 차이는 없는 것 같아요.,커피음료,Neutral,큰 차이 없는 것 같음,300000000000
샷 추가를 하면 더 나을 것 같기도 한 평범한 농도입니다.,커피음료,Neutral,평범한 농도,300000000000
커피 맛이 아주 깔끔한 건 아닌데 그래도 마실만은 하네요.,커피음료,Neutral,"아주 깔끔한 건 아닌데, 마실만",300000000000
무난하게 마실 수 있는 적당한 쓴맛의 아메리카노입니다.,커피음료,Neutral,"적당한 쓴맛, 무난",300000000000
커피가 아주 진하지는 않지만 부담 없이 넘어가네요.,커피음료,Neutral,"진하지 않지만, 부담 없이",300000000000
그냥 평소에 즐겨 마시는 그런 일반적인 커피의 맛이에요.,커피음료,Neutral,"평소에 즐겨 마시는, 일반적인",300000000000
"특별히 칭찬할 점도, 비판할 점도 없는 무난한 퀄리티입니다.",커피음료,Neutral,"특별히 칭찬할 점도, 비판할 점도 없는",300000000000
소금빵이 겉은 바삭하고 속은 촉촉해서 인생 빵집 등극입니다.,베이커리빵,Positive,"소금빵, 겉바속촉, 인생 빵집",010000000000
베이글이 아주 쫄깃하고 담백해서 식사 대용으로 최고예요.,베이커리빵,Positive,"베이글, 쫄깃, 식사 대용",010000000000
샌드위치 속 재료가 신선하고 빵이 고소해서 건강한 맛입니다.,베이커리빵,Positive,"샌드위치 신선, 고소함, 건강한 맛",010000000000
천연 발효종을 써서 그런지 빵이 담백하고 소화가 잘 돼요.,베이커리빵,Positive,"천연 발효종, 담백, 소화 잘 됨",010000000000
갓 구워 나온 식빵의 결이 살아있고 정말 부드럽습니다.,베이커리빵,Positive,"식빵 결, 부드러움, 갓 구워낸",010000000000
치아바타가 자극적이지 않고 씹을수록 고소한 풍미가 올라와요.,베이커리빵,Positive,"치아바타, 고소한 풍미, 자극적이지 않음",010000000000
깜빠뉴 안에 견과류가 가득 들어있어 씹는 맛이 일품입니다.,베이커리빵,Positive,"깜빠뉴, 견과류 가득, 씹는 맛",010000000000
호밀빵인데도 전혀 퍽퍽하지 않고 촉촉해서 놀랐어요.,베이커리빵,Positive,"호밀빵, 퍽퍽하지 않음, 촉촉",010000000000
이 집 잠봉뵈르는 바게트가 입천장 안 아프게 바삭해서 좋네요.,베이커리빵,Positive,"잠봉뵈르, 바게트 바삭, 만족",010000000000
식사 빵 종류가 다양해서 골라 먹는 재미가 있고 다 맛있어요.,베이커리빵,Positive,"종류 다양, 골라 먹는 재미",010000000000
무설탕 빵인데도 이렇게 감칠맛이 나다니 정말 실력이 좋으시네요.,베이커리빵,Positive,"무설탕, 감칠맛, 실력 좋음",010000000000
올리브가 듬뿍 들어간 포카치아가 짭짤하고 아주 쫄깃합니다.,베이커리빵,Positive,"올리브 포카치아, 짭짤, 쫄깃",010000000000
아침마다 여기서 샌드위치 사 먹는데 재료가 정말 알차요.,베이커리빵,Positive,"샌드위치, 재료 알참, 아침 식사",010000000000
빵 자체가 맛있어서 잼 없이 그냥 먹어도 충분히 맛있습니다.,베이커리빵,Positive,"빵 자체가 맛있음, 그냥 먹어도",010000000000
쌀 식빵이라 그런지 쫀득함이 일반 빵이랑은 차원이 다르네요.,베이커리빵,Positive,"쌀 식빵, 쫀득함, 차원이 다름",010000000000
크루아상 결이 촘촘하고 버터 향이 진해서 아주 고급스러워요.,베이커리빵,Positive,"크루아상 결, 버터 향, 고급스러움",010000000000
담백한 빵 좋아하시는 분들이라면 여기가 성지일 것 같아요.,베이커리빵,Positive,"담백한 빵, 성지, 추천",010000000000
통밀빵의 구수한 향이 코끝을 자극해서 입맛을 돋우네요.,베이커리빵,Positive,"통밀빵, 구수한 향, 입맛 돋움",010000000000
베이글에 크림치즈 조합이 환상적이라 순삭했습니다.,베이커리빵,Positive,"베이글 크림치즈, 환상적, 순삭",010000000000
샌드위치 야채가 아삭아삭하고 빵이랑 조화가 완벽합니다.,베이커리빵,Positive,"야채 아삭, 조화 완벽",010000000000
식사 대용으로 먹기 좋은 든든한 빵들이 많아서 자주 와요.,베이커리빵,Positive,"식사 대용, 든든함, 자주 옴",010000000000
여기 소금빵은 버터 동굴이 제대로 형성되어 있어 정석이네요.,베이커리빵,Positive,"소금빵, 버터 동굴, 정석",010000000000
빵이 질기지 않고 부드럽게 찢어지는 게 반죽을 잘하신 듯요.,베이커리빵,Positive,"부드럽게 찢어짐, 반죽 잘함",010000000000
치즈가 콕콕 박힌 식빵이 짭조름하니 자꾸 손이 가요.,베이커리빵,Positive,"치즈 식빵, 짭조름, 자꾸 손이 감",010000000000
고소한 곡물 빵 종류가 많아서 부모님도 정말 좋아하셨어요.,베이커리빵,Positive,"곡물 빵, 부모님 좋아하심",010000000000
바게트 속살이 너무 촉촉해서 샌드위치로 먹기 딱입니다.,베이커리빵,Positive,"바게트 속살 촉촉, 딱임",010000000000
갓 나온 따끈한 식빵 한 줄 다 먹을 수 있을 정도로 맛나요.,베이커리빵,Positive,"따끈한 식빵, 맛나요",010000000000
담백하면서도 풍미가 깊은 빵들이라 매일 먹어도 안 질려요.,베이커리빵,Positive,"담백, 풍미 깊음, 안 질림",010000000000
베이글 종류가 이렇게 많은 곳은 처음 봐요. 다 먹어보고 싶네요.,베이커리빵,Positive,"베이글 종류, 다 먹어보고 싶음",010000000000
샌드위치 소스가 과하지 않아 빵 맛을 잘 살려줘서 좋아요.,베이커리빵,Positive,"소스 과하지 않음, 빵 맛 살림",010000000000
소금빵이 너무 딱딱해서 씹기가 힘들고 턱이 아팠어요.,베이커리빵,Negative,"딱딱해서, 씹기 힘듦",020000000000
샌드위치 내용물이 너무 부실해서 가격 대비 실망스러웠습니다.,베이커리빵,Negative,"내용물 부실, 실망",020000000000
베이글이 질겨도 너무 질겨서 고무 씹는 느낌이었네요.,베이커리빵,Negative,"질겨서, 고무 씹는 느낌",020000000000
빵에서 밀가루 풋내가 좀 나고 덜 익은 것 같은 느낌이에요.,베이커리빵,Negative,"밀가루 풋내, 덜 익은 느낌",020000000000
치아바타가 너무 건조해서 입안의 수분을 다 뺏어가는 것 같아요.,베이커리빵,Negative,"건조해서, 수분 뺏김",020000000000
식사 대용 빵이라더니 간이 너무 세서 짜게 느껴졌습니다.,베이커리빵,Negative,"간이 너무 세서, 짜게 느껴짐",020000000000
식빵이 푸석푸석해서 잼을 발라도 맛이 없더라고요.,베이커리빵,Negative,"푸석푸석, 맛없음",020000000000
샌드위치 야채 물기 제거가 안 됐는지 빵이 다 젖어있네요.,베이커리빵,Negative,"야채 물기, 빵 젖음, 별로",020000000000
담백한 게 아니라 아무 맛도 안 나서 무미건조한 빵입니다.,베이커리빵,Negative,"아무 맛 안 남, 무미건조",020000000000
빵 가격은 비싼데 크기가 너무 작아서 가성비가 떨어져요.,베이커리빵,Negative,"가격 비쌈, 크기 작음, 가성비 낮음",020000000000
바게트가 너무 오버쿡 된 건지 겉이 너무 타서 써요.,베이커리빵,Negative,"오버쿡, 겉이 탐, 씀",020000000000
호밀빵이 너무 퍽퍽해서 물 없이는 한 입도 못 먹겠어요.,베이커리빵,Negative,"퍽퍽해서, 못 먹겠음",020000000000
베이글이 데워져 나왔는데도 속이 차갑고 딱딱하네요.,베이커리빵,Negative,"속이 차갑고, 딱딱함",020000000000
빵 종류는 많은데 정작 먹을만한 식사 빵이 별로 없어요.,베이커리빵,Negative,"종류는 많지만, 먹을 게 없음",020000000000
샌드위치 소스가 너무 과해서 빵이 눅눅하고 느끼했습니다.,베이커리빵,Negative,"소스 과함, 눅눅, 느끼",020000000000
소금빵 밑면이 너무 기름져서 손에 기름이 잔뜩 묻네요.,베이커리빵,Negative,"밑면 기름짐, 기름 잔뜩",020000000000
식빵 결이 하나도 안 느껴지고 뭉쳐있는 느낌이라 별로예요.,베이커리빵,Negative,"결 안 느껴짐, 뭉쳐있음, 별로",020000000000
재료 아끼시는 건지 샌드위치에 햄 한 장 들어있어 당황했네요.,베이커리빵,Negative,"재료 아낌, 당황, 부실",020000000000
빵 신선도가 떨어지는 것 같아요. 만든 지 오래된 느낌입니다.,베이커리빵,Negative,"신선도 떨어짐, 오래된 느낌",020000000000
베이글 크림치즈 양이 너무 적어서 빵만 먹는 기분이었어요.,베이커리빵,Negative,"크림치즈 양 적음, 빵만 먹는 기분",020000000000
천연 발효 빵이라는데 시큼한 맛이 너무 강해서 거부감 드네요.,베이커리빵,Negative,"시큼한 맛 강함, 거부감",020000000000
샌드위치 포장이 제대로 안 돼서 내용물이 다 흘러나왔어요.,베이커리빵,Negative,"포장 불량, 내용물 흘러나옴",020000000000
빵이 전반적으로 너무 퍽퍽해서 식감이 좋지 않습니다.,베이커리빵,Negative,"퍽퍽함, 식감 좋지 않음",020000000000
담백함을 기대했는데 버터가 너무 많이 들어가서 느끼해요.,베이커리빵,Negative,"버터 많음, 느끼함",020000000000
빵 겉면이 너무 질겨서 칼로 썰리지도 않을 정도네요.,베이커리빵,Negative,"겉면 질김, 썰리지 않음",020000000000
샌드위치 식빵이 눅눅해져서 식감이 정말 별로였습니다.,베이커리빵,Negative,"식빵 눅눅, 식감 별로",020000000000
베이글 반죽이 덜 된 건지 속이 떡진 것 같은 느낌이에요.,베이커리빵,Negative,"반죽 덜 됨, 떡진 느낌",020000000000
가격 대비 빵의 퀄리티가 편의점 빵이랑 다를 게 없네요.,베이커리빵,Negative,"퀄리티 낮음, 편의점 빵 수준",020000000000
식사 빵들이 너무 금방 딱딱해져서 포장해오니 못 먹겠어요.,베이커리빵,Negative,"금방 딱딱해짐, 못 먹겠음",020000000000
빵 향기가 안 나고 그냥 무취의 밀가루 덩어리 같아요.,베이커리빵,Negative,"향기 안 남, 밀가루 덩어리",020000000000
식사 빵 종류는 무난하게 있는 편이고 맛도 평범합니다.,베이커리빵,Neutral,"종류 무난, 맛 평범",030000000000
소금빵 맛은 어디서나 먹을 수 있는 일반적인 맛이에요.,베이커리빵,Neutral,"일반적인 맛, 무난",030000000000
샌드위치 내용물 구성은 적당하고 한 끼 때우기 괜찮아요.,베이커리빵,Neutral,"구성 적당, 한 끼 때우기 괜찮음",030000000000
베이글이 아주 쫄깃하진 않지만 그냥저냥 먹을만해요.,베이커리빵,Neutral,"아주 쫄깃하진 않지만, 먹을만함",030000000000
담백한 빵 위주라 자극적인 맛 좋아하시면 심심할 수 있어요.,베이커리빵,Neutral,"담백함, 심심할 수 있음",030000000000
식빵 크기는 적당하고 가격도 주변 카페랑 비슷합니다.,베이커리빵,Neutral,"크기 적당, 가격 비슷",030000000000
데워달라고 하면 데워주는데 따뜻할 때 먹는 게 낫네요.,베이커리빵,Neutral,"데워 먹는 게 나음, 보통",030000000000
곡물 빵 종류가 몇 가지 있는데 맛은 다 고만고만해요.,베이커리빵,Neutral,"종류 몇 가지, 고만고만",030000000000
샌드위치 채소는 싱싱한 편인데 소스 맛이 좀 강하네요.,베이커리빵,Neutral,"채소 싱싱, 소스 맛 강함",030000000000
빵이 아주 부드럽지는 않고 적당히 씹는 맛이 있는 편입니다.,베이커리빵,Neutral,"아주 부드럽진 않음, 적당한 식감",030000000000
호밀빵 특유의 거친 느낌이 있는데 호불호가 갈릴 듯해요.,베이커리빵,Neutral,"거친 느낌, 호불호 갈릴 듯",030000000000
동네 빵집에서 파는 담백한 빵들이랑 큰 차이는 없습니다.,베이커리빵,Neutral,"큰 차이 없음, 보통",030000000000
베이글에 발라 먹는 크림치즈는 별도로 구매해야 합니다.,베이커리빵,Neutral,크림치즈 별도 구매,030000000000
샌드위치 메뉴가 몇 가지 안 돼서 선택의 폭은 좁아요.,베이커리빵,Neutral,"메뉴 적음, 선택 폭 좁음",030000000000
빵이 좀 묵직한 편이라 하나만 먹어도 배가 부르네요.,베이커리빵,Neutral,"묵직함, 배부름",030000000000
늦게 가면 식사 빵 종류가 많이 빠져서 일찍 가야 해요.,베이커리빵,Neutral,"일찍 가야 함, 품절 주의",030000000000
식감은 쫄깃하기보다는 부드러운 쪽에 가까운 빵입니다.,베이커리빵,Neutral,부드러운 식감,030000000000
샌드위치 포장은 깔끔하게 잘 되어 나오는 편이에요.,베이커리빵,Neutral,"포장 깔끔, 보통",030000000000
소금빵의 짠맛이 강하지 않아서 담백하게 먹기 좋아요.,베이커리빵,Neutral,"짠맛 강하지 않음, 담백",030000000000
특별히 맛있지도 맛없지도 않은 기본적인 빵 맛입니다.,베이커리빵,Neutral,"기본적인 빵 맛, 보통",030000000000
커피랑 곁들여 먹기에 적당한 크기의 식사 빵들입니다.,베이커리빵,Neutral,"곁들이기 적당, 보통 크기",030000000000
빵이 아주 신선한 느낌은 아니지만 그렇다고 오래된 것도 아니에요.,베이커리빵,Neutral,보통의 신선도,030000000000
치아바타는 샌드위치용으로 쓰기 적당한 두께네요.,베이커리빵,Neutral,샌드위치용 적당,030000000000
빵 구성이 건강식 위주라 다이어트하시는 분들께 괜찮을 듯.,베이커리빵,Neutral,"건강식 위주, 다이어트용",030000000000
바게트의 겉면이 적당히 바삭해서 무난하게 먹었습니다.,베이커리빵,Neutral,"적당히 바삭, 무난",030000000000
식빵의 향이 아주 진하지는 않지만 은은하게 나네요.,베이커리빵,Neutral,"은은한 향, 보통",030000000000
베이글을 살짝 구워주면 더 맛있을 것 같은 느낌입니다.,베이커리빵,Neutral,구우면 더 나을 듯,030000000000
샌드위치 안에 들어간 소스 양이 적당해서 무난해요.,베이커리빵,Neutral,"소스 양 적당, 무난",030000000000
빵 종류별로 나오는 시간이 정해져 있으니 참고하세요.,베이커리빵,Neutral,빵 나오는 시간 참고,030000000000
그냥 한 번쯤 먹어볼 만한 평범한 식사 대용 빵입니다.,베이커리빵,Neutral,"한 번쯤 먹어볼 만함, 평범",030000000000
생크림이 전혀 느끼하지 않고 고소해서 입안에서 사르르 녹네요.,케이크,Positive,"생크림, 고소함, 사르르 녹음",001000000000
딸기 케이크에 딸기가 층층이 듬뿍 들어있어서 돈이 안 아까워요.,케이크,Positive,"딸기 듬뿍, 돈 안 아까움, 만족",001000000000
생일 케이크 예약했는데 디자인이 너무 예뻐서 주인공이 정말 좋아했어요.,케이크,Positive,"생일 케이크 디자인, 대만족",001000000000
치즈 케이크가 아주 꾸덕하고 진해서 깊은 풍미가 느껴집니다.,케이크,Positive,"치즈 케이크, 꾸덕함, 깊은 풍미",001000000000
티라미수 시트가 커피에 촉촉하게 적셔져 있어 풍미가 예술입니다.,케이크,Positive,"티라미수, 촉촉한 시트, 예술",001000000000
케이크 시트 자체가 너무 부드러워서 몇 번 안 씹어도 넘어가요.,케이크,Positive,"부드러운 시트, 식감 최고",001000000000
초코 케이크인데 인위적인 단맛이 아니라 고급스러운 초코 맛이에요.,케이크,Positive,"초코 케이크, 고급스러운 단맛",001000000000
조각 케이크 크기가 다른 곳보다 큼직해서 나눠 먹기 충분했습니다.,케이크,Positive,"큼직한 크기, 넉넉함, 만족",001000000000
특별한 날 홀케이크 주문했는데 레터링도 정성스럽고 아주 예뻤어요.,케이크,Positive,"홀케이크 주문, 레터링 정성, 만족",001000000000
타르트지가 바삭하고 위에 올라간 과일 당도가 최고입니다.,케이크,Positive,"바삭한 타르트, 과일 당도 최고",001000000000
여기 얼그레이 케이크는 향이 은은하게 퍼지는 게 정말 매력적이네요.,케이크,Positive,"얼그레이 향, 매력적, 맛있음",001000000000
동물성 생크림을 쓰시는지 뒷맛이 깔끔하고 아주 담백합니다.,케이크,Positive,"동물성 생크림, 깔끔한 뒷맛, 담백",001000000000
당근 케이크에 크림치즈 배합이 환상이라 인생 케이크 찾았네요.,케이크,Positive,"당근 케이크, 크림치즈 조화, 인생 케이크",001000000000
기념일마다 여기서 케이크 사는데 한 번도 실패한 적이 없어요.,케이크,Positive,"기념일 케이크, 실패 없음, 믿고 먹음",001000000000
무스 케이크 식감이 푸딩처럼 탱글하고 맛이 아주 진합니다.,케이크,Positive,"무스 케이크, 탱글한 식감, 진한 맛",001000000000
비주얼이 너무 예뻐서 먹기 전에 사진만 수십 장 찍은 것 같아요.,케이크,Positive,"예쁜 비주얼, 사진 맛집, 만족",001000000000
레드벨벳 케이크 색감이 너무 곱고 맛도 묵직하니 좋았습니다.,케이크,Positive,"레드벨벳, 고운 색감, 묵직한 맛",001000000000
케이크 사이에 들어간 과일들이 신선해서 상큼함이 터지네요.,케이크,Positive,"신선한 과일 토핑, 상큼함, 만족",001000000000
많이 달지 않은 케이크라 어른들도 정말 맛있게 드시더라고요.,케이크,Positive,"달지 않은 케이크, 부모님 만족",001000000000
밤 케이크의 구수한 맛이 커피랑 너무 잘 어울려서 감탄했어요.,케이크,Positive,"밤 케이크, 구수한 맛, 커피와 조화",001000000000
케이크 장식으로 올라간 허브랑 식용 꽃까지 세심함이 느껴져요.,케이크,Positive,"세심한 장식, 고퀄리티, 만족",001000000000
샤인머스캣 케이크 알이 꽉 차 있어서 씹는 맛이 일품입니다.,케이크,Positive,"샤인머스캣, 알이 꽉 참, 일품",001000000000
케이크 박스 열자마자 달콤한 향기가 퍼져서 행복해졌어요.,케이크,Positive,"달콤한 향기, 행복함, 만족",001000000000
여기 초코 무스는 쌉싸름한 카카오 맛이 잘 살아서 취향 저격임.,케이크,Positive,"초코 무스, 카카오 맛, 취향 저격",001000000000
쉬폰 케이크가 구름처럼 폭신폭신해서 아이들도 잘 먹네요.,케이크,Positive,"쉬폰 케이크, 폭신폭신, 아이들 간식",001000000000
케이크 단면이 층층이 예쁘게 쌓여있어 정성이 느껴졌습니다.,케이크,Positive,"예쁜 단면, 정성 가득, 만족",001000000000
쑥 케이크의 할매니얼 입맛 제대로 저격하는 고소함이네요.,케이크,Positive,"쑥 케이크, 고소함, 할매니얼 취향",001000000000
예약 주문할 때 친절하게 상담해 주셔서 기분 좋게 픽업했습니다.,케이크,Positive,"친절한 예약 상담, 기분 좋은 픽업",001000000000
케이크 위에 올라간 생크림 휘핑이 아주 쫀쫀해서 식감이 좋아요.,케이크,Positive,"쫀쫀한 휘핑, 좋은 식감, 만족",001000000000
가격대는 좀 있지만 그만큼의 가치를 하는 고퀄리티 케이크임.,케이크,Positive,"고퀄리티, 가격 가치 있음, 대만족",001000000000
케이크 크림이 미끌거리고 입안에서 겉도는 게 식물성인 듯요.,케이크,Negative,"미끌거리는 크림, 겉도는 식감, 실망",002000000000
딸기 케이크라더니 딸기가 위에만 있고 속엔 거의 없네요.,케이크,Negative,"딸기 양 부족, 부실한 내용물, 실망",002000000000
예약한 케이크 디자인이 사진이랑 너무 달라서 당황스러웠어요.,케이크,Negative,"디자인 불일치, 사진과 다름, 실망",002000000000
치즈 케이크가 너무 딱딱해서 포크가 잘 안 들어갈 정도예요.,케이크,Negative,"딱딱한 치즈 케이크, 실망",002000000000
티라미수가 너무 축축해서 빵이 아니라 물 마시는 기분이었음.,케이크,Negative,"축축한 시트, 식감 최악, 별로",002000000000
케이크 시트가 너무 퍽퍽해서 음료 없이는 목이 막혀 못 먹음.,케이크,Negative,"퍽퍽한 시트, 목 막힘, 실망",002000000000
초코 케이크가 너무 달아서 한 입 먹자마자 물리고 속 쓰려요.,케이크,Negative,"너무 단맛, 속 쓰림, 거부감",002000000000
가격에 비해 조각 케이크 크기가 너무 작아서 가성비 떨어짐.,케이크,Negative,"작은 크기, 비싼 가격, 가성비 낮음",002000000000
레터링 케이크 글씨가 너무 삐뚤빼뚤해서 제가 쓴 게 나을 뻔.,케이크,Negative,"레터링 불량, 성의 없음, 실망",002000000000
타르트지가 너무 눅눅해서 바삭한 맛이 전혀 느껴지지 않아요.,케이크,Negative,"눅눅한 타르트지, 식감 별로, 불만족",002000000000
얼그레이 향이 너무 강해서 화장품을 먹는 것 같은 기분임.,케이크,Negative,"과한 향, 화장품 맛, 불만족",002000000000
케이크에서 냉장고 냄새가 배어있어서 한 입 먹고 버렸습니다.,케이크,Negative,"냉장고 냄새, 위생 관리 부실, 최악",002000000000
당근 케이크에 시나몬 향이 너무 세서 당근 맛이 하나도 안 남.,케이크,Negative,"시나몬 과다, 밸런스 붕괴, 별로",002000000000
기대하고 주문한 홀케이크인데 맛이 너무 평범해서 돈 아까움.,케이크,Negative,"평범한 맛, 비싼 가격, 돈 아까움",002000000000
무스 케이크가 녹아서 흘러내리는 상태로 서빙되어 불쾌했음.,케이크,Negative,"녹아내린 케이크, 서빙 불만족",002000000000
케이크 장식이 사진보다 너무 부실해서 성의 없어 보였습니다.,케이크,Negative,"부실한 장식, 성의 없음, 실망",002000000000
레드벨벳 시트가 너무 짜서 케이크인지 요리인지 모르겠네요.,케이크,Negative,"너무 짠 시트, 맛의 불균형, 별로",002000000000
케이크 속 과일이 갈변되어 있고 신선하지 않아 찝찝했어요.,케이크,Negative,"갈변된 과일, 신선도 불량, 찝찝함",002000000000
케이크가 너무 달아서 아이들도 몇 입 먹고 안 먹더라고요.,케이크,Negative,"과한 단맛, 아이들도 거부, 실망",002000000000
밤 케이크라더니 밤 알갱이는 거의 없고 향료 맛만 강함.,케이크,Negative,"밤 부족, 향료 맛, 실망",002000000000
케이크 위에 올라간 꽃에서 쓴맛이 나서 전체 맛을 망쳤어요.,케이크,Negative,"쓴맛 나는 장식, 맛 망침, 별로",002000000000
샤인머스캣이 너무 셔서 달콤한 크림이랑 전혀 안 어울려요.,케이크,Negative,"신 과일, 크림과 조화 안 됨, 실망",002000000000
케이크 포장 박스가 너무 약해서 들고 오다 바닥이 빠질 뻔함.,케이크,Negative,"약한 포장 박스, 불안함, 불만",002000000000
초코 무스가 너무 뻑뻑해서 입안에서 녹지도 않고 뭉쳐있음.,케이크,Negative,"뻑뻑한 초코 무스, 식감 별로",002000000000
쉬폰 케이크인데 구멍이 숭숭 뚫려있고 너무 푸석푸석함.,케이크,Negative,"푸석푸석한 시트, 품질 불만족",002000000000
케이크 단면이 으스러져 있어서 보기에도 안 좋고 맛도 별로임.,케이크,Negative,"으스러진 단면, 비주얼 꽝, 실망",002000000000
쑥 향은 안 나고 풀 냄새 같은 비린 맛만 나서 못 먹겠어요.,케이크,Negative,"비린 맛, 향 부족, 불만족",002000000000
예약 픽업 갔는데 주문 누락되었다고 해서 생일 파티 망쳤음.,케이크,Negative,"예약 누락, 서비스 최악, 화남",002000000000
생크림 휘핑이 너무 오버됐는지 버터처럼 굳어있어 느끼함.,케이크,Negative,"오버 휘핑 크림, 느끼함, 실망",002000000000
비싼 가격에 비해 퀄리티는 편의점 케이크랑 다를 게 없네요.,케이크,Negative,"가격 대비 저퀄리티, 편의점 수준",002000000000
생크림 케이크는 그냥 무난한 맛이고 특별히 튀는 건 없어요.,케이크,Neutral,"무난한 맛, 보통",003000000000
딸기 케이크에 딸기 양은 적당한 수준인 것 같습니다.,케이크,Neutral,"적당한 딸기 양, 보통",003000000000
케이크 디자인은 요즘 흔히 볼 수 있는 심플한 스타일이에요.,케이크,Neutral,"심플한 디자인, 보통",003000000000
치즈 케이크는 커피랑 같이 먹기에 나쁘지 않은 정도입니다.,케이크,Neutral,"나쁘지 않은 맛, 보통",003000000000
티라미수는 상상할 수 있는 일반적인 카페 티라미수 맛임.,케이크,Neutral,"일반적인 맛, 보통",003000000000
시트가 아주 부드럽진 않지만 그렇다고 퍽퍽하지도 않아요.,케이크,Neutral,"적당한 시트 식감, 보통",003000000000
초코 케이크는 단맛이 적당해서 무난하게 먹기 좋습니다.,케이크,Neutral,"적당한 단맛, 무난함",003000000000
조각 케이크 가격은 이 근처 카페들이랑 비슷한 수준이에요.,케이크,Neutral,"주변과 비슷한 가격, 보통",003000000000
홀케이크 예약은 최소 이틀 전에는 해야 한다고 하네요.,케이크,Neutral,"예약 안내, 정보 전달",003000000000
타르트 종류는 매일 조금씩 바뀌는 것 같으니 확인해 보세요.,케이크,Neutral,"종류 변경 안내, 정보",003000000000
얼그레이 케이크 향은 은은하게 나는 편이라 호불호 없을 듯.,케이크,Neutral,"은은한 향, 호불호 없을 듯",003000000000
크림 양이 시트보다 많은 편이라 부드러운 거 좋아하면 맞음.,케이크,Neutral,"크림 비중 높음, 개인 취향 차이",003000000000
당근 케이크에 견과류가 씹히는 평범한 스타일의 케이크임.,케이크,Neutral,"평범한 스타일, 보통",003000000000
생일용 초는 매장에서 별도로 판매하고 있으니 참고하세요.,케이크,Neutral,"초 별도 판매, 정보 제공",003000000000
무스 케이크는 차갑게 먹어야 맛있는 기본적인 맛입니다.,케이크,Neutral,"차가운 온도, 기본적인 맛",003000000000
케이크 쇼케이스가 깨끗하게 관리되고 있어 보기 좋네요.,케이크,Neutral,"쇼케이스 관리, 보통",003000000000
레드벨벳 케이크는 단맛보다는 짠맛이 살짝 느껴지는 편임.,케이크,Neutral,"레드벨벳 특성, 보통",003000000000
케이크 위에 과일 토핑은 시즌에 따라 달라진다고 합니다.,케이크,Neutral,"시즌 토핑 변경, 정보",003000000000
많이 달지 않아서 디저트로 가볍게 먹기에는 괜찮은 듯요.,케이크,Neutral,"가벼운 디저트, 보통",003000000000
밤 케이크는 가을 시즌에만 나오는 한정 메뉴라고 하네요.,케이크,Neutral,"시즌 한정 메뉴, 정보",003000000000
케이크 장식은 화려하지 않고 깔끔하게 마무리되어 있음.,케이크,Neutral,"깔끔한 장식, 보통",003000000000
샤인머스캣 당도는 평균 정도이고 크림이랑 잘 어울려요.,케이크,Neutral,"평균 당도, 무난한 조화",003000000000
케이크 상자는 심플한 하얀색 종이 박스에 담아줍니다.,케이크,Neutral,"심플한 포장 박스, 보통",003000000000
초코 무스 질감은 부드럽기보다 약간 묵직한 편에 속함.,케이크,Neutral,"묵직한 질감, 보통",003000000000
쉬폰 케이크는 가벼운 식감이라 배불러도 잘 들어가네요.,케이크,Neutral,"가벼운 식감, 보통",003000000000
케이크 크기는 1호 사이즈가 가장 기본이고 인기 많대요.,케이크,Neutral,"사이즈 정보, 인기 메뉴 안내",003000000000
쑥 케이크는 쑥 향이 너무 강하지 않아서 입문용으로 좋음.,케이크,Neutral,"적당한 쑥 향, 무난함",003000000000
예약 픽업 시간 맞춰가면 미리 포장되어 있어 바로 받아요.,케이크,Neutral,"빠른 픽업 시스템, 보통",003000000000
생크림은 매일 아침 매장에서 직접 휘핑하신다고 합니다.,케이크,Neutral,"매일 휘핑, 정보 전달",003000000000
비주얼은 평범하지만 기본에 충실한 그런 케이크 맛입니다.,케이크,Neutral,"기본 충실, 무난한 맛",003000000000
휘낭시에 겉면이 쫀득하고 속은 촉촉해서 식감이 예술입니다.,SNACK,Positive,"휘낭시에, 쫀득, 식감 예술",000000000000
쿠키에 초코칩이랑 견과류가 아낌없이 들어가서 정말 고소해요.,SNACK,Positive,"쿠키, 초코칩 견과류 가득, 고소",000000000000
마들렌에서 은은한 레몬 향이 나는데 정말 상큼하고 맛있네요.,SNACK,Positive,"마들렌, 레몬 향, 상큼",000000000000
까눌레 겉바속촉의 정석이네요. 탄 맛 없이 달콤함이 깊어요.,SNACK,Positive,"까눌레, 겉바속촉, 정석",000000000000
스콘이 퍽퍽하지 않고 버터 풍미가 진해서 딸기잼이랑 딱입니다.,SNACK,Positive,"스콘, 버터 풍미, 잼이랑 딱",000000000000
에그타르트 필링이 푸딩처럼 부드럽고 비린내가 전혀 없어요.,SNACK,Positive,"에그타르트, 필링 부드러움, 비린내 없음",000000000000
구움과자 종류가 다양해서 골라 담는 재미가 쏠쏠합니다.,SNACK,Positive,"종류 다양, 골라 담는 재미",000000000000
수제 쿠키라 그런지 인위적인 단맛이 아니라 계속 손이 가네요.,SNACK,Positive,"수제 쿠키, 인위적이지 않은 단맛",000000000000
버터바가 아주 꾸덕하고 쫀득해서 당 충전하기에 최고예요.,SNACK,Positive,"버터바, 꾸덕쫀득, 당 충전 최고",000000000000
약과 쿠키 조합이 신선한데 맛까지 있어서 감탄했습니다.,SNACK,Positive,"약과 쿠키, 신선한 조합, 맛있다",000000000000
갓 구워 나온 휘낭시에 향기가 매장 가득 퍼져서 안 살 수가 없네요.,SNACK,Positive,"휘낭시에 향기, 매장 가득, 안 살 수 없음",000000000000
티라미수 쿠키는 처음 보는데 아이디어가 좋고 맛도 훌륭해요.,SNACK,Positive,"티라미수 쿠키, 아이디어 좋음, 훌륭",000000000000
여기 마카롱은 필링이 뚱뚱한데도 느끼하지 않고 적당히 달아요.,SNACK,Positive,"마카롱, 뚱뚱한 필링, 느끼하지 않음",000000000000
크럼블 케이크 위에 소보로가 바삭해서 씹는 맛이 최고입니다.,SNACK,Positive,"크럼블, 소보로 바삭, 씹는 맛",000000000000
황치즈 디저트 좋아하는데 여기는 치즈 맛이 정말 진하네요.,SNACK,Positive,"황치즈, 진한 맛, 디저트 추천",000000000000
브라우니가 정말 묵직하고 꾸덕해서 진한 초콜릿 맛을 느꼈어요.,SNACK,Positive,"브라우니, 묵직꾸덕, 진한 초콜릿",000000000000
프레첼에 붙은 소금이 포인트가 되어 단짠단짠 매력이 넘칩니다.,SNACK,Positive,"프레첼, 소금 포인트, 단짠단짠",000000000000
선물용으로 구움과자 세트 샀는데 포장도 예쁘고 다들 맛있다네요.,SNACK,Positive,"구움과자 세트, 포장 예쁨, 다들 맛있다 함",000000000000
러스크가 너무 딱딱하지 않고 바삭하게 잘 구워져서 간식으로 딱입니다.,SNACK,Positive,"러스크, 바삭하게, 간식으로 딱",000000000000
빨미까레 결이 살아있고 초코 코팅이 고급스러운 맛이에요.,SNACK,Positive,"빨미까레, 결 살아있음, 고급스러운 초코",000000000000
파운드 케이크가 밀도가 높으면서도 목 막히지 않고 부드러워요.,SNACK,Positive,"파운드 케이크, 밀도 높음, 부드러움",000000000000
비건 쿠키라는데 일반 쿠키보다 훨씬 담백하고 맛있어서 놀랐습니다.,SNACK,Positive,"비건 쿠키, 담백하고 맛있음, 놀람",000000000000
샤브레 쿠키가 입안에서 부드럽게 부서지는 느낌이 너무 좋아요.,SNACK,Positive,"샤브레, 부드럽게 부서짐, 느낌 좋음",000000000000
얼그레이 휘낭시에 향이 너무 고급스러워서 자꾸 생각나네요.,SNACK,Positive,"얼그레이 향, 고급스러움, 자꾸 생각남",000000000000
구움과자들이 전반적으로 재료를 아끼지 않은 느낌이라 만족스럽습니다.,SNACK,Positive,"재료 아끼지 않음, 전반적 만족",000000000000
츄러스가 갓 튀겨져 나와서 따끈하고 시나몬 설탕이 환상입니다.,SNACK,Positive,"츄러스, 따끈, 시나몬 설탕 환상",000000000000
그래놀라를 직접 만드시나 봐요. 요거트에 넣어 먹으니 꿀맛이네요.,SNACK,Positive,"직접 만든 그래놀라, 꿀맛",000000000000
쿠키 샌드 안에 든 크림이 신선해서 느끼함이 전혀 없습니다.,SNACK,Positive,"쿠키 샌드, 크림 신선, 느끼함 없음",000000000000
바나나 브레드가 촉촉하고 과일 향이 진해서 커피랑 잘 어울려요.,SNACK,Positive,"바나나 브레드, 촉촉, 커피와 조화",000000000000
여기 오면 디저트는 무조건 1인 1개 해야 합니다. 너무 맛있어요.,SNACK,Positive,"1인 1디저트 필수, 너무 맛있음",000000000000
휘낭시에가 너무 질겨서 고무 씹는 줄 알았습니다. 실망이에요.,SNACK,Negative,"휘낭시에 질김, 고무 씹는 느낌, 실망",000000000000
쿠키가 너무 딱딱해서 이빨 나가는 줄 알았어요. 오버쿡 된 듯.,SNACK,Negative,"쿠키 너무 딱딱, 이빨 나갈 뻔, 오버쿡",000000000000
마들렌이 푸석푸석해서 한 입 먹자마자 가루가 다 날리네요.,SNACK,Negative,"마들렌 푸석푸석, 가루 날림, 별로",000000000000
까눌레 속이 너무 떡진 것처럼 눅눅해서 식감이 최악이었습니다.,SNACK,Negative,"까눌레 눅눅, 떡진 식감, 최악",000000000000
스콘에 버터 맛은 안 나고 밀가루 생내만 나서 다 남겼어요.,SNACK,Negative,"스콘, 밀가루 생내, 다 남김",000000000000
에그타르트에서 계란 비린내가 너무 심해서 한 입 먹고 버렸습니다.,SNACK,Negative,"에그타르트, 비린내 심함, 버림",000000000000
구움과자들 가격이 너무 비싼데 크기는 진짜 엄지손가락만 하네요.,SNACK,Negative,"가격 비쌈, 크기 너무 작음",000000000000
마카롱 꼬끄가 너무 딱딱해서 쫀득한 맛이 하나도 없습니다.,SNACK,Negative,"마카롱 꼬끄 딱딱, 쫀득함 없음",000000000000
버터바가 기름지기만 하고 풍미가 전혀 느껴지지 않네요.,SNACK,Negative,"버터바 기름짐, 풍미 없음",000000000000
쿠키가 너무 달아서 혀가 마비될 정도예요. 설탕 덩어리 같습니다.,SNACK,Negative,"너무 달아서, 설탕 덩어리",000000000000
갓 구운 줄 알고 샀는데 다 식어있고 눅눅해서 돈 아까웠어요.,SNACK,Negative,"식어있고 눅눅함, 돈 아까움",000000000000
황치즈 쿠키인데 치즈 맛보다는 색소 맛만 강하게 나네요.,SNACK,Negative,"치즈 맛 부족, 색소 맛 강함",000000000000
브라우니가 너무 건조해서 브라우니라기보다 마른 빵 같아요.,SNACK,Negative,"건조한 브라우니, 마른 빵 느낌",000000000000
디저트 진열대에 덮개가 없어서 위생상 좀 찝찝했습니다.,SNACK,Negative,"진열대 덮개 없음, 위생 찝찝",000000000000
구움과자 종류는 많은데 다 맛이 비슷비슷해서 개성이 없어요.,SNACK,Negative,"종류만 많고, 개성 없음",000000000000
파운드 케이크가 목이 너무 막혀서 커피 없이는 못 먹을 수준입니다.,SNACK,Negative,"목 막힘, 못 먹을 수준",000000000000
러스크가 너무 기름을 많이 먹어서 한 입 먹으면 느끼함이 올라와요.,SNACK,Negative,"기름 많이 먹음, 느끼함",000000000000
수제라고 하는데 기성품 맛이랑 다를 게 전혀 없어서 실망스럽네요.,SNACK,Negative,"기성품 맛, 실망스러움",000000000000
초코 코팅이 입에서 겉돌고 저렴한 초콜릿 맛이라 별로였어요.,SNACK,Negative,"초콜릿 겉돔, 저렴한 맛, 별로",000000000000
크럼블이 다 으스러져서 먹기가 너무 불편하고 지저분해져요.,SNACK,Negative,"다 으스러짐, 먹기 불편, 지저분",000000000000
마들렌 배꼽도 하나도 안 올라오고 그냥 평범한 빵 수준입니다.,SNACK,Negative,"배꼽 안 올라옴, 평범한 빵",000000000000
선물 세트 구성이 너무 부실해서 선물했다가 민망할 뻔했네요.,SNACK,Negative,"세트 구성 부실, 민망함",000000000000
츄러스가 너무 기름에 쩔어 있어서 눅눅하고 맛없습니다.,SNACK,Negative,"기름에 쩔어 있음, 눅눅함, 맛없음",000000000000
얼그레이 향이 너무 인위적이라 화장품 냄새처럼 느껴졌어요.,SNACK,Negative,"인위적 향, 화장품 냄새",000000000000
구움과자가 전반적으로 너무 작아서 가격 대비 만족도가 낮습니다.,SNACK,Negative,"크기 너무 작음, 만족도 낮음",000000000000
타르트지가 눅눅해서 바삭한 맛이 전혀 느껴지지 않았습니다.,SNACK,Negative,"타르트지 눅눅, 바삭함 없음",000000000000
쿠키 안에 견과류가 너무 적어서 씹는 맛이 하나도 없네요.,SNACK,Negative,"견과류 적음, 씹는 맛 없음",000000000000
휘낭시에 밑면이 다 타서 쓴맛만 강하게 났습니다.,SNACK,Negative,"밑면 탐, 쓴맛 강함",000000000000
비건 디저트라 그런지 너무 푸석하고 맛이 너무 없어서 당황했어요.,SNACK,Negative,"푸석함, 맛없어서 당황",000000000000
디저트들이 대체적으로 너무 달아서 아메리카노 필수입니다.,SNACK,Negative,"너무 달아서, 아메리카노 필수",000000000000
휘낭시에 크기는 적당하고 맛은 그냥 무난한 편입니다.,SNACK,Neutral,"적당한 크기, 무난한 맛",000000000000
쿠키 종류가 꽤 있어서 취향대로 고를 수 있는 건 좋네요.,SNACK,Neutral,"종류 꽤 있음, 취향대로",000000000000
마들렌 맛은 어디서나 먹어볼 수 있는 평범한 수준입니다.,SNACK,Neutral,"어디서나 먹을 맛, 평범",000000000000
구움과자들이 전체적으로 자극적이지 않고 삼삼합니다.,SNACK,Neutral,"자극적이지 않음, 삼삼함",000000000000
스콘에 잼이 기본으로 제공되지 않아서 따로 주문해야 해요.,SNACK,Neutral,"잼 미제공, 따로 주문",000000000000
에그타르트 크기가 생각보다 작아서 한 입에 다 들어갑니다.,SNACK,Neutral,"크기 생각보다 작음, 한 입 거리",000000000000
구움과자 선물 포장비가 별도로 추가되니 참고하세요.,SNACK,Neutral,포장비 별도 추가,000000000000
수제 쿠키라 그런지 모양이 조금 투박한 느낌은 있네요.,SNACK,Neutral,"수제 쿠키, 투박한 모양",000000000000
버터바 식감이 적당히 쫀득한 정도라 먹기에 나쁘지 않아요.,SNACK,Neutral,"적당한 식감, 나쁘지 않음",000000000000
디저트들이 단맛이 강하지 않아서 가볍게 먹기 좋습니다.,SNACK,Neutral,"단맛 강하지 않음, 가볍게",000000000000
휘낭시에 종류별로 가격 차이가 조금씩 있는 편입니다.,SNACK,Neutral,종류별 가격 차이,000000000000
마카롱 필링이 적당히 들어있는 기본적인 형태입니다.,SNACK,Neutral,"적당한 필링, 기본적인 형태",000000000000
브라우니는 따뜻하게 데워달라고 하면 데워주시는 것 같아요.,SNACK,Neutral,"데워주심, 보통",000000000000
디저트가 소진되는 속도가 빨라서 오후에 가면 없을 수도 있어요.,SNACK,Neutral,"소진 속도 빠름, 오후 품절 주의",000000000000
쿠키의 질감은 바삭하기보다 부드러운 쪽에 가깝습니다.,SNACK,Neutral,부드러운 질감,000000000000
파운드 케이크는 슬라이스로도 팔아서 부담 없이 먹기 좋네요.,SNACK,Neutral,"슬라이스 판매, 부담 없음",000000000000
그냥 동네 카페에서 흔히 볼 수 있는 구움과자 구성입니다.,SNACK,Neutral,"흔한 구성, 보통",000000000000
구움과자 포장 용기가 심플해서 그냥 선물하기 괜찮아요.,SNACK,Neutral,"심플한 포장, 선물용 괜찮음",000000000000
에그타르트지는 페이스트리 형태라 가루가 좀 떨어지는 편입니다.,SNACK,Neutral,"페이스트리 형태, 가루 떨어짐",000000000000
까눌레는 하루에 나오는 수량이 한정되어 있다고 하네요.,SNACK,Neutral,"수량 한정, 구매 안내",000000000000
디저트들이 커피랑 같이 먹기에는 딱 적당한 당도입니다.,SNACK,Neutral,"적당한 당도, 커피와 어울림",000000000000
마들렌 시트러스 향이 은은하게 나는데 강하진 않아요.,SNACK,Neutral,"은은한 향, 보통",000000000000
수제 디저트치고는 가격이 적당한 수준인 것 같습니다.,SNACK,Neutral,적당한 가격 수준,000000000000
구움과자 보관 방법이 적힌 종이를 같이 넣어주시네요.,SNACK,Neutral,보관 방법 안내,000000000000
츄러스는 시나몬 가루 양을 조절해서 묻힐 수 있어 좋아요.,SNACK,Neutral,시나몬 조절 가능,000000000000
과자들 크기가 아담해서 여러 개 사도 큰 부담은 없네요.,SNACK,Neutral,"아담한 크기, 부담 없음",000000000000
스콘은 플레인 맛이 가장 기본적이고 무난한 것 같아요.,SNACK,Neutral,"플레인 스콘, 무난",000000000000
디저트 코너가 따로 마련되어 있어 직접 골라 담으면 됩니다.,SNACK,Neutral,셀프 선택 시스템,000000000000
구움과자 식감이 전반적으로 평이해서 실패는 없을 듯해요.,SNACK,Neutral,"평이한 식감, 실패 없을 듯",000000000000
딱 상상할 수 있는 그런 기본적인 구움과자의 맛입니다.,SNACK,Neutral,"기본적인 맛, 예상 가능",000000000000
푸딩이 정말 탱글탱글하고 커스터드 맛이 진해서 감동했어요.,기타디저트,Positive,"푸딩, 탱글탱글, 커스터드 진함",000001000000
젤라또 식감이 아주 쫀득하고 원재료의 맛이 잘 살아있습니다.,기타디저트,Positive,"젤라또, 쫀득함, 원재료 맛",000001000000
요거트 볼에 과일이랑 그래놀라가 풍성해서 한 끼 식사로도 충분해요.,기타디저트,Positive,"요거트 볼, 풍성함, 식사 대용",000001000000
파르페 비주얼이 너무 예뻐서 먹기 아까울 정도였습니다.,기타디저트,Positive,"파르페, 예쁜 비주얼, 만족",000001000000
판나코타가 입안에서 사르르 녹고 소스랑 조화가 아주 좋네요.,기타디저트,Positive,"판나코타, 녹는 식감, 조화 굿",000001000000
수제 양갱이라 그런지 과하게 달지 않고 식감이 아주 고급져요.,기타디저트,Positive,"수제 양갱, 적당한 단맛, 고급진 식감",000001000000
크림 브륄레 윗면 톡 깨서 먹는 재미도 있고 맛도 정말 진해요.,기타디저트,Positive,"크림 브륄레, 깨는 재미, 진한 맛",000001000000
그릭 요거트가 정말 꾸덕해서 딱 제가 찾던 스타일입니다.,기타디저트,Positive,"그릭 요거트, 꾸덕함, 취향 저격",000001000000
여기 팥빙수 팥을 직접 쑤시는 것 같아요. 알이 살아있고 맛있네요.,기타디저트,Positive,"직접 쑨 팥, 알이 살아있음, 맛있다",000001000000
티라미수 푸딩은 처음인데 아이디어가 신선하고 맛도 훌륭해요.,기타디저트,Positive,"티라미수 푸딩, 신선함, 훌륭",000001000000
셔벗이 너무 상큼해서 입안을 깔끔하게 정리해 주는 기분입니다.,기타디저트,Positive,"셔벗, 상큼함, 입안 깔끔",000001000000
말차 푸딩의 쌉싸름한 맛이 생크림이랑 너무 잘 어울려요.,기타디저트,Positive,"말차 푸딩, 쌉싸름함, 생크림 조화",000001000000
디저트 데코레이션이 예술이라 사진 찍으면 정말 잘 나와요.,기타디저트,Positive,"데코레이션 예술, 사진 잘 나옴",000001000000
과일 젤리에 과육이 큼직하게 들어있어서 씹는 맛이 좋네요.,기타디저트,Positive,"과일 젤리, 과육 큼직, 씹는 맛",000001000000
이곳만의 특색 있는 디저트 메뉴가 많아서 올 때마다 즐겁습니다.,기타디저트,Positive,"특색 있는 메뉴, 올 때마다 즐거움",000001000000
쌀 푸딩 식감이 독특하고 고소해서 자꾸 생각나는 맛이에요.,기타디저트,Positive,"쌀 푸딩, 독특한 식감, 고소함",000001000000
아포가토에 올라가는 아이스크림이 상하목장이라 정말 진하네요.,기타디저트,Positive,"아포가토, 진한 아이스크림, 상하목장",000001000000
초코 무스가 아주 진하고 부드러워서 스트레스가 다 풀립니다.,기타디저트,Positive,"초코 무스, 진하고 부드러움, 스트레스 풀림",000001000000
디저트 접시나 소품 하나하나 신경 쓴 게 느껴져서 대접받는 기분이에요.,기타디저트,Positive,"신경 쓴 소품, 대접받는 기분",000001000000
계절마다 디저트 라인업이 바뀌어서 매번 새로운 맛을 느낄 수 있어요.,기타디저트,Positive,"계절별 라인업, 매번 새로움",000001000000
흑임자 푸딩의 고소함이 입안 가득 퍼지는 게 정말 일품입니다.,기타디저트,Positive,"흑임자 푸딩, 고소함 일품",000001000000
젤라또 양도 넉넉하게 주시고 서비스로 맛보기 한 스푼 더 주셔서 감동!,기타디저트,Positive,"넉넉한 양, 서비스 감동",000001000000
요거트 베이스가 신선해서 그런지 전혀 시지 않고 담백해요.,기타디저트,Positive,"신선한 요거트, 담백함",000001000000
디저트들이 전반적으로 비주얼뿐만 아니라 맛도 확실히 챙겼네요.,기타디저트,Positive,비주얼과 맛 모두 만족,000001000000
이곳 시그니처 디저트는 무조건 드셔보세요. 어디서도 못 본 맛입니다.,기타디저트,Positive,"시그니처 디저트, 독보적인 맛",000001000000
타피오카 펄이 아주 쫄깃하게 잘 삶아져서 먹기 좋았습니다.,기타디저트,Positive,"타피오카 펄, 쫄깃함, 만족",000001000000
수플레 팬케이크가 구름처럼 퐁신퐁신하고 입에서 사라지네요.,기타디저트,Positive,"수플레 팬케이크, 퐁신퐁신, 사라지는 맛",000001000000
디저트가 너무 예뻐서 선물용으로 샀는데 받는 사람이 너무 좋아했어요.,기타디저트,Positive,"예쁜 디저트, 선물용 추천",000001000000
카이막의 풍미가 진하고 같이 나오는 꿀이랑 빵 조화가 미쳤어요.,기타디저트,Positive,"카이막 풍미, 조화 미쳤음",000001000000
디저트 하나하나 정성이 가득 들어간 게 느껴지는 퀄리티입니다.,기타디저트,Positive,"정성 가득, 높은 퀄리티",000001000000
푸딩이 너무 흐물거려서 식감이 별로고 맛도 밍밍해요.,기타디저트,Negative,"푸딩 흐물거림, 식감 별로, 밍밍함",000002000000
젤라또가 다 녹아서 나와서 그냥 밀크쉐이크 마시는 줄 알았네요.,기타디저트,Negative,"젤라또 녹음, 밀크쉐이크 같음",000002000000
요거트에 들어간 과일이 신선하지 않고 갈변되어 있어 실망했습니다.,기타디저트,Negative,"과일 불신선, 갈변, 실망",000002000000
파르페 가격은 엄청 비싼데 그냥 과자 몇 개 꽂아놓은 수준이에요.,기타디저트,Negative,"비싼 가격, 부실한 구성",000002000000
푸딩에서 인공적인 향료 냄새가 너무 강하게 나서 거북했습니다.,기타디저트,Negative,"인공 향료 냄새, 거북함",000002000000
젤라또 식감이 쫀득하지 않고 서걱거려서 실망스러웠어요.,기타디저트,Negative,"서걱거리는 식감, 실망",000002000000
요거트 볼에 꿀이 너무 많이 들어가서 너무 달아 먹기 힘들었어요.,기타디저트,Negative,"꿀 과다, 너무 달아서 힘듦",000002000000
디저트 비주얼만 번드르르하고 맛은 편의점보다 못하네요.,기타디저트,Negative,"비주얼만 좋음, 맛없음",000002000000
그릭 요거트라고 하는데 너무 묽어서 그냥 일반 요거트 같아요.,기타디저트,Negative,"그릭 요거트 묽음, 일반 요거트 같음",000002000000
양갱 가격이 말도 안 되게 비싸네요. 한 입에 천 원꼴인 듯.,기타디저트,Negative,"양갱 비싼 가격, 가성비 최악",000002000000
아포가토 커피가 너무 써서 아이스크림 맛을 다 죽여버려요.,기타디저트,Negative,"커피 너무 씀, 아이스크림 맛 죽임",000002000000
초코 무스가 너무 뻑뻑해서 목이 멜 정도였어요.,기타디저트,Negative,"초코 무스 뻑뻑함, 목 멤",000002000000
디저트 접시가 지저분하게 서빙되어 나와서 기분이 안 좋았습니다.,기타디저트,Negative,"지저분한 서빙, 기분 안 좋음",000002000000
특색 있는 디저트라더니 그냥 이름만 거창하고 맛은 평범해요.,기타디저트,Negative,"이름만 거창, 평범한 맛",000002000000
수플레 팬케이크 주문했는데 계란 비린내가 너무 심해서 못 먹겠어요.,기타디저트,Negative,"수플레 비린내, 못 먹겠음",000002000000
젤리 식감이 너무 딱딱해서 씹기가 힘들고 맛도 인위적입니다.,기타디저트,Negative,"젤리 딱딱함, 인위적인 맛",000002000000
카이막 양이 너무 적어서 빵을 다 먹기도 전에 모자랐습니다.,기타디저트,Negative,"카이막 양 적음, 부족함",000002000000
디저트가 전반적으로 너무 달아서 다 먹고 나면 속이 니글거려요.,기타디저트,Negative,"너무 달아서, 속 니글거림",000002000000
냉장 보관이 잘못된 건지 디저트에서 냉장고 냄새가 배어있네요.,기타디저트,Negative,"냉장고 냄새 배어있음, 실망",000002000000
팥빙수 얼음이 너무 굵어서 씹는 맛이 없고 거칠기만 합니다.,기타디저트,Negative,"얼음 굵고 거침, 별로",000002000000
아이스크림이 금방 녹아버려서 나중에는 그냥 설탕물 같아요.,기타디저트,Negative,"금방 녹음, 설탕물 같음",000002000000
요거트 토핑으로 올라간 견과류가 눅눅해서 쩐내가 좀 나네요.,기타디저트,Negative,"견과류 눅눅함, 쩐내",000002000000
가격 대비 양이 너무 적어서 두 번은 안 시켜 먹을 것 같습니다.,기타디저트,Negative,"양 너무 적음, 재구매 의사 없음",000002000000
디저트 메뉴 설명이랑 실제 나온 거랑 너무 달라서 당황했어요.,기타디저트,Negative,"설명과 다름, 당황스러움",000002000000
말차 맛이 너무 약해서 말차 디저트인지도 모르겠네요.,기타디저트,Negative,"말차 맛 약함, 정체성 모호",000002000000
디저트 컵 주변에 시럽이 묻어 있어서 손이 다 끈적거려요.,기타디저트,Negative,"시럽 묻음, 끈적거림, 불편",000002000000
셔벗에 얼음 알갱이가 너무 커서 식감이 아주 안 좋습니다.,기타디저트,Negative,"얼음 알갱이 큼, 식감 안 좋음",000002000000
양이 적어도 너무 적네요. 맛도 평범한데 돈 아깝습니다.,기타디저트,Negative,"양 너무 적음, 평범함, 돈 아까움",000002000000
티라미수 푸딩인데 커피 맛은 안 나고 크림 맛만 나서 느끼해요.,기타디저트,Negative,"커피 맛 없음, 느끼한 크림 맛",000002000000
디저트가 너무 예쁘기만 하고 맛에 대한 고민은 부족해 보입니다.,기타디저트,Negative,"예쁘기만 함, 맛 고민 부족",000002000000
푸딩 맛은 그냥 무난하고 양도 적당한 편입니다.,기타디저트,Neutral,"무난한 맛, 적당한 양",000003000000
젤라또 종류는 몇 가지 있는데 그냥 평범한 맛이에요.,기타디저트,Neutral,"종류 몇 가지, 평범한 맛",000003000000
요거트 볼 구성은 과일이랑 그래놀라 정도로 일반적입니다.,기타디저트,Neutral,"일반적인 구성, 보통",000003000000
파르페는 비주얼 위주라 한 번쯤 시켜볼 만한 정도예요.,기타디저트,Neutral,"비주얼 위주, 시켜볼 만함",000003000000
디저트 메뉴가 시즌별로 바뀌는 것 같으니 확인하고 가세요.,기타디저트,Neutral,"시즌 메뉴 변경, 확인 필요",000003000000
푸딩 식감이 아주 부드럽지는 않고 살짝 탄력이 있는 편입니다.,기타디저트,Neutral,살짝 탄력 있는 식감,000003000000
젤라또 한 컵에 두 가지 맛을 선택할 수 있는 게 장점이네요.,기타디저트,Neutral,두 가지 맛 선택 가능,000003000000
요거트가 아주 꾸덕하지도 않고 묽지도 않은 적당한 농도입니다.,기타디저트,Neutral,"적당한 농도, 보통",000003000000
양갱은 그냥 시중에서 파는 거랑 큰 차이는 모르겠어요.,기타디저트,Neutral,시중 제품과 큰 차이 없음,000003000000
아포가토 아이스크림 양이 적당해서 커피랑 밸런스는 맞네요.,기타디저트,Neutral,"적당한 양, 밸런스 보통",000003000000
초코 무스는 아주 달지 않아서 무난하게 먹었습니다.,기타디저트,Neutral,"아주 달지 않음, 무난함",000003000000
디저트 가격대는 이 근처 카페들이랑 비슷한 수준이에요.,기타디저트,Neutral,"비슷한 가격대, 보통",000003000000
그릭 요거트 토핑을 마음대로 추가할 수 있는 시스템입니다.,기타디저트,Neutral,토핑 추가 가능 시스템,000003000000
디저트 서빙 속도는 그냥 평범한 수준인 것 같아요.,기타디저트,Neutral,평범한 서빙 속도,000003000000
특별한 맛은 아니지만 비주얼이 좋아서 사진 찍기 괜찮네요.,기타디저트,Neutral,"비주얼 좋음, 사진용",000003000000
팥빙수 얼음은 우유 얼음이라 부드럽게 잘 넘어갑니다.,기타디저트,Neutral,"우유 얼음, 부드러움",000003000000
디저트들이 대체적으로 1인용이라 양이 많지는 않아요.,기타디저트,Neutral,"1인용, 양 적당",000003000000
셔벗은 식후에 입가심용으로 먹기에 나쁘지 않은 선택입니다.,기타디저트,Neutral,"입가심용, 나쁘지 않음",000003000000
카이막 세트에는 빵이 기본으로 포함되어 나옵니다.,기타디저트,Neutral,빵 기본 포함,000003000000
디저트 종류가 매일 조금씩 달라지는 것 같네요.,기타디저트,Neutral,"종류 매일 변경, 참고",000003000000
아이스크림 위에 토핑이 조금 올라가 있어 씹는 맛이 있네요.,기타디저트,Neutral,"토핑 있음, 씹는 맛",000003000000
요거트 베이스 맛이 깔끔해서 호불호가 없을 것 같아요.,기타디저트,Neutral,"깔끔한 맛, 호불호 없음",000003000000
푸딩 용기가 귀여워서 다 먹고 가져가고 싶더라고요.,기타디저트,Neutral,"귀여운 용기, 보통",000003000000
디저트 메뉴 설명이 메뉴판에 자세히 적혀 있어 좋네요.,기타디저트,Neutral,자세한 메뉴 설명,000003000000
그냥 흔히 아는 그런 젤라또의 쫀득한 맛입니다.,기타디저트,Neutral,흔히 아는 쫀득함,000003000000
과일 젤리는 아이들이 좋아할 것 같은 달콤한 맛이에요.,기타디저트,Neutral,"아이들이 좋아할 맛, 달콤",000003000000
수플레 팬케이크는 만드는 데 시간이 좀 걸린다고 하니 참고하세요.,기타디저트,Neutral,조리 시간 소요 참고,000003000000
디저트들이 너무 화려하지는 않지만 깔끔하게 나옵니다.,기타디저트,Neutral,"깔끔한 서빙, 보통",000003000000
초코 무스에 견과류가 조금 섞여 있는 일반적인 형태입니다.,기타디저트,Neutral,일반적인 형태,000003000000
딱 예상 가능한 범위 내의 디저트 퀄리티입니다.,기타디저트,Neutral,예상 가능한 퀄리티,000003000000
망고 빙수에 생망고가 통째로 올라가서 당도가 어마어마합니다.,빙수과일,Positive,"생망고, 당도 높음, 만족",000010000000
수박 주스가 인위적인 시럽 맛이 아니라 진짜 수박을 갈아 넣었네요.,빙수과일,Positive,"수박 주스, 진짜 수박, 신선",000010000000
눈꽃 빙수 얼음이 너무 고와서 입안에서 구름처럼 녹아내려요.,빙수과일,Positive,"눈꽃 빙수, 고운 얼음, 사르르 녹음",000010000000
제철 과일 타르트에 올라간 블루베리가 알이 굵고 아주 싱싱해요.,빙수과일,Positive,"제철 과일, 블루베리 싱싱, 만족",000010000000
여기 팥빙수는 직접 만든 팥이라 그런지 고소함이 남다릅니다.,빙수과일,Positive,"직접 만든 팥, 고소함, 남다름",000010000000
과일 도시락 구성이 알차서 피크닉 갈 때 사 가기 딱 좋아요.,빙수과일,Positive,"과일 도시락, 구성 알참, 피크닉용",000010000000
빙수 위에 올라간 하겐다즈 아이스크림이랑 과일 조화가 꿀맛입니다.,빙수과일,Positive,"아이스크림 과일 조화, 꿀맛",000010000000
복숭아 에이드에 복숭아 과육이 씹혀서 식감도 좋고 상큼해요.,빙수과일,Positive,"복숭아 과육, 식감 좋음, 상큼",000010000000
멜론 빙수 비주얼이 압도적이라 나오자마자 사진부터 찍었네요.,빙수과일,Positive,"멜론 빙수, 압도적 비주얼, 사진용",000010000000
과일 스무디가 걸쭉하고 진해서 원재료를 아끼지 않은 게 느껴져요.,빙수과일,Positive,"과일 스무디, 진함, 재료 아끼지 않음",000010000000
딸기 빙수 딸기가 냉동이 아니라 생딸기라 향부터가 다릅니다.,빙수과일,Positive,"생딸기 빙수, 향이 좋음, 만족",000010000000
요거트 빙수에 들어간 그래놀라랑 과일이 정말 잘 어울려요.,빙수과일,Positive,"요거트 빙수, 과일 조화, 맛있음",000010000000
자몽 주스가 쌉싸름하면서도 달콤해서 갈증 해소에 최고입니다.,빙수과일,Positive,"자몽 주스, 갈증 해소, 최고",000010000000
과일 샌드위치 생크림이 안 느끼하고 과일이 큼직해서 좋아요.,빙수과일,Positive,"과일 샌드위치, 과일 큼직, 안 느끼함",000010000000
빙수 양이 엄청 많아서 셋이 먹어도 충분할 정도였어요.,빙수과일,Positive,"빙수 양 많음, 넉넉함, 만족",000010000000
샤인머스캣 에이드가 청량감이 대박이고 과일이 정말 달아요.,빙수과일,Positive,"샤인머스캣, 청량감 대박, 달콤",000010000000
빙수 속에도 과일이 층층이 쌓여있어서 끝까지 맛있게 먹었네요.,빙수과일,Positive,"과일 층층이, 끝까지 맛있음",000010000000
과일 요거트 볼에 든 바나나가 딱 알맞게 익어서 부드러워요.,빙수과일,Positive,"바나나, 알맞게 익음, 부드러움",000010000000
무화과 디저트는 여기서 처음 먹어봤는데 신선하고 정말 맛나요.,빙수과일,Positive,"무화과 디저트, 신선, 맛나요",000010000000
빙수 얼음 자체가 우유 얼음이라 그냥 먹어도 고소하고 맛있습니다.,빙수과일,Positive,"우유 얼음, 고소함, 맛있다",000010000000
착즙 주스라 영양소 파괴도 없을 것 같고 맛이 정말 깔끔해요.,빙수과일,Positive,"착즙 주스, 영양소, 깔끔한 맛",000010000000
청포도 빙수 토핑이 듬뿍 올라가서 비주얼도 맛도 만점입니다.,빙수과일,Positive,"청포도 빙수, 토핑 듬뿍, 만점",000010000000
과일 샐러드 야채도 싱싱하고 과일 종류가 다양해서 좋았습니다.,빙수과일,Positive,"과일 샐러드, 종류 다양, 싱싱",000010000000
여기 팥빙수 떡이 아주 쫄깃쫄깃해서 식감이 너무 좋아요.,빙수과일,Positive,"팥빙수 떡, 쫄깃함, 식감 굿",000010000000
파인애플 주스가 새콤달콤해서 식후 디저트로 정말 딱이네요.,빙수과일,Positive,"파인애플 주스, 새콤달콤, 식후 딱",000010000000
빙수 시럽이 과하게 달지 않고 과일 본연의 맛을 잘 살려줘요.,빙수과일,Positive,"적당한 시럽, 과일 본연의 맛",000010000000
사과 주스 갈아주실 때 껍질째 갈아주셔서 더 건강한 느낌입니다.,빙수과일,Positive,"사과 주스, 건강한 느낌, 만족",000010000000
"베리 빙수에 블루베리, 라즈베리가 가득해서 상큼함이 터지네요.",빙수과일,Positive,"베리 빙수, 상큼함 터짐, 만족",000010000000
과일 플레이팅이 너무 예뻐서 먹기 전부터 기분이 좋아집니다.,빙수과일,Positive,"플레이팅 예쁨, 기분 좋아짐",000010000000
여름엔 역시 이 집 빙수죠! 올 때마다 변함없이 맛있네요.,빙수과일,Positive,"여름 필수 빙수, 변함없는 맛",000010000000
망고 빙수라고 시켰는데 망고가 너무 시고 딱딱해서 실망했어요.,빙수과일,Negative,"망고 시고 딱딱, 실망, 맛없음",000020000000
수박 주스에 물을 너무 많이 섞었는지 밍밍하고 수박 향도 안 나요.,빙수과일,Negative,"수박 주스 밍밍, 물 많이 섞음",000020000000
빙수 얼음이 너무 거칠어서 입안이 까칠해지는 느낌이었습니다.,빙수과일,Negative,"거친 얼음, 식감 별로, 불만족",000020000000
과일 타르트 과일 표면이 말라있어서 신선도가 한참 떨어져 보여요.,빙수과일,Negative,"과일 마름, 신선도 낮음, 비추천",000020000000
팥빙수 팥이 너무 달아서 한 입 먹자마자 혀가 얼얼할 정도네요.,빙수과일,Negative,"팥 너무 달아서, 거부감, 실패",000020000000
과일 주스 가격은 비싼데 양이 너무 적어서 몇 모금 마시니 끝이에요.,빙수과일,Negative,"가격 비쌈, 양 적음, 가성비 최악",000020000000
빙수 위에 올라간 과일이 냉동이라 이가 시리고 아무 맛도 안 나요.,빙수과일,Negative,"냉동 과일, 무맛, 실망",000020000000
자몽 에이드가 너무 써서 도저히 못 마시겠더라고요. 시럽도 부족해요.,빙수과일,Negative,"자몽 너무 씀, 못 마시겠음, 떫음",000020000000
빙수 그릇이 너무 작아서 과일 토핑이 자꾸 밖으로 다 흘러넘쳐요.,빙수과일,Negative,"그릇 작음, 토핑 흘러나옴, 불편",000020000000
스무디가 덜 갈렸는지 얼음 덩어리가 계속 씹혀서 별로였습니다.,빙수과일,Negative,"덜 갈린 스무디, 얼음 덩어리, 별로",000020000000
딸기 빙수에 딸기 시럽 맛이 너무 인위적이고 저렴한 맛이 나요.,빙수과일,Negative,"인위적 시럽 맛, 저렴함, 실망",000020000000
요거트 빙수가 너무 시큼해서 제 입맛에는 정말 안 맞았습니다.,빙수과일,Negative,"요거트 시큼, 입맛 안 맞음, 실패",000020000000
주스 마시는데 과일 씨가 계속 걸려서 먹기가 너무 불편했네요.,빙수과일,Negative,"과일 씨 걸림, 먹기 불편, 불만",000020000000
과일 샌드위치 빵이 눅눅해져서 축 처진 식감이 아주 안 좋았어요.,빙수과일,Negative,"샌드위치 눅눅, 식감 별로, 비추",000020000000
빙수 양이 메뉴판 사진보다 현저히 적어서 사기당한 기분입니다.,빙수과일,Negative,"양 현저히 적음, 사진과 다름, 실망",000020000000
과일들이 전체적으로 안 익었는지 너무 딱딱하고 떫은맛이 나네요.,빙수과일,Negative,"안 익은 과일, 딱딱함, 떫음",000020000000
빙수 속에는 얼음만 가득하고 토핑은 겉에만 살짝 발려있네요.,빙수과일,Negative,"토핑 부족, 얼음만 가득, 속은 맛없음",000020000000
과일 요거트에 과일이 너무 조금 들어있어서 실망스러웠습니다.,빙수과일,Negative,"과일 양 적음, 실망, 부실",000020000000
빙수 시럽이 너무 많이 뿌려져 있어서 너무 끈적거리고 달아요.,빙수과일,Negative,"시럽 과다, 끈적거림, 너무 담",000020000000
팥빙수 떡이 딱딱하게 굳어있어서 씹기가 너무 힘들었습니다.,빙수과일,Negative,"떡 굳어있음, 씹기 힘듦, 실망",000020000000
착즙 주스라고 하더니 뒤에서 통에 든 거 붓는 걸 봤어요.,빙수과일,Negative,"착즙 아님, 실망, 신뢰도 하락",000020000000
과일 샐러드 드레싱이 너무 과해서 과일 맛이 하나도 안 느껴져요.,빙수과일,Negative,"드레싱 과다, 과일 맛 안 남, 별로",000020000000
빙수가 너무 빨리 녹아서 나중에는 그냥 과일 국이 되어버렸네요.,빙수과일,Negative,"금방 녹음, 과일 국, 만족도 낮음",000020000000
과일에서 이상한 약품 냄새 같은 게 나서 다 남기고 왔습니다.,빙수과일,Negative,"약품 냄새, 찝찝함, 다 남김",000020000000
파인애플이 너무 셔서 속이 쓰릴 정도였습니다. 선별이 안 된 듯.,빙수과일,Negative,"너무 시고 속 쓰림, 과일 선별 불량",000020000000
과일 플레이팅이 사진이랑 너무 다르고 대충 담아준 느낌이에요.,빙수과일,Negative,"플레이팅 부실, 사진과 다름, 대충임",000020000000
빙수 먹는데 머리카락이 나와서 비위 상하고 기분 다 망쳤습니다.,빙수과일,Negative,"이물질 나옴, 머리카락, 위생 불량",000020000000
복숭아가 물복도 딱복도 아닌 애매하고 맛없는 맛이라 실망요.,빙수과일,Negative,"맛없는 복숭아, 실망, 당도 낮음",000020000000
얼음에서 수돗물 냄새가 나는 것 같아서 빙수 맛이 다 죽네요.,빙수과일,Negative,"수돗물 냄새, 얼음 불량, 별로",000020000000
가격은 호텔 빙수급인데 맛은 동네 분식집 빙수만도 못해요.,빙수과일,Negative,"가성비 최악, 가격만 비쌈, 맛없음",000020000000
망고 빙수 양은 적당하고 맛도 상상하는 딱 그 맛입니다.,빙수과일,Neutral,"적당한 양, 상상 가능한 맛",000030000000
수박 주스는 시원하게 마시기 좋은 무난한 퀄리티예요.,빙수과일,Neutral,"시원함, 무난한 퀄리티, 보통",000030000000
빙수 얼음 입자가 아주 곱지도 거칠지도 않은 보통 수준입니다.,빙수과일,Neutral,"보통 얼음 입자, 평균",000030000000
과일 타르트 종류는 몇 가지 있는데 가격대는 좀 있는 편이에요.,빙수과일,Neutral,"종류 몇 가지, 가격대 있음",000030000000
팥빙수에 팥이랑 콩가루가 들어간 기본적인 옛날 빙수 스타일입니다.,빙수과일,Neutral,"옛날 빙수 스타일, 기본",000030000000
과일 주스 주문하면 바로 갈아주긴 하는데 시간은 좀 걸리네요.,빙수과일,Neutral,"즉석 조리, 시간 소요, 보통",000030000000
빙수 위에 아이스크림 한 스쿱이 올라가서 시원하게 먹었습니다.,빙수과일,Neutral,"아이스크림 한 스쿱, 시원함",000030000000
에이드에 생과일이 조금 들어있긴 한데 데코용에 가까워요.,빙수과일,Neutral,"과일 데코용, 무난",000030000000
빙수 1인용 메뉴도 따로 있어서 혼자 가서 먹기 괜찮네요.,빙수과일,Neutral,"1인용 메뉴, 혼밥 가능",000030000000
스무디 당도는 조절이 가능하다고 하니 주문할 때 말하세요.,빙수과일,Neutral,"당도 조절 가능, 참고",000030000000
딸기 빙수 철이 아니라 그런지 딸기가 좀 시긴 하네요.,빙수과일,Neutral,"시즌 영향, 신맛 있음",000030000000
빙수 종류가 대여섯 가지 정도라 취향껏 고르기 좋습니다.,빙수과일,Neutral,"종류 다양, 취향껏 선택",000030000000
과일 도시락은 미리 예약해야 살 수 있는 것 같아요.,빙수과일,Neutral,"예약 필요, 구매 안내",000030000000
빙수 얼음이 빨리 녹는 편이라 나오자마자 빨리 드셔야 해요.,빙수과일,Neutral,"빨리 녹음 주의, 참고",000030000000
과일 샌드위치는 하루 한정 수량으로 판매한다고 합니다.,빙수과일,Neutral,"한정 수량 판매, 정보 전달",000030000000
과일들의 당도는 복불복인 것 같지만 대체로 먹을만합니다.,빙수과일,Neutral,"당도 복불복, 대체로 보통",000030000000
빙수 토핑 추가 옵션이 있으면 더 좋을 것 같은 느낌입니다.,빙수과일,Neutral,"토핑 추가 옵션 희망, 보통",000030000000
과일 요거트는 아이들이 간식으로 먹기에 적당한 크기네요.,빙수과일,Neutral,"아이들 간식용, 적당한 크기",000030000000
무화과는 제철에만 판매하는 시즌 한정 메뉴라고 하네요.,빙수과일,Neutral,"시즌 메뉴, 기간 한정",000030000000
빙수 그릇이 유리가 아니라 플라스틱이라 좀 아쉽긴 합니다.,빙수과일,Neutral,"그릇 소재 아쉽, 보통",000030000000
착즙 주스라 얼음 없이 주스로만 가득 채워져서 나옵니다.,빙수과일,Neutral,"얼음 없음, 주스 가득",000030000000
청포도 빙수 알맹이가 껍질째 들어가니 참고해서 드세요.,빙수과일,Neutral,"껍질째 과일, 안내",000030000000
과일 샐러드는 드레싱을 따로 달라고 요청할 수 있습니다.,빙수과일,Neutral,드레싱 따로 요청 가능,000030000000
팥빙수 떡은 추가 요금을 내면 더 넣을 수 있다고 하네요.,빙수과일,Neutral,"떡 추가 가능, 유료",000030000000
주스 원액 비율이 아주 높지는 않지만 마실만은 합니다.,빙수과일,Neutral,"원액 비율 보통, 마실만함",000030000000
빙수 비주얼은 평범한데 양이 꽤 많아서 가성비는 괜찮아요.,빙수과일,Neutral,"평범한 비주얼, 양 많음, 보통",000030000000
사과 주스는 탄산이 들어간 에이드 버전도 선택 가능합니다.,빙수과일,Neutral,에이드 버전 선택 가능,000030000000
과일 모둠 접시는 구성 과일이 매일 조금씩 바뀐다고 해요.,빙수과일,Neutral,"구성 과일 변경, 참고",000030000000
빙수 시럽 양을 적게 해달라고 부탁드렸더니 딱 좋았습니다.,빙수과일,Neutral,"시럽 양 조절, 개인 취향 반영",000030000000
과일 빙수 전문점이라기보다는 카페 메뉴 중 하나인 느낌이에요.,빙수과일,Neutral,"카페 메뉴 중 하나, 보통",000030000000
인테리어가 너무 예쁘고 화사해서 어디서 찍어도 인생샷 나오네요.,분위기감성,Positive,"예쁜 인테리어, 화사함, 인생샷",000000010000
테라스 뷰가 탁 트여 있어서 앉아만 있어도 힐링 되는 기분입니다.,분위기감성,Positive,"테라스 뷰, 탁 트임, 힐링",000000010000
조명이 은은하고 아늑해서 소개팅하기에도 딱 좋은 분위기예요.,분위기감성,Positive,"은은한 조명, 아늑함, 소개팅 장소",000000010000
매장 곳곳에 소품들이 감각적이라 사장님의 센스가 느껴집니다.,분위기감성,Positive,"감각적인 소품, 사장님 센스",000000010000
층고가 높아서 개방감이 있고 답답하지 않아 오래 머물고 싶어요.,분위기감성,Positive,"높은 층고, 개방감, 머물고 싶음",000000010000
모던하고 깔끔한 화이트톤 인테리어가 완전 제 스타일입니다.,분위기감성,Positive,"모던 깔끔, 화이트톤, 취향 저격",000000010000
카페에서 나오는 음악 선곡이 너무 좋아서 분위기가 한층 더 사네요.,분위기감성,Positive,"좋은 음악 선곡, 분위기 좋음",000000010000
빈티지한 가구들과 따뜻한 우드톤 인테리어가 마음을 편안하게 해요.,분위기감성,Positive,"빈티지 가구, 우드톤, 편안함",000000010000
통창으로 들어오는 햇살이 너무 예뻐서 채광 맛집으로 인정합니다.,분위기감성,Positive,"통창 채광, 햇살 맛집, 만족",000000010000
정원이 있는 카페라 도심 속에서 자연을 느끼기에 최고였습니다.,분위기감성,Positive,"정원 카페, 자연 느낌, 최고",000000010000
갤러리 같은 분위기라 구경하는 재미도 있고 아주 고급스럽네요.,분위기감성,Positive,"갤러리 분위기, 구경하는 재미, 고급짐",000000010000
야경이 정말 멋진 곳이라 저녁에 데이트 코스로 강력 추천해요.,분위기감성,Positive,"멋진 야경, 데이트 코스 추천, 만족",000000010000
플랜테리어가 잘 되어 있어서 공기도 맑은 것 같고 눈이 편안해요.,분위기감성,Positive,"플랜테리어, 공기 맑음, 눈이 편안",000000010000
힙한 감성이 가득해서 MZ세대들이 정말 좋아할 만한 공간입니다.,분위기감성,Positive,"힙한 감성, MZ 취향, 인기 많음",000000010000
조용하고 차분한 분위기라 혼자 책 읽거나 작업하기 너무 좋네요.,분위기감성,Positive,"조용한 분위기, 책 읽기 좋음, 작업용",000000010000
한옥을 개조한 카페라 고즈넉하고 운치가 있어 부모님도 좋아하셔요.,분위기감성,Positive,"한옥 카페, 고즈넉함, 운치 있음",000000010000
테이블 간격이 넓어서 프라이빗하게 대화 나누기 아주 좋습니다.,분위기감성,Positive,"테이블 간격 넓음, 프라이빗, 대화",000000010000
크리스마스 장식을 너무 예쁘게 해놓으셔서 연말 분위기 제대로네요.,분위기감성,Positive,"예쁜 장식, 연말 분위기, 만족",000000010000
유럽 노천카페 같은 이국적인 분위기라 여행 온 기분이 들어요.,분위기감성,Positive,"유럽 노천카페, 이국적, 여행 기분",000000010000
화장실 인테리어까지 신경 쓴 게 보여서 정말 깔끔하고 예뻐요.,분위기감성,Positive,"화장실 인테리어, 신경 씀, 깔끔",000000010000
루프탑에서 내려다보는 도시 전망이 정말 환상적이었습니다.,분위기감성,Positive,"루프탑 전망, 환상적, 만족",000000010000
미니멀한 인테리어가 주는 절제된 아름다움이 매력적인 곳입니다.,분위기감성,Positive,"미니멀, 절제된 아름다움, 매력적",000000010000
곳곳이 포토존이라 친구들이랑 사진 찍느라 시간 가는 줄 몰랐네요.,분위기감성,Positive,"포토존 많음, 사진 촬영, 즐거움",000000010000
아기자기하고 귀여운 소품들이 많아서 소품샵 구경 온 것 같아요.,분위기감성,Positive,"아기자기, 귀여운 소품, 구경잼",000000010000
비 오는 날 창가 자리에 앉아 있으면 운치가 정말 대박입니다.,분위기감성,Positive,"비 오는 날 운치, 창가 자리, 대박",000000010000
가구 배치가 센스 있고 공간 활용을 정말 잘하신 것 같아요.,분위기감성,Positive,"가구 배치 센스, 공간 활용 굿",000000010000
전체적으로 색감이 조화로워서 마음이 편안해지는 공간이에요.,분위기감성,Positive,"조화로운 색감, 마음 편안, 만족",000000010000
트렌디한 인테리어 소품들이 많아서 인스타 감성 뿜뿜합니다.,분위기감성,Positive,"트렌디함, 인스타 감성, 만족",000000010000
카페 이름이랑 인테리어 컨셉이 너무 잘 어울려서 인상적이에요.,분위기감성,Positive,"컨셉 조화, 인상적, 디자인 굿",000000010000
고급 호텔 라운지 같은 분위기라 기분 전환하기 딱 좋습니다.,분위기감성,Positive,"호텔 라운지 분위기, 기분 전환, 딱임",000000010000
인테리어가 너무 조잡하고 정신없어서 오래 앉아있기 힘들어요.,분위기감성,Negative,"조잡한 인테리어, 정신없음, 불편",000000020000
뷰 맛집이라더니 앞에 공사장이 훤히 보여서 기분만 잡쳤네요.,분위기감성,Negative,"공사장 뷰, 기분 나쁨, 실망",000000020000
조명이 너무 어두워서 메뉴판 글씨도 안 보일 정도라 불편했어요.,분위기감성,Negative,"너무 어두움, 메뉴판 안 보임, 불편",000000020000
소품들에 먼지가 뽀얗게 쌓여있어서 관리가 안 되는 것 같아 찝찝해요.,분위기감성,Negative,"소품 먼지, 관리 부실, 찝찝함",000000020000
매장이 너무 좁고 다닥다닥 붙어 있어서 시장통 같은 분위기입니다.,분위기감성,Negative,"좁은 매장, 시장통 분위기, 시끄러움",000000020000
인테리어가 너무 낡아서 감성이라기보다 그냥 허름한 느낌이에요.,분위기감성,Negative,"낡은 인테리어, 허름함, 실망",000000020000
음악 소리가 너무 커서 일행이랑 대화하는 게 불가능할 정도예요.,분위기감성,Negative,"음악 소리 너무 큼, 대화 불가능, 소음",000000020000
차가운 공사 현장 같은 인테리어라 전혀 아늑하지 않고 추워 보여요.,분위기감성,Negative,"공사장 인테리어, 안 아늑함, 추움",000000020000
채광이 너무 강해서 눈이 부신데 블라인드도 없어서 너무 뜨거웠어요.,분위기감성,Negative,"과한 채광, 눈 부심, 뜨거움, 불편",000000020000
컨셉이 뭔지 모르겠어요. 이것저것 섞여 있어서 난잡한 느낌입니다.,분위기감성,Negative,"난잡한 컨셉, 정체성 모호, 별로",000000020000
갤러리 분위기는커녕 그냥 창고 같은 느낌이라 당황스러웠네요.,분위기감성,Negative,"창고 느낌, 당황, 실망",000000020000
야경 볼 수 있는 창가 자리가 너무 적어서 앉기가 하늘의 별 따기예요.,분위기감성,Negative,"창가 자리 부족, 자리 경쟁, 불만",000000020000
화분이 다 시들어 죽어있어서 보기 안 좋고 분위기가 칙칙해요.,분위기감성,Negative,"시든 화분, 칙칙한 분위기, 별로",000000020000
억지로 인스타 감성 낸 느낌이라 불편하고 가구들도 너무 딱딱해요.,분위기감성,Negative,"억지 감성, 가구 불편, 비추천",000000020000
너무 조용해서 숨소리도 다 들릴 정도라 대화하기 눈치 보입니다.,분위기감성,Negative,"너무 조용함, 대화 눈치 보임, 불편",000000020000
한옥 느낌이라기엔 너무 현대적으로 바꿔서 이도 저도 아닌 느낌.,분위기감성,Negative,"이도 저도 아님, 컨셉 실패, 실망",000000020000
테이블 간격이 너무 좁아서 옆 테이블 대화 소리가 다 들려요.,분위기감성,Negative,"좁은 테이블 간격, 대화 소리 들림, 불편",000000020000
연말 장식이 너무 성의 없어서 분위기도 안 살고 실망스러웠습니다.,분위기감성,Negative,"성의 없는 장식, 분위기 안 삼, 실망",000000020000
사진이랑 실제 매장 분위기가 너무 달라서 낚인 기분이 들었어요.,분위기감성,Negative,"사진과 다름, 낚인 기분, 실망",000000020000
화장실 냄새가 매장까지 퍼져서 분위기를 다 망쳐버렸네요.,분위기감성,Negative,"화장실 냄새, 분위기 망침, 비위 상함",000000020000
루프탑 관리가 전혀 안 돼서 쓰레기가 굴러다니고 지저분합니다.,분위기감성,Negative,"루프탑 관리 부실, 지저분함, 불쾌",000000020000
미니멀을 넘어 텅 비어있는 느낌이라 삭막하고 썰렁했어요.,분위기감성,Negative,"삭막하고 썰렁함, 텅 빈 느낌, 별로",000000020000
포토존이라고 만들어놓은 곳이 너무 촌스러워서 사진 안 찍었어요.,분위기감성,Negative,"촌스러운 포토존, 실망, 사진 안 찍음",000000020000
소품들이 너무 많아서 자리가 좁고 물건 떨어뜨릴까 봐 조마조마해요.,분위기감성,Negative,"소품 너무 많음, 자리 좁음, 불안",000000020000
지하라서 그런지 환기가 안 돼서 공기가 탁하고 곰팡이 냄새나요.,분위기감성,Negative,"환기 안 됨, 공기 탁함, 냄새남",000000020000
가구들이 너무 낡아서 삐걱거리고 앉아있기 불안했습니다.,분위기감성,Negative,"낡은 가구, 삐걱거림, 불안함",000000020000
벽지 색깔이 너무 튀어서 눈이 피로하고 정신 사나웠습니다.,분위기감성,Negative,"튀는 벽지 색, 눈 피로, 정신없음",000000020000
유행이 지난 인테리어라 감각 있다는 느낌은 전혀 못 받았어요.,분위기감성,Negative,"유행 지난 디자인, 감각 없음, 보통 이하",000000020000
이름값 못하는 분위기예요. 그냥 평범한 동네 카페 수준입니다.,분위기감성,Negative,"이름값 못함, 평범함, 기대 이하",000000020000
분위기만 잡고 정작 청소는 안 하는지 바닥에 부스러기가 가득해요.,분위기감성,Negative,"청소 불량, 지저분함, 분위기만 잡음",000000020000
인테리어는 깔끔하고 무난해서 그냥 편하게 머물다 가기 좋습니다.,분위기감성,Neutral,"깔끔 무난, 편안함, 보통",000000030000
뷰가 아주 좋은 건 아니지만 그냥 길거리 구경하는 재미는 있어요.,분위기감성,Neutral,"길거리 뷰, 보통 수준",000000030000
조명 밝기는 적당해서 독서하거나 대화하기에 무난한 정도입니다.,분위기감성,Neutral,"적당한 조명 밝기, 보통",000000030000
소품들이 몇 가지 놓여있긴 한데 특별히 눈에 띄지는 않네요.,분위기감성,Neutral,"평범한 소품, 보통",000000030000
매장 규모는 아담한 편이고 테이블은 네다섯 개 정도 있습니다.,분위기감성,Neutral,"아담한 규모, 보통",000000030000
요즘 유행하는 모던한 스타일의 인테리어라 익숙한 느낌입니다.,분위기감성,Neutral,"모던한 스타일, 익숙함, 보통",000000030000
음악은 잔잔한 팝송 위주로 나와서 거슬리지 않고 무난해요.,분위기감성,Neutral,"잔잔한 음악, 무난함, 보통",000000030000
우드 가구를 많이 써서 전체적으로 따뜻한 느낌을 줍니다.,분위기감성,Neutral,"우드톤 가구, 따뜻한 느낌, 보통",000000030000
햇살이 잘 들어오는 편이라 낮에 가면 밝은 분위기입니다.,분위기감성,Neutral,"밝은 채광, 낮 시간 분위기",000000030000
식물들이 곳곳에 배치되어 있어서 평범한 매장에 생기를 주네요.,분위기감성,Neutral,"식물 배치, 보통 분위기",000000030000
갤러리 컨셉인 것 같은데 작품이 아주 많지는 않아요.,분위기감성,Neutral,"갤러리 컨셉, 작품 적음, 보통",000000030000
저녁에는 낮이랑 분위기가 조금 달라서 색다른 느낌은 있네요.,분위기감성,Neutral,"낮밤 분위기 차이, 보통",000000030000
매장이 전반적으로 화이트 앤 블랙이라 깔끔해 보이긴 합니다.,분위기감성,Neutral,"화이트 앤 블랙, 깔끔함, 보통",000000030000
힙한 느낌을 주려고 노력한 것 같은데 대중적인 분위기예요.,분위기감성,Neutral,"대중적인 분위기, 무난",000000030000
분위기는 그냥 일반적인 카페라 특별히 기억에 남지는 않네요.,분위기감성,Neutral,"일반적인 카페 분위기, 보통",000000030000
한옥 스타일 외관인데 내부는 현대적인 카페 디자인입니다.,분위기감성,Neutral,"외관 한옥, 내부 현대식, 보통",000000030000
테이블 간격은 좁지도 넓지도 않은 딱 적당한 수준입니다.,분위기감성,Neutral,"적당한 테이블 간격, 보통",000000030000
계절에 맞춰서 소소하게 장식을 바꿔가며 운영하시는 듯해요.,분위기감성,Neutral,"시즌별 소소한 변화, 보통",000000030000
사진 찍기 좋게 꾸며놓은 공간이 한두 군데 정도 마련되어 있네요.,분위기감성,Neutral,"포토 스팟 있음, 보통",000000030000
화장실은 매장 내부에 있어서 이용하기 편리한 위치입니다.,분위기감성,Neutral,"내부 화장실, 위치 무난",000000030000
루프탑은 날씨 좋을 때만 개방하는 것 같으니 확인해 보세요.,분위기감성,Neutral,"루프탑 개방 안내, 보통",000000030000
미니멀한 컨셉이라 공간이 아주 널찍해 보이는 특징이 있습니다.,분위기감성,Neutral,"미니멀 컨셉, 널찍함, 보통",000000030000
배경이 단순해서 인물 사진 찍기에는 괜찮은 환경인 것 같아요.,분위기감성,Neutral,"단순한 배경, 인물 사진용 보통",000000030000
소품들 판매도 같이 하시는지 가격표가 붙어 있는 것도 있네요.,분위기감성,Neutral,"소품 판매 병행, 정보 전달",000000030000
창가 자리는 인기가 많아서 항상 사람들로 차 있는 편입니다.,분위기감성,Neutral,"창가 자리 인기, 경쟁 있음",000000030000
가구들은 주로 이케아 제품인 것 같고 심플하고 무난해요.,분위기감성,Neutral,"심플한 가구, 이케아 스타일, 보통",000000030000
전체적인 색감이 차분해서 마음 가라앉히기 나쁘지 않네요.,분위기감성,Neutral,"차분한 색감, 보통 분위기",000000030000
인스타에서 유명하다고 해서 기대했는데 그만큼은 아니에요.,분위기감성,Neutral,"기대 대비 보통, 무난",000000030000
카페 컨셉이 계절마다 조금씩 리뉴얼된다고 하더라고요.,분위기감성,Neutral,"주기적 리뉴얼, 보통",000000030000
화려하진 않지만 정감 가는 동네 카페 분위기라고 보시면 됩니다.,분위기감성,Neutral,"정감 가는 분위기, 무난",000000030000
주차 공간이 아주 넓어서 초보 운전인데도 편하게 주차했어요.,공간편의시설,Positive,"주차 공간 넓음, 편함",000000100000
화장실이 매장 안에 있고 너무 깨끗해서 이용할 때 쾌적했습니다.,공간편의시설,Positive,"화장실 깨끗, 내부 위치, 쾌적",000000100000
테이블마다 콘센트가 있어서 노트북 작업하기 정말 최적의 장소예요.,공간편의시설,Positive,"콘센트 있음, 노트북 작업 최적",000000100000
와이파이가 엄청 빨라서 끊김 없이 업무 볼 수 있어 좋았습니다.,공간편의시설,Positive,"와이파이 빠름, 업무 용이",000000100000
아기 의자가 넉넉하게 준비되어 있어 아이랑 오기 너무 편하네요.,공간편의시설,Positive,"아기 의자 있음, 노키즈존 아님, 편함",000000100000
반려동물 동반이 가능해서 강아지랑 같이 쉴 수 있어 행복해요.,공간편의시설,Positive,"반려동물 동반, 강아지 환영",000000100000
매장에 엘리베이터가 있어서 유모차 가지고 이동하기 수월했습니다.,공간편의시설,Positive,"엘리베이터 있음, 이동 수월",000000100000
담요랑 방석이 따로 구비되어 있는 사장님의 배려가 돋보이네요.,공간편의시설,Positive,"담요 방석 구비, 사장님 배려",000000100000
단체석이 잘 마련되어 있어서 동호회 모임 하기 딱 좋은 곳입니다.,공간편의시설,Positive,"단체석 완비, 모임 장소 추천",000000100000
키오스크 주문 시스템이 직관적이라 어르신들도 쓰기 편할 듯요.,공간편의시설,Positive,"키오스크 직관적, 주문 편함",000000100000
핸드폰 충전 서비스가 있어서 배터리 없을 때 정말 유용했습니다.,공간편의시설,Positive,"충전 서비스, 유용함, 만족",000000100000
공기청정기가 계속 돌아가서 그런지 실내 공기가 아주 상쾌해요.,공간편의시설,Positive,"공기청정기, 실내 공기 상쾌",000000100000
야외 테라스에 애견 배변 봉투까지 비치된 세심함에 감동했어요.,공간편의시설,Positive,"배변 봉투 비치, 세심한 배려",000000100000
남녀 화장실이 확실히 분리되어 있어서 안심하고 사용했습니다.,공간편의시설,Positive,"화장실 분리, 안심 사용",000000100000
테이블 높이가 적당해서 오래 앉아 있어도 허리가 안 아프네요.,공간편의시설,Positive,"적당한 테이블 높이, 편안함",000000100000
입구에 경사로가 설치되어 있어 휠체어 접근성이 아주 좋습니다.,공간편의시설,Positive,"경사로 설치, 휠체어 접근성 굿",000000100000
카페 내부에 세면대가 따로 있어서 손 씻기 정말 편리했습니다.,공간편의시설,Positive,"내부 세면대, 손 씻기 편리",000000100000
가방을 놓을 수 있는 바구니가 자리마다 있어 짐 보관이 쉬워요.,공간편의시설,Positive,"가방 바구니, 짐 보관 용이",000000100000
조명이 너무 밝지 않고 눈이 편안한 조도라 장시간 머물기 좋네요.,공간편의시설,Positive,"눈 편안한 조명, 장시간 이용",000000100000
흡연 구역이 멀리 떨어져 있어서 담배 냄새가 전혀 안 들어와요.,공간편의시설,Positive,"흡연 구역 분리, 냄새 안 남",000000100000
주차 안내해주시는 분이 계셔서 복잡한 시간에도 질서가 있네요.,공간편의시설,Positive,"주차 안내원, 질서 정연",000000100000
매장 층고가 높고 환기가 잘 돼서 답답한 느낌이 전혀 없습니다.,공간편의시설,Positive,"환기 잘 됨, 답답함 없음",000000100000
픽업대랑 반납대가 명확히 구분되어 동선이 꼬이지 않아 좋네요.,공간편의시설,Positive,"동선 효율적, 픽업 반납 구분",000000100000
주문 번호를 모니터로 크게 띄워주셔서 놓치지 않고 확인했어요.,공간편의시설,Positive,"주문 번호 모니터, 확인 용이",000000100000
매장 온도가 아주 적절해서 덥지도 춥지도 않게 잘 쉬었습니다.,공간편의시설,Positive,"적절한 실내 온도, 쾌적",000000100000
물 셀프 바에 얼음물과 따뜻한 물이 둘 다 있어 센스 만점입니다.,공간편의시설,Positive,"얼음물 따뜻한 물 구비, 센스",000000100000
의자가 소파 위주라 정말 푹신하고 편안해서 엉덩이가 안 아파요.,공간편의시설,Positive,"소파 의자, 푹신함, 편안함",000000100000
전용 주차장에서 매장으로 이어지는 통로가 비 안 맞게 되어있네요.,공간편의시설,Positive,"주차장 통로, 비 안 맞음, 배려",000000100000
영수증 리뷰 이벤트 안내가 잘 되어 있어 참여하기 편했습니다.,공간편의시설,Positive,"리뷰 이벤트 안내, 참여 용이",000000100000
스피커 음질이 좋아서 노래 소리가 귀에 꽂히는 느낌이 일품입니다.,공간편의시설,Positive,"스피커 음질 굿, 노래 감상",000000100000
주차 공간이 너무 협좁해서 차 댈 곳 찾다가 진 다 뺐습니다.,공간편의시설,Negative,"주차 공간 협소, 불편",000000200000
화장실 청소 상태가 너무 엉망이고 냄새나서 이용하기 싫었어요.,공간편의시설,Negative,"화장실 지저분, 냄새남, 불쾌",000000200000
콘센트가 거의 없어서 노트북 들고 갔다가 그냥 돌아왔습니다.,공간편의시설,Negative,"콘센트 부족, 작업 불가",000000200000
와이파이 비번이 복잡한데 잘 연결도 안 되고 계속 끊기네요.,공간편의시설,Negative,"와이파이 끊김, 연결 불량",000000200000
노키즈존도 아닌데 아기 의자가 하나도 없어서 당황스러웠네요.,공간편의시설,Negative,"아기 의자 없음, 당황, 불편",000000200000
반려동물 가능이라더니 막상 가니 야외만 된다고 해서 기분 상함.,공간편의시설,Negative,"안내와 다름, 제한 사항, 기분 상함",000000200000
2층인데 계단만 있고 엘리베이터가 없어서 이동이 너무 힘들어요.,공간편의시설,Negative,"엘리베이터 없음, 이동 불편",000000200000
에어컨을 너무 세게 틀어서 매장이 추울 정도였는데 담요도 없네요.,공간편의시설,Negative,"너무 추움, 담요 없음, 불만",000000200000
단체로 갔는데 테이블 이동도 안 된다고 하고 자리가 너무 좁아요.,공간편의시설,Negative,"단체 이용 불편, 자리 좁음",000000200000
키오스크가 고장 났는데 직원이 직접 주문도 안 받아주네요.,공간편의시설,Negative,"키오스크 고장, 응대 부족, 불편",000000200000
핸드폰 충전 부탁드렸는데 분실 위험 때문에 안 해준다고 거절당함.,공간편의시설,Negative,"충전 거절, 융통성 없음",000000200000
실내 공기가 너무 탁하고 환기가 안 되는지 머리가 아팠습니다.,공간편의시설,Negative,"공기 탁함, 환기 불량, 두통",000000200000
반려동물 배설물이 방치되어 있는데 치우는 사람도 없고 지저분함.,공간편의시설,Negative,"위생 관리 엉망, 지저분함, 불쾌",000000200000
남녀 공용 화장실이라 사용하기 너무 민망하고 불편했습니다.,공간편의시설,Negative,"남녀 공용 화장실, 민망, 불편",000000200000
의자가 너무 높고 테이블은 낮아서 허리가 끊어질 것 같아요.,공간편의시설,Negative,"가구 높이 불편, 허리 아픔",000000200000
입구에 턱이 높아서 유모차나 휠체어 들어오기 불가능합니다.,공간편의시설,Negative,"휠체어 접근 불가, 턱 높음",000000200000
세면대 물이 잘 안 내려가고 주변에 물바다라 쓰기 찝찝했어요.,공간편의시설,Negative,"세면대 배수 불량, 찝찝함",000000200000
가방이나 옷을 둘 곳이 마땅치 않아 무릎 위에 두고 마셨네요.,공간편의시설,Negative,"짐 보관 장소 없음, 불편",000000200000
조명이 너무 침침해서 책은커녕 앞사람 얼굴도 잘 안 보여요.,공간편의시설,Negative,"조명 너무 어두움, 침침함",000000200000
흡연실 문이 열려있어서 매장 안까지 담배 냄새가 진동합니다.,공간편의시설,Negative,"담배 냄새 유입, 불쾌",000000200000
주차장 들어가는 입구가 너무 좁아서 차 긁을까 봐 조마조마함.,공간편의시설,Negative,"주차 입구 좁음, 운전 힘듦",000000200000
매장 소음이 너무 울리는 구조라 옆 사람 말소리도 안 들려요.,공간편의시설,Negative,"소음 울림, 대화 방해",000000200000
픽업대랑 반납대가 한데 섞여 있어서 사람끼리 계속 부딪히네요.,공간편의시설,Negative,"동선 꼬임, 혼잡함, 불편",000000200000
진동벨이 고장 난 건지 울리지도 않아서 한참 기다렸습니다.,공간편의시설,Negative,"진동벨 불량, 대기 시간 길어짐",000000200000
겨울인데 실내가 너무 추워서 코트 입고 커피 마셨습니다.,공간편의시설,Negative,"실내 너무 추움, 난방 부족",000000200000
물통에 물이 비어있는데 채워달라고 해도 한참 걸리네요.,공간편의시설,Negative,"셀프 바 관리 부실, 대응 느림",000000200000
의자가 나무 의자라 너무 딱딱해서 오래 앉아있기 고역입니다.,공간편의시설,Negative,"딱딱한 의자, 엉덩이 아픔",000000200000
비 오는 날 천장에서 물이 한 방울씩 떨어져서 자리를 옮겼네요.,공간편의시설,Negative,"누수 발생, 시설 노후, 당황",000000200000
영수증 리뷰 쓰고 보여줬는데 기간 지났다고 혜택 안 주네요.,공간편의시설,Negative,"이벤트 중단, 혜택 못 받음, 실망",000000200000
스피커 소리가 너무 찢어지는 소리가 나서 귀가 피곤했습니다.,공간편의시설,Negative,"음질 불량, 귀 아픔, 소음",000000200000
주차장은 건물 뒤편에 있고 이용 시간제한이 있으니 참고하세요.,공간편의시설,Neutral,"주차장 위치, 시간제한 참고",000000300000
화장실은 건물 공용 화장실을 써야 해서 키를 챙겨가야 합니다.,공간편의시설,Neutral,"공용 화장실, 열람 키 필요",000000300000
콘센트 자리는 몇 군데 정해져 있어서 미리 확인하고 앉으세요.,공간편의시설,Neutral,콘센트 위치 확인 필요,000000300000
와이파이 비밀번호는 영수증 하단이나 픽업대에 적혀 있습니다.,공간편의시설,Neutral,와이파이 비번 정보,000000300000
아기 의자는 두 개 정도 비치되어 있는 걸 봤습니다.,공간편의시설,Neutral,아기 의자 비치 여부,000000300000
반려동물 동반 시에는 케이지나 가방이 필수라고 하네요.,공간편의시설,Neutral,반려동물 동반 조건 안내,000000300000
매장은 1층 단층 구조라 계단을 이용할 필요는 없습니다.,공간편의시설,Neutral,"단층 구조, 계단 없음",000000300000
에어컨 바람이 직접 오는 자리가 있으니 예민하면 피하세요.,공간편의시설,Neutral,"에어컨 바람 자리, 참고",000000300000
단체석 예약은 전화로 미리 문의해야 이용 가능하다고 합니다.,공간편의시설,Neutral,"단체석 예약 필수, 안내",000000300000
주문은 키오스크로만 받고 현금 결제는 카운터에서 가능해요.,공간편의시설,Neutral,"키오스크 결제, 현금 별도",000000300000
충전기는 따로 빌려주지 않고 콘센트만 사용 가능합니다.,공간편의시설,Neutral,"충전기 미대여, 콘센트 이용",000000300000
매장 문을 열어두는 편이라 외부 기온 영향을 좀 받네요.,공간편의시설,Neutral,"외부 기온 영향, 환기 중",000000300000
야외 좌석 이용 시에는 일회용 컵으로만 제공된다고 합니다.,공간편의시설,Neutral,야외 일회용 컵 제공 안내,000000300000
화장실 입구에 가림막이 설치되어 있어 안쪽이 보이진 않아요.,공간편의시설,Neutral,화장실 가림막 설치,000000300000
테이블 크기가 작아서 여러 개 시키면 자리가 꽉 찰 듯해요.,공간편의시설,Neutral,"작은 테이블 크기, 보통",000000300000
입구에 문턱이 낮게 하나 있으니 발 밑 조심해서 들어오세요.,공간편의시설,Neutral,"낮은 문턱 주의, 안내",000000300000
세면대 옆에 종이 타월이 비치되어 있어 손 닦기 무난합니다.,공간편의시설,Neutral,"종이 타월 비치, 무난",000000300000
입구 쪽에 외투를 걸 수 있는 행거가 하나 마련되어 있어요.,공간편의시설,Neutral,"외투 행거 있음, 편의 시설",000000300000
조명은 주광색이라 전반적으로 밝고 환한 분위기입니다.,공간편의시설,Neutral,"주광색 조명, 환함",000000300000
흡연 구역은 건물 외부 지정된 장소를 이용해야 합니다.,공간편의시설,Neutral,외부 흡연 구역 안내,000000300000
주차 등록은 나갈 때 직원분께 차량 번호를 말씀드려야 해요.,공간편의시설,Neutral,주차 등록 절차 안내,000000300000
매장이 넓어서 소음이 좀 있는 편이지만 활기찬 느낌입니다.,공간편의시설,Neutral,"넓은 매장, 소음 약간 있음",000000300000
다 드신 컵은 카운터 옆 반납대에 직접 가져다 두시면 됩니다.,공간편의시설,Neutral,셀프 반납 안내,000000300000
메뉴가 준비되면 진동벨로 알려주시니 진동벨 꼭 챙기세요.,공간편의시설,Neutral,"진동벨 안내, 주문 방식",000000300000
담요가 필요하면 직원분께 요청 시 제공해 주신다고 하네요.,공간편의시설,Neutral,담요 요청 시 제공 안내,000000300000
"셀프 바에는 물, 종이컵, 시럽, 빨대가 구비되어 있습니다.",공간편의시설,Neutral,셀프 바 구성 정보,000000300000
의자는 대부분 등받이가 없는 스타일이라 참고하시면 좋겠네요.,공간편의시설,Neutral,"등받이 없는 의자, 참고",000000300000
비 오는 날엔 입구에 우산꽂이와 비닐이 비치됩니다.,공간편의시설,Neutral,"우산꽂이 비치, 날씨 대응",000000300000
리뷰 이벤트 참여 시 쿠키 하나를 증정해주고 있습니다.,공간편의시설,Neutral,이벤트 혜택 정보,000000300000
배경 음악은 가요랑 팝이 섞여서 평범하게 흘러나옵니다.,공간편의시설,Neutral,평범한 배경 음악,000000300000
사장님이 너무 밝게 웃으며 인사해 주셔서 들어갈 때부터 기분이 좋네요.,서비스,Positive,"밝은 인사, 기분 좋음",000000001000
메뉴 추천을 요청드렸는데 취향에 맞춰 친절하게 설명해 주셨어요.,서비스,Positive,"친절한 메뉴 추천, 설명 상세",000000001000
커피를 쏟았는데 괜찮다며 먼저 닦아주시고 다시 만들어주셔서 감동!,서비스,Positive,"문제 해결 서비스, 친절함, 감동",000000001000
직원분들이 다들 손이 빠르셔서 주문이 밀렸는데도 금방 나왔네요.,서비스,Positive,"빠른 서비스, 효율적 응대",000000001000
단골이라고 쿠키를 서비스로 주셔서 정말 감사히 잘 먹었습니다.,서비스,Positive,"서비스 증정, 단골 우대, 감사",000000001000
아이를 위해 우유를 조금 데워주시는 세심한 배려에 너무 감사했어요.,서비스,Positive,"세심한 배려, 아이 동반 우대",000000001000
나갈 때 문까지 열어주시며 인사해 주시는 모습이 인상적이었습니다.,서비스,Positive,"정중한 배송 인사, 인상적",000000001000
질문이 많았는데도 귀찮은 내색 없이 끝까지 친절하게 답변해 주심.,서비스,Positive,"친절한 응대, 답변 성실",000000001000
바쁜 시간대인데도 직원분들이 평정심을 잃지 않고 친절하시네요.,서비스,Positive,"바쁜 와중 친절, 평정심",000000001000
커피 맛이 어떤지 세심하게 물어봐 주셔서 대접받는 느낌이었어요.,서비스,Positive,"고객 피드백 확인, 대접받는 기분",000000001000
컵이나 접시가 정말 깨끗하게 닦여 있어서 위생 관리에 믿음이 가요.,서비스,Positive,"위생 관리 철저, 믿음직함",000000001000
반려견 물그릇을 먼저 챙겨주시는 센스에 정말 감동받았습니다.,서비스,Positive,"반려동물 배려, 센스 만점",000000001000
주문할 때 눈을 맞추며 응대해 주셔서 소통이 잘 되는 기분이었어요.,서비스,Positive,"눈 맞춤 응대, 소통 원활",000000001000
실수로 결제를 잘못했는데 바로 확인하고 정중히 사과 후 고쳐주심.,서비스,Positive,"정중한 사과, 빠른 피드백",000000001000
짐이 많았는데 자리를 넓은 곳으로 안내해 주셔서 편하게 쉬었습니다.,서비스,Positive,"좌석 안내 배려, 편리함",000000001000
비 오는 날 우산을 털 수 있게 먼저 도와주시는 모습이 친절했어요.,서비스,Positive,"비 오는 날 배려, 친절함",000000001000
메뉴판에 없는 조합도 가능하냐고 물으니 흔쾌히 해주셔서 좋았네요.,서비스,Positive,"융통성 있는 서비스, 흔쾌히 수락",000000001000
직원분들의 유니폼이 깔끔하고 매장 이미지랑 너무 잘 어울려요.,서비스,Positive,"깔끔한 유니폼, 전문적인 이미지",000000001000
생일이라고 말씀드렸더니 조그만 초를 서비스로 꽂아주셨어요.,서비스,Positive,"생일 서비스, 작은 배려, 감동",000000001000
다 먹은 쟁반을 직접 치워주시겠다고 하셔서 편하게 나왔습니다.,서비스,Positive,"직접 퇴식 서비스, 편의 제공",000000001000
외국인 친구랑 갔는데 영어로 친절하게 설명해 주셔서 감사했어요.,서비스,Positive,"외국어 응대 가능, 친절함",000000001000
커피 원두의 원산지나 특징을 전문성 있게 설명해 주셔서 좋았습니다.,서비스,Positive,"전문적인 설명, 신뢰감",000000001000
서비스 마인드가 정말 훌륭해서 다시 방문하고 싶은 곳 1순위예요.,서비스,Positive,"훌륭한 서비스 마인드, 재방문 의사",000000001000
주문한 메뉴가 조금 늦게 나왔는데 사과와 함께 사이즈 업해주셨어요.,서비스,Positive,"지연 보상 서비스, 정중한 사과",000000001000
카페 곳곳을 정성스럽게 닦고 관리하시는 모습이 보기 좋았습니다.,서비스,Positive,"정성스러운 관리, 성실함",000000001000
웃는 얼굴로 응대해 주시니 커피 맛이 두 배로 더 맛있는 것 같아요.,서비스,Positive,"웃는 얼굴, 긍정적인 에너지",000000001000
단체 예약 문의를 드렸는데 아주 꼼꼼하게 체크하고 확정해 주심.,서비스,Positive,"꼼꼼한 예약 관리, 신뢰도",000000001000
개인 텀블러 사용했더니 깨끗이 씻어주시고 할인도 해주셨어요.,서비스,Positive,"텀블러 세척 서비스, 환경 배려",000000001000
손님이 많아 혼란스러울 법한데 차례대로 잘 안내해 주시더라고요.,서비스,Positive,"질서 정연한 안내, 체계적인 서비스",000000001000
이곳은 맛도 맛이지만 친절함 때문에라도 계속 오게 될 것 같아요.,서비스,Positive,"친절함에 매료됨, 재방문 다짐",000000001000
들어가도 인사 한마디 없고 직원들끼리 수다 떨기에 바쁘네요.,서비스,Negative,"인사 없음, 직원 수다, 불친절",000000002000
메뉴에 대해 물어봤는데 귀찮다는 듯이 단답형으로 대답해서 무안함.,서비스,Negative,"귀찮아함, 단답 응대, 무안함",000000002000
커피를 잘못 주셔서 말씀드렸더니 사과도 없이 툭 바꿔주고 가네요.,서비스,Negative,"사과 없음, 무례한 태도, 기분 나쁨",000000002000
손이 너무 느리셔서 아메리카노 한 잔 나오는데 20분 넘게 걸림.,서비스,Negative,"서비스 속도 느림, 대기 길음",000000002000
서비스라고 준 쿠키가 유통기한이 지난 건지 눅눅하고 냄새났어요.,서비스,Negative,"불량 서비스 제공, 실망",000000002000
아이가 조금 소리 냈다고 대놓고 눈치 주셔서 마음 편히 못 있었네요.,서비스,Negative,"눈치 줌, 불친절한 태도, 불편",000000002000
나갈 때 뻔히 쳐다보면서도 인사도 안 하는 태도에 실망했습니다.,서비스,Negative,"인사 미이행, 무관심, 실망",000000002000
질문을 하니 한숨을 푹 쉬며 응대하는데 정말 기분 잡쳤습니다.,서비스,Negative,"한숨 응대, 불친절, 기분 상함",000000002000
바쁘다고 짜증 섞인 말투로 주문을 받는데 사장님 교육 좀 시키세요.,서비스,Negative,"짜증 섞인 말투, 교육 필요",000000002000
커피 맛이 왜 이러냐고 물으니 원래 그런 거라고 쏘아붙이네요.,서비스,Negative,"쏘아붙이는 말투, 피드백 거부",000000002000
컵에 립스틱 자국이 그대로 남아있어서 위생 상태에 경악했습니다.,서비스,Negative,"위생 불량, 컵 지저분, 불쾌",000000002000
반려견 동반 카페인데 강아지가 짖는다고 바로 나가달라고 하네요.,서비스,Negative,"반려동물 박대, 융통성 없음",000000002000
주문하는데 핸드폰만 보고 손님은 쳐다보지도 않아서 불쾌했어요.,서비스,Negative,"시선 회피, 무관심, 불쾌함",000000002000
계산 실수하고도 미안하단 소리 한마디 없어서 어이가 없었네요.,서비스,Negative,"사과 부재, 무책임, 실망",000000002000
짐이 많아 자리가 불편한데도 무조건 좁은 자리에만 앉으라고 강요함.,서비스,Negative,"좌석 강요, 배려 없음, 불편",000000002000
비가 와서 입구가 미끄러운데 주의 표시 하나 없고 나 몰라라 함.,서비스,Negative,"안전 관리 부실, 무관심",000000002000
메뉴판에 있는 거 시켰더니 안 된다면서 왜 안 되는지 설명도 없음.,서비스,Negative,"설명 부족, 메뉴 주문 불가, 불만",000000002000
직원분들 복장이 너무 지저분하고 매장 분위기를 깎아먹네요.,서비스,Negative,"지저분한 복장, 이미지 실추",000000002000
리뷰 이벤트 한다고 써놓고 막상 물어보니 끝났다고 퉁명스럽게 말함.,서비스,Negative,"퉁명스러운 말투, 이벤트 사기",000000002000
다 먹지도 않았는데 그릇을 낚아채듯 치워버려서 당황했습니다.,서비스,Negative,"과도한 퇴식, 무례함, 당황",000000002000
외국인이라서 그런지 더 쌀쌀맞게 응대하는 것 같아 보기 안 좋았음.,서비스,Negative,"차별적 응대, 불친절, 보기 안 좋음",000000002000
원두 설명을 부탁하니 자기도 잘 모른다며 메뉴판 보라고 하네요.,서비스,Negative,"전문성 결여, 무책임한 응대",000000002000
사장님인지 직원인지 모르겠지만 전반적으로 서비스 교육 꽝임.,서비스,Negative,"서비스 교육 부족, 전반적 실망",000000002000
주문 누락해놓고 사과는커녕 지금 만들고 있다며 거짓말까지 하네요.,서비스,Negative,"주문 누락, 거짓말 응대, 화남",000000002000
카페 테이블이 끈적거려서 닦아달라고 하니 행주를 툭 던져줌.,서비스,Negative,"무례한 태도, 청소 거부, 불쾌",000000002000
인상이 너무 안 좋아서 주문하기가 겁날 정도인 카페는 처음임.,서비스,Negative,"안 좋은 표정, 위압적 분위기, 불편",000000002000
예약하고 갔는데 예약 확인도 안 되어있고 대처도 너무 미흡함.,서비스,Negative,"예약 관리 부실, 미흡한 대처",000000002000
개인 컵 할인된다더니 영수증 보니 할인 안 되어있어 따지니 짜증 냄.,서비스,Negative,"할인 미이행, 적반하장, 불만",000000002000
손님은 기다리는데 자기들끼리 노가리 까느라 주문도 안 받음.,서비스,Negative,"근무 태만, 주문 지연, 화남",000000002000
맛이 아무리 좋아도 이런 서비스라면 다시는 오고 싶지 않습니다.,서비스,Negative,"서비스 최악, 재방문 의사 없음",000000002000
직원분들 서비스는 그냥 딱 기본적인 수준으로 친절하지도 무례하지도 않아요.,서비스,Neutral,"기본적인 응대, 보통",000000003000
주문은 키오스크로 해서 직원과 대면할 일이 거의 없었습니다.,서비스,Neutral,"키오스크 이용, 비대면",000000003000
메뉴 설명은 따로 없지만 메뉴판에 상세히 적혀 있어 무난합니다.,서비스,Neutral,"메뉴판 의존, 평범한 서비스",000000003000
사람이 많아서 그런지 응대가 아주 빠르지는 않았지만 기다릴 만했어요.,서비스,Neutral,"응대 속도 보통, 대기 있음",000000003000
서비스 쿠키는 없지만 커피 가격이 저렴한 편이라 납득이 갑니다.,서비스,Neutral,"서비스 부재, 가격 납득, 보통",000000003000
아이랑 갔는데 특별한 배려는 없었지만 제재도 없어서 무난했어요.,서비스,Neutral,"노키즈존 아님, 평범한 대우",000000003000
나갈 때 인사는 형식적으로 해주시는 편인 것 같습니다.,서비스,Neutral,"형식적인 인사, 보통",000000003000
궁금한 거 물어보면 대답은 잘 해주시는데 로봇 같은 느낌은 있네요.,서비스,Neutral,"사무적인 응대, 무난",000000003000
바쁜 시간에는 직원이 부족해 보이지만 다들 열심히는 하시네요.,서비스,Neutral,"직원 부족, 성실함, 보통",000000003000
커피 맛 피드백을 따로 받지는 않지만 물어보면 친절히 답해줌.,서비스,Neutral,"요청 시 답변, 보통 수준",000000003000
컵이랑 식기는 적당히 청결한 편이라 거슬리는 건 없었습니다.,서비스,Neutral,"적당한 청결도, 보통",000000003000
반려동물 가이드는 벽에 붙어있으니 읽어보시면 됩니다.,서비스,Neutral,"셀프 가이드 확인, 정보 제공",000000003000
주문할 때 직원분이 바빠 보여서 필요한 말만 딱딱 나눴어요.,서비스,Neutral,"간결한 대화, 필요 위주",000000003000
계산 실수 시 바로 잡아주긴 하는데 사과가 아주 정중하진 않아요.,서비스,Neutral,"실수 정정, 무난한 피드백",000000003000
짐이 많을 땐 구석 자리를 이용하는 게 서로 편할 것 같습니다.,서비스,Neutral,"자구책 필요, 보통 서비스",000000003000
비 오는 날 입구에 우산 비닐이 준비되어 있어 직접 사용하면 됨.,서비스,Neutral,"셀프 편의 시설, 무난",000000003000
메뉴판 외의 요구는 상황에 따라 들어주기도 하고 아니기도 해요.,서비스,Neutral,"상황에 따른 대응, 보통",000000003000
직원들 유니폼은 따로 없고 깔끔한 사복 차림으로 일하시네요.,서비스,Neutral,"사복 차림, 깔끔함, 보통",000000003000
생일 파티는 금지되어 있으니 초만 켜는 정도로 만족해야 함.,서비스,Neutral,"규칙 준수 안내, 정보 전달",000000003000
다 드신 그릇은 지정된 곳에 직접 반납하는 시스템입니다.,서비스,Neutral,셀프 반납 시스템,000000003000
외국어 응대가 가능한지는 잘 모르겠으나 메뉴판에 영어 병기됨.,서비스,Neutral,"메뉴판 영어 병기, 정보 전달",000000003000
원두에 대한 설명 카드가 같이 나와서 읽어보기 좋았습니다.,서비스,Neutral,"설명 카드 제공, 무난",000000003000
서비스가 아주 훌륭한 건 아니지만 동네 카페 수준으로는 적당함.,서비스,Neutral,"적당한 서비스, 동네 수준",000000003000
주문이 늦어지면 안내는 해주시는데 별도의 보상은 없어요.,서비스,Neutral,"지연 안내, 보상 없음, 보통",000000003000
매장 청소 상태는 눈에 띄게 깨끗하지도 더럽지도 않은 정도임.,서비스,Neutral,"평범한 청결 상태, 보통",000000003000
감정 없는 기계적인 친절함이라 그냥 부담 없이 이용했습니다.,서비스,Neutral,"기계적 친절, 부담 없음, 보통",000000003000
단체 예약은 노쇼 방지를 위해 예약금을 받는다고 하더라고요.,서비스,Neutral,"예약금 제도, 정보 전달",000000003000
텀블러 할인은 300원 정도 되는 것 같으니 챙겨가세요.,서비스,Neutral,텀블러 할인 정보,000000003000
직원들끼리 대화는 나누지만 손님이 오면 바로 응대해 줍니다.,서비스,Neutral,"적절한 응대 타이밍, 보통",000000003000
서비스 때문에 기분 상할 일은 없는 무난한 카페입니다.,서비스,Neutral,"무난한 서비스 수준, 보통",000000003000
이 정도 퀄리티의 커피를 이 가격에 마실 수 있다니 가성비 최고예요.,가격가성비,Positive,"가성비 최고, 착한 가격",000000000100
양이 정말 많은데 가격은 저렴해서 학생들도 부담 없이 오기 좋네요.,가격가성비,Positive,"양 많음, 저렴함, 부담 없음",000000000100
디저트 크기가 엄청 큰데 가격은 다른 곳보다 훨씬 싸서 놀랐어요.,가격가성비,Positive,"크기 큼, 훨씬 저렴, 만족",000000000100
런치 타임에 가면 세트로 저렴하게 먹을 수 있어서 완전 혜자입니다.,가격가성비,Positive,"세트 할인, 혜자, 저렴함",000000000100
요즘 개인 카페들 너무 비싼데 여기는 가격이 합리적이라 자주 와요.,가격가성비,Positive,"합리적 가격, 자주 방문",000000000100
아메리카노 리필 서비스가 단돈 천 원이라니 가성비 끝판왕이네요.,가격가성비,Positive,"리필 서비스, 가성비 끝판왕",000000000100
핸드드립 커피인데도 가격이 일반 아메리카노 수준이라 너무 좋아요.,가격가성비,Positive,"핸드드립 저렴, 만족",000000000100
케이크 한 조각이 거의 식사 대용 급인데 가격은 적당해서 만족함.,가격가성비,Positive,"식사 대용 크기, 적당한 가격",000000000100
테이크아웃 하면 할인까지 해주셔서 저렴하게 잘 마셨습니다.,가격가성비,Positive,"테이크아웃 할인, 저렴함",000000000100
원두 품질이 이렇게 좋은데 이 가격이면 사장님이 남는 게 있을까요?,가격가성비,Positive,"원두 품질 대비 저렴, 사장님 걱정",000000000100
샌드위치 속이 꽉 찼는데 5천 원대면 편의점보다 나은 것 같아요.,가격가성비,Positive,"속 꽉 참, 편의점보다 나음, 저렴",000000000100
포인트 적립률이 높아서 몇 번만 와도 금방 공짜 커피 마시겠어요.,가격가성비,Positive,"포인트 적립, 공짜 커피, 혜택 굿",000000000100
주변 상권 대비 가격이 제일 저렴해서 모임 하기 딱 좋습니다.,가격가성비,Positive,"주변 대비 저렴, 모임 추천",000000000100
비주얼은 호텔급인데 가격은 동네 카페라 가심비까지 잡았네요.,가격가성비,Positive,"가심비, 호텔급 비주얼, 저렴",000000000100
1인 1메뉴 강요도 없고 가격도 착해서 마음 편히 쉬다 갑니다.,가격가성비,Positive,"착한 가격, 마음 편함",000000000100
시그니처 메뉴가 다른 곳보다 2천 원은 싼 것 같아 만족스러워요.,가격가성비,Positive,"시그니처 저렴, 만족",000000000100
세트 메뉴 구성이 알차고 단품보다 훨씬 저렴해서 추천합니다.,가격가성비,Positive,"알찬 세트, 단품보다 저렴",000000000100
"이 분위기에 이 가격이라니, 데이트 장소로 가성비 최고입니다.",가격가성비,Positive,"분위기 대비 저렴, 가성비 데이트",000000000100
디카페인 변경 추가 요금이 없어서 정말 양심적인 곳이라 생각해요.,가격가성비,Positive,"추가 요금 없음, 양심적, 만족",000000000100
과일 빙수에 과일이 산더미인데 1만 원대면 정말 저렴한 거죠.,가격가성비,Positive,"과일 산더미, 저렴함, 만족",000000000100
빵 종류가 3천 원대부터 시작해서 골고루 사 먹기 부담 없어요.,가격가성비,Positive,"가격대 낮음, 부담 없음, 만족",000000000100
양이 너무 많아서 둘이서 하나 나눠 먹어도 충분할 정도의 가성비!,가격가성비,Positive,"나눴 먹기 좋음, 가성비 굿",000000000100
이벤트 기간이라 1+1으로 마셨는데 정말 횡재한 기분이네요.,가격가성비,Positive,"1+1 이벤트, 횡재, 저렴함",000000000100
커피 맛을 생각하면 이 가격은 오히려 싸게 느껴질 정도입니다.,가격가성비,Positive,"맛 대비 저렴, 만족",000000000100
학생 할인이 있어서 친구들이랑 저렴하게 잘 이용하고 있어요.,가격가성비,Positive,"학생 할인, 저렴함",000000000100
쿠폰 도장 다 찍어서 무료 음료 마셨는데 기분 너무 좋네요.,가격가성비,Positive,"쿠폰 혜택, 무료 음료, 만족",000000000100
주차 지원도 해주는데 음료 가격도 저렴하니 안 올 이유가 없죠.,가격가성비,Positive,"주차 지원, 저렴한 음료, 최고",000000000100
대용량 사이즈인데도 일반 카페 보통 사이즈 가격이라 좋네요.,가격가성비,Positive,"대용량, 저렴한 가격, 만족",000000000100
원재료 신선한 거 쓰시는데 가격은 거품을 쏙 뺀 느낌입니다.,가격가성비,Positive,"거품 뺀 가격, 신선한 재료",000000000100
정말 오랜만에 돈 아깝지 않은 카페를 발견해서 행복합니다.,가격가성비,Positive,"돈 안 아까움, 대만족",000000000100
아메리카노 한 잔에 7천 원은 너무 심한 거 아닌가요? 가성비 최악.,가격가성비,Negative,"너무 비쌈, 가성비 최악",000000000200
양은 한 입 거리인데 가격은 밥값보다 비싸서 어이가 없네요.,가격가성비,Negative,"양 적음, 밥값보다 비쌈, 실망",000000000200
디저트 크기가 코딱지만 한데 가격은 사악하기 그지없습니다.,가격가성비,Negative,"크기 작음, 가격 사악, 비쌈",000000000200
자리값이라지만 커피 맛도 평범한데 너무 비싸게 받네요.,가격가성비,Negative,"자리값 과다, 비싼 가격, 불만",000000000200
테이크아웃이랑 매장 이용 가격이 같은 건 좀 불합리한 듯요.,가격가성비,Negative,"가격 불합리, 테이크아웃 비쌈",000000000200
"디카페인 변경에 1,500원 추가는 너무 선 넘은 거 아닌가요?",가격가성비,Negative,"추가 요금 비쌈, 선 넘음",000000000200
주변 카페들보다 천 원 이상 비싸서 다시는 안 올 것 같아요.,가격가성비,Negative,"주변 대비 비쌈, 재방문 의사 없음",000000000200
샌드위치 내용물은 부실한데 가격은 8천 원대라 돈 아까워요.,가격가성비,Negative,"내용물 부실, 돈 아까움, 비쌈",000000000200
포인트 적립도 안 되고 할인 혜택도 전혀 없어서 아쉽습니다.,가격가성비,Negative,"혜택 없음, 아쉬움",000000000200
원두 품질이 특별하지도 않은데 브랜드 값만 비싸게 받네요.,가격가성비,Negative,"브랜드 값, 비쌈, 실망",000000000200
과일 에이드에 과일은 쥐꼬리만큼 넣고 가격은 깡패네요.,가격가성비,Negative,"과일 적음, 가격 깡패, 비쌈",000000000200
1인 1메뉴는 이해하는데 어린아이까지 포함이라니 너무하네요.,가격가성비,Negative,"인원수 강요, 가격 부담, 불만",000000000200
세트 메뉴라고 해놓고 단품으로 시킬 때랑 가격 차이가 없어요.,가격가성비,Negative,"세트 메리트 없음, 실망",000000000200
비주얼만 좋지 맛에 비하면 가격이 너무 과하게 책정됐습니다.,가격가성비,Negative,"가격 과함, 맛 대비 비쌈",000000000200
주차비 별도에 음료 가격까지 비싸니 정말 부담스러운 곳임.,가격가성비,Negative,"주차비 부담, 음료 비쌈, 최악",000000000200
조각 케이크가 거의 1만 원 육박하는데 그 정도 맛은 아님.,가격가성비,Negative,"케이크 비쌈, 맛 보통, 돈 아까움",000000000200
양이 너무 적어서 두 잔은 마셔야 기별이 갈 정도인데 비싸요.,가격가성비,Negative,"양 너무 적음, 비쌈, 불만",000000000200
이벤트라고 홍보해서 갔더니 조건이 너무 까다로워 혜택 못 받음.,가격가성비,Negative,"이벤트 조건 까다로움, 실망",000000000200
리필 안 되는 건 알겠는데 새로 시키는 가격이 너무 부담됨.,가격가성비,Negative,"리필 불가, 가격 부담, 불만",000000000200
가격 대비 매장 관리가 너무 안 되어 있어서 돈 아까웠습니다.,가격가성비,Negative,"관리 부실, 돈 아까움",000000000200
빵이 말라비틀어졌는데 5천 원이나 받다니 양심 없네요.,가격가성비,Negative,"품질 대비 비쌈, 양심 없음",000000000200
컵 사이즈가 작아도 너무 작네요. 얼음 빼면 커피는 반도 안 됨.,가격가성비,Negative,"컵 사이즈 작음, 양 적음, 비쌈",000000000200
"학생 할인이 있다고 써 붙이지나 말지, 대학생만 된다네요.",가격가성비,Negative,"할인 제한, 기분 상함, 실망",000000000200
쿠폰 도장을 10개나 찍어야 한 잔 무료라니 너무 짜네요.,가격가성비,Negative,"쿠폰 혜택 짬, 실망",000000000200
발렛비 5천 원에 커피값까지 하면 점심값 두 배는 나옵니다.,가격가성비,Negative,"발렛비 비쌈, 총비용 과다",000000000200
메뉴판 가격이랑 결제 금액이 달라서 물으니 가격 올랐대요.,가격가성비,Negative,"가격 변동 미안내, 실망",000000000200
물가가 올랐다지만 여기는 좀 지나치게 올린 느낌입니다.,가격가성비,Negative,"지나친 가격 인상, 불만",000000000200
양이 적으면 맛이라도 있어야 하는데 둘 다 아니라서 화남.,가격가성비,Negative,"양 적고 맛없음, 비쌈, 화남",000000000200
호텔도 아닌데 서비스 차지 붙는 것 같은 비싼 가격이네요.,가격가성비,Negative,"호텔급 가격, 부담스러움",000000000200
다시 오기엔 가격 장벽이 너무 높아서 오늘이 마지막일 듯.,가격가성비,Negative,"가격 장벽, 재방문 불가",000000000200
가격은 요즘 서울 카페 평균 수준이라 크게 나쁘지 않아요.,가격가성비,Neutral,"평균 가격 수준, 보통",000000000300
커피 양은 적당하고 가격도 딱 상상하는 그 정도입니다.,가격가성비,Neutral,"적당한 양과 가격, 보통",000000000300
디저트 종류에 따라 가격 편차가 좀 있는 편이니 잘 보세요.,가격가성비,Neutral,"메뉴별 가격 차이, 정보 전달",000000000300
자릿값 생각하면 수긍이 가는 가격대라고 생각됩니다.,가격가성비,Neutral,"수긍 가는 가격, 보통",000000000300
테이크아웃 할인은 따로 없지만 원래 가격이 무난해요.,가격가성비,Neutral,"할인 없음, 무난한 가격",000000000300
디카페인 변경 시 500원 추가 요금이 붙으니 참고하세요.,가격가성비,Neutral,"추가 요금 안내, 정보 전달",000000000300
주변 카페들이랑 가격 비교해 보면 다 고만고만합니다.,가격가성비,Neutral,"주변과 비슷함, 보통",000000000300
샌드위치 가격은 한 끼 식사 비용 정도라고 보시면 돼요.,가격가성비,Neutral,"식사 비용 수준, 보통",000000000300
포인트 적립은 핸드폰 번호로 간편하게 할 수 있습니다.,가격가성비,Neutral,포인트 적립 방식 안내,000000000300
원두 선택에 따라 추가금이 붙는 경우도 있더라고요.,가격가성비,Neutral,"원두별 추가금 발생, 정보",000000000300
에이드 가격은 생과일 비중에 따라 적절해 보입니다.,가격가성비,Neutral,"적절한 가격대, 보통",000000000300
1인 1음료 주문이 원칙인 매장이니 참고해서 방문하세요.,가격가성비,Neutral,"이용 원칙 안내, 정보",000000000300
세트 메뉴는 특정 시간대에만 주문 가능한 것 같습니다.,가격가성비,Neutral,"세트 주문 시간 제한, 안내",000000000300
비주얼이 화려한 만큼 가격대도 어느 정도 있는 편이에요.,가격가성비,Neutral,"비주얼 비례 가격, 보통",000000000300
주차는 일정 금액 이상 구매 시에만 할인권이 나옵니다.,가격가성비,Neutral,주차 할인 조건 안내,000000000300
조각 케이크 가격은 다른 프랜차이즈랑 비슷한 수준임.,가격가성비,Neutral,"프랜차이즈와 비슷, 보통",000000000300
양이 아주 많지도 적지도 않은 딱 표준 사이즈네요.,가격가성비,Neutral,"표준 사이즈, 보통 양",000000000300
가끔 인스타로 이벤트 공지하시니 확인해 보고 가세요.,가격가성비,Neutral,이벤트 공지 확인 권장,000000000300
리필은 안 되지만 샷 추가는 저렴하게 가능합니다.,가격가성비,Neutral,"샷 추가 가능, 보통",000000000300
가격 대비 시설은 그냥 평범한 동네 카페 수준입니다.,가격가성비,Neutral,"평범한 시설 대비 가격, 보통",000000000300
빵은 오후 늦게 가면 마감 할인도 가끔 하는 것 같아요.,가격가성비,Neutral,"마감 할인 정보, 보통",000000000300
컵 사이즈 선택이 가능해서 취향껏 고르면 될 듯요.,가격가성비,Neutral,"사이즈 선택 가능, 정보",000000000300
학생 할인은 학생증 지참 시에만 적용된다고 하네요.,가격가성비,Neutral,"할인 조건 안내, 정보",000000000300
쿠폰 합산은 안 된다고 하니 한 곳에만 찍으세요.,가격가성비,Neutral,"쿠폰 사용 규칙, 정보 전달",000000000300
발렛 서비스가 필수는 아니라서 선택하시면 됩니다.,가격가성비,Neutral,"발렛 선택 사항, 안내",000000000300
가격 인상 공지가 입구에 붙어 있어서 미리 알았네요.,가격가성비,Neutral,"가격 인상 인지, 보통",000000000300
물가 상승 반영해서 가격이 조금 변동된 것 같습니다.,가격가성비,Neutral,"가격 변동 반영, 보통",000000000300
양보다는 질에 집중한 느낌이라 가격이 이해는 가요.,가격가성비,Neutral,"품질 집중, 가격 이해, 보통",000000000300
메뉴판에 가격이 부가세 포함으로 깔끔하게 적혀 있어요.,가격가성비,Neutral,"가격 표기 깔끔, 정보",000000000300
가성비 맛집이라기보다 그냥 무난한 카페 가격대예요.,가격가성비,Neutral,"무난한 가격대, 보통",000000000300
주말인데도 매장이 넓어서 웨이팅 없이 바로 앉았습니다.,혼잡도_웨이팅,Positive,"웨이팅 없음, 바로 입장",000000000001
회전율이 빨라서 대기 줄이 길었는데도 금방 들어갔어요.,혼잡도_웨이팅,Positive,"빠른 회전율, 금방 입장",000000000001
평일 오전에 가니까 조용하고 한적해서 너무 여유롭네요.,혼잡도_웨이팅,Positive,"한적함, 여유로움, 조용함",000000000001
웨이팅 시스템이 잘 되어 있어 카톡으로 알림 주니 편해요.,혼잡도_웨이팅,Positive,"웨이팅 시스템 굿, 카톡 알림",000000000001
매장 안에 대기석이 따로 마련되어 있어 덥지 않게 기다림.,혼잡도_웨이팅,Positive,"실내 대기석, 쾌적한 기다림",000000000001
사람이 많아도 테이블 간격이 넓어 혼잡한 느낌이 안 나요.,혼잡도_웨이팅,Positive,"넓은 간격, 혼잡하지 않음",000000000001
오픈런 했더니 제일 좋은 창가 자리 앉아서 기분 최고예요.,혼잡도_웨이팅,Positive,"오픈런 성공, 명당 사수",000000000001
대기 명단 적어두고 주변 구경하다 오니 시간이 딱 맞네요.,혼잡도_웨이팅,Positive,"주변 관광 가능, 시간 배분 굿",000000000001
직원분들이 자리를 빠르게 정리해 주셔서 금방 앉았습니다.,혼잡도_웨이팅,Positive,"빠른 자리 정리, 신속 입장",000000000001
이른 저녁에 방문하니 손님이 별로 없어 전세 낸 기분임.,혼잡도_웨이팅,Positive,"손님 적음, 전세 낸 기분, 쾌적",000000000001
단체석이 비어있어 예약 없이도 단체로 바로 들어갔어요.,혼잡도_웨이팅,Positive,"단체 입장 수월, 운 좋음",000000000001
주차장 혼잡도가 낮아서 주차부터 입장까지 일사천리네요.,혼잡도_웨이팅,Positive,"주차 수월, 빠른 입장",000000000001
피크 타임 지나서 가니 웨이팅도 없고 조용해서 딱 좋음.,혼잡도_웨이팅,Positive,"피크 타임 피함, 조용함, 성공",000000000001
매장이 2층까지 있어서 자리가 넉넉하고 쾌적합니다.,혼잡도_웨이팅,Positive,"넉넉한 자리, 쾌적함",000000000001
웨이팅 하는 동안 마실 수 있는 물이 비치된 센스 굿!,혼잡도_웨이팅,Positive,"대기 고객 배려, 센스 만점",000000000001
생각보다 사람이 안 붐벼서 친구들이랑 대화하기 좋았어요.,혼잡도_웨이팅,Positive,"안 붐빔, 대화하기 좋음",000000000001
비 오는 날이라 그런지 손님이 적어서 조용히 쉬다 왔네요.,혼잡도_웨이팅,Positive,"조용함, 여유로운 휴식",000000000001
테이크아웃 손님이 많아서 매장 안은 의외로 한산합니다.,혼잡도_웨이팅,Positive,"매장 한산, 여유로움",000000000001
웨이팅 30분 예상했는데 10분 만에 불러주셔서 기뻤어요.,혼잡도_웨이팅,Positive,"예상보다 빠른 입장, 기쁨",000000000001
평일엔 예약이 가능해서 대기 없이 바로 이용했습니다.,혼잡도_웨이팅,Positive,"예약 서비스, 대기 없음, 편리",000000000001
매장 규모가 커서 그런지 단체 손님이 와도 여유 있네요.,혼잡도_웨이팅,Positive,"큰 규모, 여유로운 수용",000000000001
혼자 앉는 자리가 많아서 눈치 안 보고 오래 머물렀어요.,혼잡도_웨이팅,Positive,"혼공족 환영, 눈치 안 보임",000000000001
입장 순서가 다가오면 미리 전화 주시는 친절함에 감동.,혼잡도_웨이팅,Positive,"미리 전화 알림, 세심한 서비스",000000000001
매장 입구가 넓어서 대기 인원이 많아도 복잡하지 않음.,혼잡도_웨이팅,Positive,"넓은 입구, 정돈된 대기",000000000001
구석 자리가 비어있어 조용하게 작업하기 아주 좋았습니다.,혼잡도_웨이팅,Positive,"조용한 구석 자리, 작업 최적",000000000001
회전율을 위해 직원분들이 일사불란하게 움직이시네요.,혼잡도_웨이팅,Positive,"효율적인 운영, 일사불란",000000000001
핫플치고는 웨이팅이 길지 않아서 충분히 올만합니다.,혼잡도_웨이팅,Positive,"적당한 대기, 재방문 의사 있음",000000000001
대기 번호표가 번호순으로 명확해서 새치기 걱정 없어요.,혼잡도_웨이팅,Positive,"명확한 번호표, 질서 정연",000000000001
손님이 계속 들어오는데도 매장 관리가 잘 되어 쾌적함.,혼잡도_웨이팅,Positive,"철저한 관리, 쾌적한 유지",000000000001
밤 늦게 방문하니 분위기도 좋고 한산해서 만족했어요.,혼잡도_웨이팅,Positive,"늦은 시간 한산함, 분위기 만족",000000000001
주말에 갔더니 웨이팅만 2시간... 기다리다 지쳐 돌아감.,혼잡도_웨이팅,Negative,"극악의 웨이팅, 대기 지침",000000000002
매장이 너무 좁고 사람이 꽉 차서 숨이 막힐 지경입니다.,혼잡도_웨이팅,Negative,"좁은 매장, 혼잡함, 숨 막힘",000000000002
평일 낮인데도 사람이 왜 이렇게 많은지... 너무 시끄러워요.,혼잡도_웨이팅,Negative,"평일 혼잡, 소음 심함, 불만",000000000002
웨이팅 시스템도 없고 그냥 줄 서서 기다려야 해서 힘들었음.,혼잡도_웨이팅,Negative,"시스템 부재, 무한 대기, 힘듦",000000000002
대기 공간이 밖이라 뙤약볕 아래서 기다리는데 쓰러질 뻔.,혼잡도_웨이팅,Negative,"야외 대기, 더위, 환경 열악",000000000002
테이블 간격이 너무 좁아서 옆 사람 숨소리까지 들릴 정도임.,혼잡도_웨이팅,Negative,"좁은 간격, 혼잡도 높음, 불편",000000000002
오픈 전부터 줄이 길어서 결국 못 들어가고 포기했습니다.,혼잡도_웨이팅,Negative,"오픈런 실패, 대기 너무 길음",000000000002
대기 명단 적었는데 제 순서 건너뛰고 다른 사람 먼저 들여보냄.,혼잡도_웨이팅,Negative,"순서 누락, 불공정, 화남",000000000002
직원분들이 자리 정리를 안 해주셔서 빈자리 있는데도 못 앉음.,혼잡도_웨이팅,Negative,"관리 미흡, 대기 지연, 답답",000000000002
사람이 너무 많아서 시장통이 따로 없네요. 대화가 안 됨.,혼잡도_웨이팅,Negative,"시장통 분위기, 너무 시끄러움",000000000002
단체석 하나뿐이라 단체로 가면 무조건 한 시간 대기네요.,혼잡도_웨이팅,Negative,"단체석 부족, 대기 길음",000000000002
주차장부터 만차라 들어가지도 못하고 밖에서 뱅뱅 돌았음.,혼잡도_웨이팅,Negative,"주차장 만차, 진입 불가, 짜증",000000000002
브레이크 타임 직전에 갔더니 웨이팅 마감이라고 쫓겨남.,혼잡도_웨이팅,Negative,"웨이팅 조기 마감, 실망",000000000002
2층까지 꽉 차서 발 디딜 틈도 없고 정신이 하나도 없어요.,혼잡도_웨이팅,Negative,"매장 포화, 정신없음, 불만족",000000000002
웨이팅 하는 사람들 눈치 보여서 커피를 코로 마시는 기분.,혼잡도_웨이팅,Negative,"대기자 눈치, 압박감, 불편",000000000002
생각보다 회전율이 너무 안 좋아서 3팀 빠지는데 한 시간 걸림.,혼잡도_웨이팅,Negative,"낮은 회전율, 대기 지연",000000000002
눈치 게임 실패했네요. 사람이 너무 많아서 기 다 빨렸어요.,혼잡도_웨이팅,Negative,"인파 과다, 기 빨림, 피로함",000000000002
테이크아웃 줄이랑 매장 줄이 섞여서 난장판이었습니다.,혼잡도_웨이팅,Negative,"줄 구분 안 됨, 난장판, 혼란",000000000002
웨이팅 번호 불러줄 때 소리가 너무 작아서 놓치기 쉬워요.,혼잡도_웨이팅,Negative,"알림 소리 작음, 놓칠 뻔함",000000000002
예약 불가라 무조건 현장 대기해야 하는 게 너무 불편함.,혼잡도_웨이팅,Negative,"예약 불가, 현장 대기 불편",000000000002
매장 규모에 비해 손님이 너무 많아 에어컨을 틀어도 더워요.,혼잡도_웨이팅,Negative,"인원 과다, 냉방 부족, 더움",000000000002
혼자 왔다고 좁은 구석 자리로 몰아넣는데 기분 별로였음.,혼잡도_웨이팅,Negative,"혼자 방문 눈치, 자리 차별",000000000002
입장 독촉 전화를 계속해서 커피 마시다 체할 뻔했습니다.,혼잡도_웨이팅,Negative,"입장 독촉, 압박감, 불편",000000000002
입구에 대기 인원이 가득해서 들어오고 나가는 게 전쟁임.,혼잡도_웨이팅,Negative,"입구 혼잡, 이동 불편, 전쟁터",000000000002
조용한 카페인 줄 알았는데 혼잡도가 거의 도심 광장급임.,혼잡도_웨이팅,Negative,"예상 밖 혼잡, 시끄러움, 실망",000000000002
직원들이 너무 바빠서 그런지 자리 청소가 제대로 안 됨.,혼잡도_웨이팅,Negative,"바쁨, 청소 부실, 지저분",000000000002
핫플이라 그런지 사람 구경만 실컷 하고 온 느낌입니다.,혼잡도_웨이팅,Negative,"사람 너무 많음, 실망",000000000002
대기 줄 관리가 안 돼서 새치기하는 사람 때문에 싸울 뻔.,혼잡도_웨이팅,Negative,"줄 관리 부실, 새치기, 화남",000000000002
손님이 너무 많아 메뉴 나오기까지도 한참 걸리더라고요.,혼잡도_웨이팅,Negative,"메뉴 지연, 혼잡으로 인한 불편",000000000002
분위기 즐기러 왔다가 사람에 치여서 금방 나왔습니다.,혼잡도_웨이팅,Negative,"사람에 치임, 조기 퇴장",000000000002
주말 낮에는 어느 정도 웨이팅 감수하고 가셔야 할 듯요.,혼잡도_웨이팅,Neutral,"주말 대기 예상 필요, 보통",000000000003
회전율은 일반적인 카페 수준이라 적당히 기다릴 만합니다.,혼잡도_웨이팅,Neutral,"일반적 회전율, 적당한 대기",000000000003
평일에는 한적한데 주말에는 사람이 확 몰리는 편이에요.,혼잡도_웨이팅,Neutral,"요일별 혼잡도 차이, 정보",000000000003
웨이팅은 수동으로 명단 작성하는 방식이니 참고하세요.,혼잡도_웨이팅,Neutral,"수동 명단 작성 방식, 안내",000000000003
매장 밖에도 의자가 몇 개 있어서 앉아서 기다릴 수 있어요.,혼잡도_웨이팅,Neutral,"외부 대기 의자 있음, 보통",000000000003
사람이 많긴 한데 층고가 높아서 그런지 아주 시끄럽진 않음.,혼잡도_웨이팅,Neutral,"인원 대비 소음 적당, 보통",000000000003
피크 타임 피해서 가면 대기 없이 바로 입장 가능합니다.,혼잡도_웨이팅,Neutral,"시간대별 입장 차이, 정보",000000000003
대기 명단에 전화번호 적어두면 차례 올 때 전화 주셔요.,혼잡도_웨이팅,Neutral,"전화 알림 시스템, 보통",000000000003
빈자리가 나면 직원이 안내해 줄 때까지 기다려야 합니다.,혼잡도_웨이팅,Neutral,"안내 대기 필요, 규칙",000000000003
식사 후 디저트 타임에는 손님이 집중적으로 많아지네요.,혼잡도_웨이팅,Neutral,"특정 시간 혼잡, 보통",000000000003
단체로 올 경우 미리 전화해서 자리 있는지 확인해 보세요.,혼잡도_웨이팅,Neutral,단체 방문 전 확인 권장,000000000003
주차장은 넓지만 손님이 많을 땐 이마저도 부족할 수 있음.,혼잡도_웨이팅,Neutral,"주차장 용량 한계, 보통",000000000003
마감 한 시간 전쯤 가니 사람도 없고 여유롭고 좋았네요.,혼잡도_웨이팅,Neutral,"마감 전 한산함, 정보",000000000003
매장 이용 시간이 제한되어 있어서 회전은 잘 되는 듯요.,혼잡도_웨이팅,Neutral,"이용 시간 제한, 회전 보통",000000000003
웨이팅 하는 동안 메뉴판 미리 보고 있으면 시간 잘 가요.,혼잡도_웨이팅,Neutral,"메뉴판 미리 보기, 팁",000000000003
사람이 아주 많지는 않았지만 그래도 창가 자리는 꽉 참.,혼잡도_웨이팅,Neutral,"특정 좌석 선호, 보통",000000000003
날씨에 따라 혼잡도가 극명하게 갈리는 곳인 것 같아요.,혼잡도_웨이팅,Neutral,"날씨 영향 혼잡도, 정보",000000000003
테이크아웃은 대기 없이 바로 주문 가능한 별도 줄이 있음.,혼잡도_웨이팅,Neutral,"테이크아웃 별도 줄, 정보",000000000003
웨이팅 번호표가 디지털 화면에 표시되니 확인 잘 하세요.,혼잡도_웨이팅,Neutral,"디지털 번호 표시, 안내",000000000003
예약은 네이버로 미리 하고 가면 대기 없이 입장됩니다.,혼잡도_웨이팅,Neutral,"네이버 예약 정보, 안내",000000000003
매장이 넓어서 그런지 사람 수에 비해 소리는 분산됨.,혼잡도_웨이팅,Neutral,"소리 분산 효과, 보통",000000000003
혼자 오신 분들을 위한 바 좌석은 비교적 여유가 있네요.,혼잡도_웨이팅,Neutral,"바 좌석 여유, 정보",000000000003
입장 알림 카톡을 받고 5분 안에 안 오면 취소된다네요.,혼잡도_웨이팅,Neutral,"입장 취소 규칙, 주의 사항",000000000003
입구 근처는 조금 번잡하니 안쪽 자리를 추천드립니다.,혼잡도_웨이팅,Neutral,"자리 추천 팁, 정보 전달",000000000003
조용한 걸 원하시면 평일 오픈 시간에 맞춰 가시는 게 좋음.,혼잡도_웨이팅,Neutral,"조용한 시간대 추천, 정보",000000000003
직원들이 바쁘게 움직이긴 하는데 워낙 손님이 많네요.,혼잡도_웨이팅,Neutral,"바쁜 매장 상황, 보통",000000000003
요즘 핫플이라 대기는 어느 정도 예상하고 방문했습니다.,혼잡도_웨이팅,Neutral,"대기 예상 방문, 보통",000000000003
줄 서는 위치가 표시되어 있으니 잘 보고 서시면 됩니다.,혼잡도_웨이팅,Neutral,"줄 서기 안내, 정보 전달",000000000003
주문 후 메뉴 나오기까지 10분 정도 소요되는 것 같아요.,혼잡도_웨이팅,Neutral,"메뉴 소요 시간, 보통",000000000003
분위기상 회전이 빠르기보다는 오래 머무는 손님이 많음.,혼잡도_웨이팅,Neutral,"체류 시간 김, 회전 보통",000000000003
포장 패키지가 너무 고급스럽고 예뻐서 선물용으로 딱이에요.,선물포장,Positive,"고급스러운 패키지, 선물용 딱",000000000010
디저트가 흐트러지지 않게 박스에 고정을 너무 잘 해주셨네요.,선물포장,Positive,"꼼꼼한 고정 포장, 만족",000000000010
선물한다고 하니 쇼핑백에 예쁜 리본까지 달아주셔서 감동!,선물포장,Positive,"리본 장식, 세심한 배려, 감동",000000000010
테이크아웃 컵 홀더가 디자인도 예쁘고 그립감도 아주 좋아요.,선물포장,Positive,"예쁜 컵 홀더, 그립감 만족",000000000010
아이스팩까지 챙겨주셔서 집까지 시원하고 신선하게 가져옴.,선물포장,Positive,"아이스팩 동봉, 신선도 유지",000000000010
답례품으로 대량 주문했는데 시간 딱 맞춰 포장해 주셨어요.,선물포장,Positive,"시간 엄수, 대량 주문 성공",000000000010
여기 포장 상자가 너무 예뻐서 버리기 아까울 정도입니다.,선물포장,Positive,"버리기 아까운 상자, 디자인 굿",000000000010
포장 주문했는데 서비스로 미니 쿠키 하나 넣어주셨네요. 짱!,선물포장,Positive,"포장 서비스, 미니 쿠키 증정",000000000010
케이크 상자에 창이 있어서 내용물을 미리 볼 수 있어 좋음.,선물포장,Positive,"투명창 상자, 내용물 확인 용이",000000000010
원두 선물 세트 구성이 알차서 커피 좋아하시는 분께 드림.,선물포장,Positive,"알찬 원두 세트, 선물 추천",000000000010
샌드위치 포장이 깔끔해서 피크닉 갈 때 들고 가기 편해요.,선물포장,Positive,"깔끔한 포장, 나들이용 추천",000000000010
선물 받은 분이 포장이 너무 예뻐서 뜯기 아깝다고 하네요.,선물포장,Positive,"받는 이 대만족, 예쁜 포장",000000000010
보냉 백 디자인도 세련돼서 평소에 들고 다녀도 될 것 같음.,선물포장,Positive,"세련된 보냉 백, 실용성 굿",000000000010
포장지 재질이 친환경적이라 환경까지 생각하는 게 느껴짐.,선물포장,Positive,"친환경 포장재, 브랜드 이미지 상승",000000000010
조각 케이크 하나도 정성스럽게 개별 포장해 주셔서 좋았어요.,선물포장,Positive,"개별 정성 포장, 만족",000000000010
선물용 카드도 같이 판매하고 있어 메시지 적기 편했습니다.,선물포장,Positive,"선물 카드 판매, 편의성 굿",000000000010
테이크아웃 봉투가 튼튼해서 여러 개 담아도 불안하지 않음.,선물포장,Positive,"튼튼한 봉투, 안정감",000000000010
포장하는 동안 앉아서 기다릴 수 있게 배려해 주셔서 감사함.,선물포장,Positive,"포장 대기 배려, 친절함",000000000010
음료 쏟아지지 않게 입구 씰링을 꼼꼼하게 해주셔서 대만족.,선물포장,Positive,"입구 씰링, 쏟아짐 방지, 만족",000000000010
구움과자 세트 박스 크기가 다양해서 예산 맞춰 사기 좋네요.,선물포장,Positive,"다양한 박스 크기, 선택 폭 넓음",000000000010
명절 선물로 샀는데 패키지가 단아해서 어른들이 좋아하심.,선물포장,Positive,"단아한 패키지, 어른들 선물 추천",000000000010
포장 속도가 엄청 빠르셔서 바쁜 아침에도 이용하기 좋아요.,선물포장,Positive,"빠른 포장 속도, 시간 절약",000000000010
여기 굿즈랑 같이 포장하니 더 근사한 선물이 되더라고요.,선물포장,Positive,"굿즈 조합 선물, 근사함",000000000010
포장 주문 시 보관 방법 적힌 명함도 넣어주는 세심함 굿!,선물포장,Positive,"보관 방법 안내, 세심한 배려",000000000010
컵 디자인이 시즌별로 바뀌어서 모으는 재미가 쏠쏠합니다.,선물포장,Positive,"시즌 컵 디자인, 수집 재미",000000000010
타르트가 흔들리지 않게 전용 틀에 담아주셔서 무사히 도착.,선물포장,Positive,"전용 틀 포장, 안전함",000000000010
선물 포장 비용이 아깝지 않을 만큼 결과물이 아주 예뻐요.,선물포장,Positive,"포장 비용 가치 있음, 예쁨",000000000010
대량 포장인데도 하나하나 리본 간격까지 맞춰주신 정성!,선물포장,Positive,"대량 주문 정성, 일정한 품질",000000000010
테이크아웃 전용 메뉴가 따로 있어 포장해 가기 훨씬 수월함.,선물포장,Positive,"포장 전용 메뉴, 편리함",000000000010
포장해온 커피 맛이 매장에서 먹는 거랑 똑같이 훌륭해요.,선물포장,Positive,"포장 맛 유지, 변함없는 품질",000000000010
포장을 너무 대충 해주셔서 집에 오니 케이크가 다 뭉개짐.,선물포장,Negative,"포장 부실, 내용물 손상, 실망",000000000020
선물용이라고 했는데 상자가 찌그러진 걸 주셔서 기분 나쁨.,선물포장,Negative,"찌그러진 상자, 관리 부실, 화남",000000000020
포장 비용을 따로 받으면서 리본 하나 안 달아주는 건 너무함.,선물포장,Negative,"유료 포장 부실, 가성비 낮음",000000000020
음료 포장했는데 뚜껑이 덜 닫혔는지 가방 안에 다 쏟아졌어요.,선물포장,Negative,"뚜껑 미흡, 음료 쏟아짐, 대참사",000000000020
쇼핑백이 너무 약해서 들고 가다가 손잡이가 툭 끊어졌네요.,선물포장,Negative,"쇼핑백 약함, 내구성 꽝, 불편",000000000020
선물 세트 구성이 사진이랑 너무 달라서 선물했다가 민망함.,선물포장,Negative,"사진과 다른 구성, 민망, 실망",000000000020
보냉 포장 부탁했는데 아이스팩도 안 넣어주셔서 다 녹았음.,선물포장,Negative,"보냉 누락, 제품 변질, 화남",000000000020
포장 주문했는데 대기 시간이 매장 이용보다 더 길어서 짜증.,선물포장,Negative,"포장 대기 길음, 처리 미흡",000000000020
상자 디자인이 너무 촌스러워서 선물용으로는 비추천합니다.,선물포장,Negative,"촌스러운 디자인, 선물 부적합",000000000020
포장해온 샌드위치가 눅눅해져서 도저히 못 먹겠더라고요.,선물포장,Negative,"포장 후 품질 저하, 눅눅함",000000000020
선물용 카드 적으려니 펜도 안 빌려주시고 너무 쌀쌀맞네요.,선물포장,Negative,"서비스 부족, 쌀쌀맞음, 불만",000000000020
컵 홀더가 너무 얇아서 뜨거운 커피 들기가 너무 힘들어요.,선물포장,Negative,"컵 홀더 얇음, 뜨거움, 위험",000000000020
포장 박스에서 이상한 냄새가 나서 내용물 맛까지 버렸어요.,선물포장,Negative,"포장재 냄새, 품질 저하, 실망",000000000020
조각 케이크 두 개 샀는데 한 상자에 쑤셔 넣어 모양 다 망가짐.,선물포장,Negative,"무리한 합포장, 모양 망가짐",000000000020
봉투 유료라고 해서 샀는데 너무 작아서 물건이 다 삐져나옴.,선물포장,Negative,"봉투 사이즈 작음, 불편",000000000020
답례품 상담하러 갔는데 귀찮아해서 그냥 다른 데서 주문함.,선물포장,Negative,"상담 불친절, 주문 포기",000000000020
포장 컵에 이물질이 묻어있어서 위생 상태가 의심스러웠네요.,선물포장,Negative,"용기 지저분, 위생 불량, 불쾌",000000000020
선물 세트 유통기한이 당장 내일까지인 걸 주시면 어떡함?,선물포장,Negative,"짧은 유통기한, 무책임, 화남",000000000020
포장용 비닐봉지가 너무 얇아서 조금만 날카로워도 다 찢어짐.,선물포장,Negative,"비닐봉지 내구성 부족, 불편",000000000020
테이크아웃인데 빨대도 안 챙겨주셔서 마시는 데 고생했어요.,선물포장,Negative,"구성품 누락, 빨대 없음, 불편",000000000020
굿즈 포장 박스가 너무 커서 들고 다니기 짐만 되고 번거로움.,선물포장,Negative,"과대 포장, 이동 불편",000000000020
포장지 색깔이 너무 칙칙해서 선물 받는 사람이 오해하겠어요.,선물포장,Negative,"칙칙한 색상, 디자인 불만족",000000000020
케이크 고정 핀이 없어서 상자 안에서 춤을 추고 있더라고요.,선물포장,Negative,"고정 핀 없음, 모양 훼손, 실망",000000000020
포장 대기 장소가 따로 없어서 길목에 서서 기다려야 했음.,선물포장,Negative,"대기 장소 부재, 복잡함, 불편",000000000020
종이 빨대가 너무 금방 흐물거려서 포장 음료 마시기 힘듦.,선물포장,Negative,"종이 빨대 품질, 음용 불편",000000000020
선물용 리본이 다 풀려있는데 그냥 주셔서 직접 다시 묶음.,선물포장,Negative,"마감 미흡, 성의 없음",000000000020
포장 주문 시 사이즈 업 안 된다고 해서 기분 좀 상했습니다.,선물포장,Negative,"포장 혜택 제한, 불만",000000000020
컵 홀더 디자인이 너무 평범해서 인스타 감성은 없네요.,선물포장,Negative,"평범한 디자인, 감성 부족",000000000020
포장 박스 열어보니 주문한 거랑 다른 게 들어있어 당황함.,선물포장,Negative,"메뉴 오배송, 포장 실수, 화남",000000000020
선물하기엔 브랜드 인지도가 너무 낮아서 좀 망설여지네요.,가격가성비,Negative,"낮은 인지도, 선물용 고민",000000000200
포장 패키지는 그냥 일반적인 카페 상자 디자인입니다.,선물포장,Neutral,"일반적인 패키지, 보통",000000000030
케이크 포장 시 고정 테이프를 붙여주니 조심히 들고 가세요.,선물포장,Neutral,"테이프 고정, 주의 사항 안내",000000000030
선물 포장은 추가 비용이 발생하니 미리 확인해 보셔야 함.,선물포장,Neutral,"유료 포장 안내, 정보 전달",000000000030
테이크아웃 컵 사이즈는 기본 한 종류로만 제공되더라고요.,선물포장,Neutral,"단일 사이즈 제공, 정보",000000000030
아이스팩은 요청 시에만 넣어주시는 것 같으니 꼭 말하세요.,선물포장,Neutral,"아이스팩 요청 필요, 안내",000000000030
대량 주문은 최소 3일 전에는 미리 연락 드려야 한대요.,선물포장,Neutral,대량 주문 사전 예약 안내,000000000030
포장 상자가 종이 재질이라 습기에 약하니 주의가 필요함.,선물포장,Neutral,"종이 재질 주의, 정보 전달",000000000030
포장 주문하면 진동벨 주시니까 근처에서 기다리면 됩니다.,선물포장,Neutral,포장 대기 방식 안내,000000000030
"조각 케이크 상자는 한 개용, 두 개용 사이즈가 따로 있음.",선물포장,Neutral,"상자 사이즈 구분, 정보",000000000030
원두 선물 세트는 매장에서 직접 골라 구성할 수 있습니다.,선물포장,Neutral,"세트 구성 가능, 정보",000000000030
샌드위치는 커팅 유무를 물어보시니 취향껏 요청하세요.,선물포장,Neutral,"커팅 여부 선택, 보통",000000000030
선물 받은 기프티콘으로도 포장 구매가 가능하다고 합니다.,선물포장,Neutral,"기프티콘 사용 가능, 정보",000000000030
보냉 가방은 별도로 구매하거나 가져오시는 게 좋을 듯요.,선물포장,Neutral,"보냉 가방 별도, 보통",000000000030
포장 주문 시 종이 봉투는 환경 부담금 100원이 추가됨.,선물포장,Neutral,"환경 부담금 안내, 정보",000000000030
케이크 한 판(홀)은 미리 예약해야 포장 상자에 담아줌.,선물포장,Neutral,"홀케이크 예약 필수, 정보",000000000030
선물용 봉투에 카페 로고가 크게 박혀 있는 스타일입니다.,선물포장,Neutral,"로고 강조 디자인, 보통",000000000030
"테이크아웃 음료 캐리어는 2구, 4구 짜리가 준비되어 있음.",선물포장,Neutral,"캐리어 구성 정보, 보통",000000000030
포장 대기 시간 동안 매장 구경하면서 시간 보냈습니다.,선물포장,Neutral,"대기 시간 활용, 보통",000000000030
음료 뚜껑에 빨대 구멍이 없는 타입이니 참고해 주세요.,선물포장,Neutral,"뚜껑 타입 안내, 정보",000000000030
구움과자 개별 포장지는 투명해서 내용물이 잘 보입니다.,선물포장,Neutral,"투명 포장지, 보통",000000000030
명절에는 명절 전용 패키지가 따로 출시된다고 하네요.,선물포장,Neutral,"시즌 한정 패키지, 정보",000000000030
포장 속도는 적당히 평범한 수준이라 기다릴 만했습니다.,선물포장,Neutral,"적당한 포장 속도, 보통",000000000030
굿즈 포장은 깨지지 않게 뽁뽁이로 감싸서 담아주셨어요.,선물포장,Neutral,"완충재 사용, 정보",000000000030
보관 방법이 적힌 종이가 상자 안쪽에 붙어 있습니다.,선물포장,Neutral,보관 안내 위치 정보,000000000030
컵 디자인은 로고만 심플하게 박힌 하얀색 컵입니다.,선물포장,Neutral,"심플한 디자인, 보통",000000000030
타르트 박스는 높이가 낮으니 쌓아 올리지 않게 주의요.,선물포장,Neutral,"박스 높이 주의, 안내",000000000030
선물 포장 샘플이 카운터 옆에 진열되어 있어 보기 편함.,선물포장,Neutral,"포장 샘플 진열, 정보",000000000030
리본 색깔은 빨간색이랑 파란색 중에 고를 수 있더라고요.,선물포장,Neutral,"리본 색상 선택, 정보",000000000030
테이크아웃 주문 시에도 매장 내 컵은 사용 금지입니다.,선물포장,Neutral,매장 내 컵 사용 불가 규칙,000000000030
포장해 가도 맛의 변화가 크지 않은 메뉴들 위주로 샀어요.,선물포장,Neutral,"포장 적합 메뉴 선택, 보통",000000000030
