Original_Review,Aspects,Sentiments,Empty,label,,
커피 향 진짜 미쳤네요;; 한 입 마시자마자 극락 감,커피_음료,긍정,,100000000000,,
아메리카노 산미 아예 없고 고소함 그 자체라 완전 취저임,커피_음료,긍정,,100000000000,,
와 라떼 아트도 예쁜데 우유 스팀 진짜 쫀쫀하고 고소함 대박,커피_음료,긍정,,100000000000,,
인생 커피 등극.. 원두 어디꺼 쓰시는지 물어보고 싶을 정도임,커피_음료,긍정,,100000000000,,
여기 핸드드립은 진짜 찐이다 향이 입안에서 계속 맴돔,커피_음료,긍정,,100000000000,,
아인슈페너 크림 쫀득하니 커피랑 조합 미쳤음 ㅠㅠㅠ,커피_음료,긍정,,100000000000,,
커피 원두 풍미가 너무 깊어서 마시는 내내 행복했음,커피_음료,긍정,,100000000000,,
에이드 과일 과육 씹히는 거 실화? 진짜 상큼하고 맛남,커피_음료,긍정,,100000000000,,
커피 맛집이라더니 진짜네.. 아아 농도 딱 적당하고 좋음,커피_음료,긍정,,100000000000,,
여기 시그니처 음료 안 마시면 손해임 진짜 존맛탱,커피_음료,긍정,,100000000000,,
커피 퀄리티 실화냐? 동네 카페 수준이 아님 ㄹㅇ,커피_음료,긍정,,100000000000,,
밀크티 향긋하고 적당히 달달해서 원샷 때림 ㅋㅋㅋ,커피_음료,긍정,,100000000000,,
오랜만에 진짜 맛있는 커피 마셔서 기분 너무 좋음 bb,커피_음료,긍정,,100000000000,,
말차라떼 진하고 꾸덕하니 완전 내 스타일!!,커피_음료,긍정,,100000000000,,
원두 신선한 게 맛에서 바로 느껴짐 크레마 대박,커피_음료,긍정,,100000000000,,
커피 한 입 먹자마자 눈 번쩍 뜨임 존맛 그 자체,커피_음료,긍정,,100000000000,,
디카페인인데도 일반 커피랑 차이 없을 정도로 맛있음,커피_음료,긍정,,100000000000,,
여기는 진짜 커피로 승부 보는 곳인 듯 퀄리티 ㄷㄷ,커피_음료,긍정,,100000000000,,
스무디 양도 많고 과일 맛 진해서 너무 만족함,커피_음료,긍정,,100000000000,,
콜드브루 깔끔함 미쳤음 뒷맛이 너무 개운함,커피_음료,긍정,,100000000000,,
커피 향 솔솔 나는데 마시기 전부터 이미 맛있음,커피_음료,긍정,,100000000000,,
라떼 덕후인데 여기 라떼는 진짜 인정합니다 짱맛,커피_음료,긍정,,100000000000,,
음료 비주얼도 예쁜데 맛은 더 예쁨 ㅠㅠ 최고,커피_음료,긍정,,100000000000,,
커피 중독자인데 여기 커피는 진짜 매일 마시고 싶음,커피_음료,긍정,,100000000000,,
플랫화이트 고소함이 남다름.. 꼭 드셔보세요,커피_음료,긍정,,100000000000,,
상큼한 티 종류도 많고 블렌딩 진짜 잘하신 듯,커피_음료,긍정,,100000000000,,
커피 맛이 예술임.. 한 방울도 안 남기고 다 마심,커피_음료,긍정,,100000000000,,
단골 예약입니다 커피가 어쩜 이렇게 맛있지?,커피_음료,긍정,,100000000000,,
초코라떼 찐하고 고급진 맛이라 당 충전 제대로 됨,커피_음료,긍정,,100000000000,,
여기 커피는 그냥 믿고 마심 실패가 없음,커피_음료,긍정,,100000000000,,
커피 진짜 노답.. 탄 맛 너무 심해서 사약 마시는 줄,커피_음료,부정,,200000000000,,
아메리카노 너무 연해서 그냥 보리차 같아요 돈 아까움,커피_음료,부정,,200000000000,,
음료에서 이상한 수돗물 냄새 남 ㅡㅡ 다 버림,커피_음료,부정,,200000000000,,
라떼 우유 비린내 심해서 한 입 먹고 못 먹겠음,커피_음료,부정,,200000000000,,
에이드 시켰는데 시럽 맛만 너무 강하고 인위적임,커피_음료,부정,,200000000000,,
커피 산미가 너무 강해서 식초 마시는 줄 알았네요 극혐,커피_음료,부정,,200000000000,,
스무디 얼음 알갱이가 너무 커서 빨대로 안 빨림 노답,커피_음료,부정,,200000000000,,
음료 양 진짜 적음 몇 번 빨면 끝남 개실망,커피_음료,부정,,200000000000,,
커피 원두가 오래됐는지 쩐내 나고 최악임,커피_음료,부정,,200000000000,,
초코 음료 시켰는데 물 탄 맛 나고 밍밍함 그 자체,커피_음료,부정,,200000000000,,
디카페인 커피 진짜 맛없네요.. 이렇게 맛없기도 힘듦,커피_음료,부정,,200000000000,,
음료가 너무 달아서 혀가 마비되는 줄 알았음,커피_음료,부정,,200000000000,,
아인슈페너 크림 다 분리되고 느끼해서 못 먹겠음,커피_음료,부정,,200000000000,,
여기 커피 맛있대서 왔는데 진심 편의점보다 못함,커피_음료,부정,,200000000000,,
티백 대충 우려낸 티가 너무 남 성의 1도 없음,커피_음료,부정,,200000000000,,
커피가 너무 미지근하게 나와서 기분 잡침,커피_음료,부정,,200000000000,,
딸기라떼 딸기 상태가 별로인지 시큼하고 별로임,커피_음료,부정,,200000000000,,
음료 비주얼만 좋고 맛은 진짜 꽝임 낚였음,커피_음료,부정,,200000000000,,
커피 향이 아예 안 느껴짐 그냥 검은색 물임,커피_음료,부정,,200000000000,,
에스프레소 너무 써서 탄 맛만 나고 풍미 1도 없음,커피_음료,부정,,200000000000,,
아니 음료에 얼음이 90%임 장난하나;;,커피_음료,부정,,200000000000,,
커피 마시고 속 쓰린 거 처음임 원두 의심됨,커피_음료,부정,,200000000000,,
시그니처라고 해서 시켰는데 무슨 맛인지 모르겠음 노맛,커피_음료,부정,,200000000000,,
라떼가 너무 묽어서 우유에 물 탄 줄 알았음,커피_음료,부정,,200000000000,,
녹차라떼 가루 뭉쳐서 나오고 텁텁해서 최악,커피_음료,부정,,200000000000,,
커피 밸런스 엉망진창임 쓰고 시고 난리 남,커피_음료,부정,,200000000000,,
음료 재료 아낀 티 너무 나서 다시는 안 갈 듯,커피_음료,부정,,200000000000,,
콜드브루 쉰 맛 나는 거 같은데 상태 체크 좀 하셔야 할 듯,커피_음료,부정,,200000000000,,
여기 음료는 진짜 돈 버리는 수준임 비추,커피_음료,부정,,200000000000,,
커피 한 모금 마시고 바로 후회함 개노맛,커피_음료,부정,,200000000000,,
아메리카노는 그냥 평범한 맛이에요,커피_음료,중립,,300000000000,,
원두 선택 가능한데 산미 있는 걸로 했음,커피_음료,중립,,300000000000,,
커피 양은 보통이고 맛도 딱 예상한 수준,커피_음료,중립,,300000000000,,
라떼에 우유 양이 좀 많은 편인 것 같아요,커피_음료,중립,,300000000000,,
에이드 아래에 청이 깔려있어서 잘 섞어 마셔야 함,커피_음료,중립,,300000000000,,
음료 종류가 다양해서 고르기 힘들었네요,커피_음료,중립,,300000000000,,
커피 맛이 나쁘진 않은데 굳이 찾아올 정도는 아님,커피_음료,중립,,300000000000,,
그냥 동네 흔한 카페 커피 맛임 쏘쏘,커피_음료,중립,,300000000000,,
디카페인으로 변경하면 천 원 추가됨,커피_음료,중립,,300000000000,,
티 메뉴는 티백이랑 과일 조각이 같이 들어가 있음,커피_음료,중립,,300000000000,,
커피가 좀 진한 편이라 연하게 드실 분은 미리 말해야 할 듯,커피_음료,중립,,300000000000,,
음료 비주얼은 사진이랑 똑같이 나옵니다,커피_음료,중립,,300000000000,,
아메리카노 시키면 기본 2샷 들어간다고 하네요,커피_음료,중립,,300000000000,,
커피 향은 좋은데 뒷맛이 살짝 씁쓸해요,커피_음료,중립,,300000000000,,
음료 위에 크림이 반 정도 올라가 있는 스타일임,커피_음료,중립,,300000000000,,
라떼 아트 없이 그냥 평범하게 나옴,커피_음료,중립,,300000000000,,
여름 메뉴로 수박 주스 팔고 있네요,커피_음료,중립,,300000000000,,
커피 온도가 적당해서 바로 마시기 편했음,커피_음료,중립,,300000000000,,
음료 맛이 자극적이지 않고 건강한 느낌임,커피_음료,중립,,300000000000,,
아이스 음료 시켰는데 얼음이 자잘한 스타일이네요,커피_음료,중립,,300000000000,,
커피 원두 설명 카드가 같이 나와서 읽어봄,커피_음료,중립,,300000000000,,
음료 양은 딱 톨 사이즈 정도 되는 것 같음,커피_음료,중립,,300000000000,,
특별한 맛은 아니고 누구나 아는 그 맛임,커피_음료,중립,,300000000000,,
샷 추가해서 마시니까 농도가 적당하네요,커피_음료,중립,,300000000000,,
에스프레소 탄산수랑 같이 서빙됨,커피_음료,중립,,300000000000,,
커피 산미는 중간 정도라 무난무난함,커피_음료,중립,,300000000000,,
커피 양은 많은데 맛은 약간 아쉽,커피_음료,중립,,300000000000,,수정완
음료 단맛이 생각보다 강하지 않아서 괜찮았음,커피_음료,중립,,300000000000,,
시즌 음료라 지금만 주문 가능하다고 함,커피_음료,중립,,300000000000,,
커피 맛이 무겁지 않고 가벼운 스타일이에요,커피_음료,중립,,300000000000,,
여기 소금빵 진짜 겉바속촉 미쳤어요ㅠㅠ 인생빵집 등극!,베이커리_빵,긍정,,010000000000,,
잠봉뵈르 버터 풍미 실화냐;; 진짜 고소함의 끝판왕임.,베이커리_빵,긍정,,010000000000,,
빵 종류 진짜 많고 다 맛있어 보여서 결정장애 옴ㅋㅋ 찐맛집!,베이커리_빵,긍정,,010000000000,,
식빵이 결대로 찢어지는데 너무 쫄깃해서 감동받음.,베이커리_빵,긍정,,010000000000,,
빵순이들 여기 외않가? 베이글 쫀득함이 탈인간급임.,베이커리_빵,긍정,,010000000000,,
크루아상 결 살아있는 것 좀 보세요.. 바삭함 미쳤음.,베이커리_빵,긍정,,010000000000,,
샌드위치 야채 대박 신선하고 속이 꽉 차서 하나만 먹어도 배터짐.,베이커리_빵,긍정,,010000000000,,
여기 치아바타 진짜 담백하고 씹을수록 단맛 올라와서 최고임.,베이커리_빵,긍정,,010000000000,,
갓 나온 식빵 냄새 맡으면 바로 극락 좌표 찍음 ㅠㅠ,베이커리_빵,긍정,,010000000000,,
베이글에 크림치즈 조합 미쳤음.. 매일 먹고 싶은 맛!!,베이커리_빵,긍정,,010000000000,,
잠봉뵈르 햄도 안 짜고 바게트도 적당히 딱딱해서 완벽함.,베이커리_빵,긍정,,010000000000,,
와 여기 빵 퀄리티 무엇? 프랑스 온 줄 알았네 ㄷㄷ,베이커리_빵,긍정,,010000000000,,
소금빵 밑바닥 버터에 튀겨진 부분... 진심 맛잘알 사장님 bb,베이커리_빵,긍정,,010000000000,,
빵들이 하나같이 다 실하고 재료 안 아낀 느낌 팍팍 남.,베이커리_빵,긍정,,010000000000,,
깜빠뉴 건강한 맛인데 이렇게 맛있을 일인가? 취저당함.,베이커리_빵,긍정,,010000000000,,
여기 샌드위치 소스가 진짜 킥이네.. 존맛탱구리.,베이커리_빵,긍정,,010000000000,,
빵 결이 예술이에요ㅠㅠ 입안에서 사르르 녹음.,베이커리_빵,긍정,,010000000000,,
인생 잠봉뵈르 만남.. 바게트가 겉바속촉의 정석임.,베이커리_빵,긍정,,010000000000,,
베이글 종류별로 다 쟁여오고 싶을 정도로 훌륭함!,베이커리_빵,긍정,,010000000000,,
빵 피가 얇고 속이 꽉 차서 씹는 맛이 대박임.,베이커리_빵,긍정,,010000000000,,
호밀빵 특유의 고소함이 너무 좋아서 계속 들어가요.,베이커리_빵,긍정,,010000000000,,
빵순이 성지 인정.. 여긴 무조건 재방문각임.,베이커리_빵,긍정,,010000000000,,
식빵 테두리까지 맛있는 집은 여기가 처음임;;,베이커리_빵,긍정,,010000000000,,
샌드위치 내용물 구성이 너무 알차서 대만족!,베이커리_빵,긍정,,010000000000,,
버터 향 가득한 크루아상 한입 먹으면 세상 행복해짐.,베이커리_빵,긍정,,010000000000,,
소금빵 짭짤 고소함이 진짜 미쳤음.. 대박 추천!!,베이커리_빵,긍정,,010000000000,,
포카치아 폭신폭신하고 허브향 은은한 게 딱 내 스타일.,베이커리_빵,긍정,,010000000000,,
빵 반죽 자체가 맛있는 느낌? 밀가루 냄새도 안 남.,베이커리_빵,긍정,,010000000000,,
베이글 샌드위치 밸런스 완전 갓벽함 ㅠㅠㅠ,베이커리_빵,긍정,,010000000000,,
식사 대용으로 빵 먹으러 오기 너무 좋음. 든든함!,베이커리_빵,긍정,,010000000000,,
빵이 너무 딱딱해서 입천장 다 까짐.. 최악임.,베이커리_빵,부정,,020000000000,,
소금빵 샀는데 버터 동굴도 없고 그냥 모닝빵 수준 ㅡㅡ,베이커리_빵,부정,,020000000000,,
샌드위치 안에 야채 시들시들한 거 보고 개실망함.,베이커리_빵,부정,,020000000000,,
크루아상 눅눅해서 씹는 맛 1도 없음. 돈 버림.,베이커리_빵,부정,,020000000000,,
빵에서 밀가루 냄새 너무 심하게 나요. 노답임.,베이커리_빵,부정,,020000000000,,
베이글이 질겨도 너무 질겨서 고무 씹는 줄 알았네.,베이커리_빵,부정,,020000000000,,
식빵 유통기한 임박한 건지 퍽퍽해서 못 먹겠음.,베이커리_빵,부정,,020000000000,,
잠봉뵈르 햄이 너무 짜서 혀 마비되는 줄;; 다신 안 감.,베이커리_빵,부정,,020000000000,,
빵 종류는 많은데 정작 먹을만한 건 하나도 없네요.,베이커리_빵,부정,,020000000000,,
내용물 부실함의 극치.. 샌드위치 이름값 못함.,베이커리_빵,부정,,020000000000,,
소금빵 기름기 너무 많아서 손 대자마자 미끌거림 극혐.,베이커리_빵,부정,,020000000000,,
바게트가 너무 질겨서 턱 빠지는 줄 알았습니다.,베이커리_빵,부정,,020000000000,,
빵 맛이 다 거기서 거기임. 편의점 빵이랑 다를 게 뭐임?,베이커리_빵,부정,,020000000000,,
식빵 결도 안 살고 떡진 느낌이라 너무 실망스러움.,베이커리_빵,부정,,020000000000,,
기대하고 갔는데 빵들이 다 메말라 있어서 돈 아까움.,베이커리_빵,부정,,020000000000,,
치아바타에 구멍만 숭숭 뚫려 있고 풍미가 전혀 없음.,베이커리_빵,부정,,020000000000,,
빵 속이 텅 비어 있는 거 보고 사기당한 기분 ㅡㅡ,베이커리_빵,부정,,020000000000,,
베이글이 너무 퍽퍽해서 물 없이 먹기 불가능함.,베이커리_빵,부정,,020000000000,,
샌드위치 소스가 너무 과해서 빵이 축축하게 다 젖음.,베이커리_빵,부정,,020000000000,,
크루아상 버터 향은커녕 마가린 냄새만 가득함.,베이커리_빵,부정,,020000000000,,
빵이 너무 달거나 너무 짜서 간이 하나도 안 맞음.,베이커리_빵,부정,,020000000000,,
이걸 빵이라고 파는 건지.. 편의점 빵이 더 고퀄일 듯.,베이커리_빵,부정,,020000000000,,
잠봉뵈르 바게트가 너무 눅눅해서 진짜 맛없음.,베이커리_빵,부정,,020000000000,,
식빵 안쪽까지 덜 익은 느낌이라 찝찝해서 버림.,베이커리_빵,부정,,020000000000,,
빵 크기만 크고 맛은 맹탕이라 개별로임.,베이커리_빵,부정,,020000000000,,
치즈 빵인데 치즈 맛이 하나도 안 느껴짐. 노맛.,베이커리_빵,부정,,020000000000,,
소금빵 소금만 너무 쳐서 쓰기까지 함. 다신 안 삼.,베이커리_빵,부정,,020000000000,,
베이글 샌드위치 한 입 베어물자마자 재료 다 흘러내림 휴.,베이커리_빵,부정,,020000000000,,
빵이 전체적으로 다 눅눅해서 식감이 별로예요.,베이커리_빵,부정,,020000000000,,
기대했는데 빵들이 너무 평범해서 실망만 하고 옴.,베이커리_빵,부정,,020000000000,,
소금빵 무난해요. 그냥 아는 맛임.,베이커리_빵,중립,,030000000000,,
식빵은 통으로 안 팔고 슬라이스해서 주네요.,베이커리_빵,중립,,030000000000,,
"베이글 종류는 플레인, 어니언, 블루베리 3종류 있음.",베이커리_빵,중립,,030000000000,,
"샌드위치에 양상추랑 햄, 치즈 기본적으로 들어감.",베이커리_빵,중립,,030000000000,,
빵이 생각보다 크진 않고 적당한 사이즈임.,베이커리_빵,중립,,030000000000,,
크루아상 결은 있는데 버터향은 보통인 편.,베이커리_빵,중립,,030000000000,,
잠봉뵈르에 버터랑 잠봉만 딱 들어간 스타일임.,베이커리_빵,중립,,030000000000,,
빵이 쫄깃하기보다는 부드러운 식감에 가까워요.,베이커리_빵,중립,,030000000000,,
식빵에 견과류가 박혀 있어서 호불호 갈릴 듯.,베이커리_빵,중립,,030000000000,,
소금빵 바닥은 바삭한데 윗부분은 폭신함.,베이커리_빵,중립,,030000000000,,
그냥 동네 빵집에서 흔히 볼 수 있는 종류들이에요.,베이커리_빵,중립,,030000000000,,
샌드위치 소스가 머스타드 베이스인 것 같아요.,베이커리_빵,중립,,030000000000,,
베이글은 굽지 않은 상태로 나와서 쏘쏘함.,베이커리_빵,중립,,030000000000,,
치아바타에 올리브가 꽤 많이 박혀 있음.,베이커리_빵,중립,,030000000000,,
나쁘진 않은데 굳이 멀리서 찾아올 정도는 아님.,베이커리_빵,중립,,030000000000,,
빵 반죽이 좀 밀도가 있는 편이라 묵직함.,베이커리_빵,중립,,030000000000,,
식사 대용으로 먹기엔 양이 적당한 수준임.,베이커리_빵,중립,,030000000000,,
호밀빵이라 그런지 단맛은 거의 없고 담백함.,베이커리_빵,중립,,030000000000,,
빵 겉면이 약간 오버쿡 된 것처럼 보이지만 탄 건 아님.,베이커리_빵,중립,,030000000000,,
크루아상이 크기는 큰데 속은 좀 비어 있는 느낌?,베이커리_빵,중립,,030000000000,,
샌드위치에 피클이 들어있으니 참고하세요.,베이커리_빵,중립,,030000000000,,
베이글 씹는 맛이 그냥 평범한 빵 같아요.,베이커리_빵,중립,,030000000000,,
소금빵 소금이 한곳에 뭉쳐 있어서 좀 짬.,베이커리_빵,중립,,030000000000,,
그냥 딱 예상 가능한 정도의 빵 맛임.,베이커리_빵,중립,,030000000000,,
바게트가 겉이 단단한 편이라 잘라 먹어야 함.,베이커리_빵,중립,,030000000000,,
식빵이 갓 나와서 따끈따끈한 상태로 진열됨.,베이커리_빵,중립,,030000000000,,
베이글이 생각보다 퍽퍽하진 않은데 그렇다고 쫄깃하지도 않음.,베이커리_빵,중립,,030000000000,,
빵 종류가 매일 조금씩 바뀌는 것 같아요.,베이커리_빵,중립,,030000000000,,
치아바타 발사믹 소스 없이 먹으면 좀 밋밋함.,베이커리_빵,중립,,030000000000,,
잠봉뵈르 바게트가 꽤나 거친 질감임.,베이커리_빵,중립,,030000000000,,
여기 생크림 케이크 시트가 너무 촉촉해서 입안에서 녹아내림 ㅠㅠ 인생 케이크임,케이크,긍정,,001000000000,,
치즈 케이크 꾸덕함이 미쳤음.. 진짜 찐하고 깊은 맛임 대박,케이크,긍정,,001000000000,,
딸기 케이크에 딸기 폭탄으로 들어있어서 비주얼도 맛도 극락임,케이크,긍정,,001000000000,,
홀케이크 예약해서 먹었는데 가족들 다 여기 어디냐고 난리남ㅋㅋ 찐맛집,케이크,긍정,,001000000000,,
초코 케이크 적당히 달고 쌉싸름해서 무한으로 들어감 취저ㅠㅠ,케이크,긍정,,001000000000,,
타르트지 바삭하고 위에 올라간 크림도 고소함 그 자체임;; 미쳤음,케이크,긍정,,001000000000,,
티라미수 에스프레소 향 확 나면서 시트 푹신한 게 예술임,케이크,긍정,,001000000000,,
단호박 케이크 원물 맛 진하게 나서 어른들도 너무 좋아하심 강추,케이크,긍정,,001000000000,,
얼그레이 케이크 향긋함이 미쳤는데요? 한 조각 더 먹고 싶음,케이크,긍정,,001000000000,,
샤인머스켓 타르트 과일 엄청 신선하고 당도 높아서 감탄함,케이크,긍정,,001000000000,,
조각 케이크 크기가 꽤 커서 맘에 쏙 듦ㅋㅋ 맛도 존맛탱,케이크,긍정,,001000000000,,
케이크 크림이 하나도 안 느끼하고 엄청 고급스러운 맛임 ㅠㅠ,케이크,긍정,,001000000000,,
레몬 케이크 상큼함이 팡팡 터짐.. 이건 꼭 먹어야 됨,케이크,긍정,,001000000000,,
무스 케이크 질감이 너무 부드러워서 잇몸으로도 먹을 수 있을 듯,케이크,긍정,,001000000000,,
바스크 치즈 케이크 탄 맛 적당하고 속은 촉촉해서 완벽함,케이크,긍정,,001000000000,,
여기 케이크 먹으려고 멀리서 왔는데 보람 넘치네요 진짜 짱임,케이크,긍정,,001000000000,,
당근 케이크 크림치즈랑 조합 대박임.. 시나몬 향도 딱 좋아,케이크,긍정,,001000000000,,
복숭아 케이크 비주얼 미쳤고 맛은 더 미쳤음 ㅠㅠ 감동적인 맛,케이크,긍정,,001000000000,,
말차 케이크 쌉싸름함이 제대로 살아있어서 너무 행복함,케이크,긍정,,001000000000,,
블루베리 케이크 과육 씹히는 맛이 일품임 진짜 맛도리,케이크,긍정,,001000000000,,
인생 티라미수 발견.. 크림 퀄리티가 차원이 다름,케이크,긍정,,001000000000,,
여기 조각 케이크 종류 다 먹어보고 싶음ㅠㅠ 너무 맛있어,케이크,긍정,,001000000000,,
케이크 시트가 퍽퍽하지 않고 찰진 느낌이라 계속 생각남,케이크,긍정,,001000000000,,
밤 치즈 케이크 고소함 폭발함;; 이거 만든 사람 천재인 듯,케이크,긍정,,001000000000,,
케이크 비주얼이 너무 예뻐서 먹기 아까울 정도인데 맛은 더 좋음,케이크,긍정,,001000000000,,
우유 생크림 케이크 깔끔한 뒷맛이 대박임 하나도 안 느끼해,케이크,긍정,,001000000000,,
피스타치오 케이크 고소함이 남다름 ㅠㅠ 인생 맛집 등극,케이크,긍정,,001000000000,,
여기 케이크는 설탕 단맛이 아니라 재료 본연의 단맛이라 너무 좋음,케이크,긍정,,001000000000,,
황치즈 타르트 짭짤달콤해서 중독성 개쩌네요 ㄷㄷ,케이크,긍정,,001000000000,,
망고 케이크 망고가 입안에서 춤추는 맛임ㅠㅠ 완전 럭키비키,케이크,긍정,,001000000000,,
케이크 시트가 너무 메마름.. 편의점 빵보다 못한 듯 실망,케이크,부정,,002000000000,,
생크림에서 미끌거리는 식물성 기름 맛 나서 토할 뻔함,케이크,부정,,002000000000,,
치즈 케이크인데 치즈 맛은 안 나고 밀가루 맛만 남ㅡㅡ,케이크,부정,,002000000000,,
딸기 케이크에 딸기 상태가 왜 이럼? 다 물러터짐 개극혐,케이크,부정,,002000000000,,
타르트지 눅눅해서 씹는 맛도 없고 완전 떡 같음 노답,케이크,부정,,002000000000,,
티라미수 위에 코코아 가루가 너무 많아서 먹다 사레 들리고 난리남,케이크,부정,,002000000000,,
케이크 너무 달아서 한 입 먹고 버림.. 설탕 덩어리인가,케이크,부정,,002000000000,,
조각 케이크 크기 실화냐? 너무 작아서 한 입 거리도 안 됨,케이크,부정,,002000000000,,
홀케이크 주문했는데 모양 다 망가져 있고 엉망진창임 다신 안 삼,케이크,부정,,002000000000,,
초코 케이크에서 탄 맛 느껴짐.. 오버베이킹 된 거 아님?,케이크,부정,,002000000000,,
무스 케이크 너무 느끼해서 먹다가 니글거려 죽는 줄,케이크,부정,,002000000000,,
당근 케이크 안에 당근 너무 크고 딱딱해서 식감 최악임,케이크,부정,,002000000000,,
케이크 해동 덜 된 상태로 줘서 안에 얼음 씹힘;; 장난하나,케이크,부정,,002000000000,,
레몬 케이크 너무 셔서 침 나올 정도임 밸런스 붕괴임,케이크,부정,,002000000000,,
여기 케이크 맛있대서 왔는데 그냥 공장제 케이크 맛임 개실망,케이크,부정,,002000000000,,
블루베리 케이크 시럽 맛 너무 인위적이라 거부감 듦,케이크,부정,,002000000000,,
바스크 치즈 케이크 안쪽이 너무 안 익어서 줄줄 흐름 ㅡㅡ,케이크,부정,,002000000000,,
케이크 시트가 무슨 돌덩이인 줄;; 포크가 안 들어감,케이크,부정,,002000000000,,
말차 케이크 비린내 나서 못 먹겠음.. 재료 관리 안 하나,케이크,부정,,002000000000,,
타르트 과일 당도 하나도 없고 밍밍함.. 돈 버렸네,케이크,부정,,002000000000,,
케이크 장식된 꽃에서 이상한 냄새 남.. 먹는 거 맞음?,케이크,부정,,002000000000,,
홀케이크 샀는데 시트 사이에 과일이 거의 없음 사기 수준,케이크,부정,,002000000000,,
얼그레이 케이크 향이 너무 진해서 화장품 먹는 기분임,케이크,부정,,002000000000,,
크림이 굳어서 껍질 벗겨짐.. 언제 만든 케이크임?,케이크,부정,,002000000000,,
케이크 비주얼만 번지르르하고 맛은 편의점 빵보다 못함,케이크,부정,,002000000000,,
초코 무스에서 쇠 맛 같은 거 느껴지는데 저만 그런가요? 찝찝함,케이크,부정,,002000000000,,
밤 케이크 너무 퍽퍽해서 물 없이 못 넘김 최악,케이크,부정,,002000000000,,
조각 케이크 단면이 말라비틀어져 있음 관리가 엉망임,케이크,부정,,002000000000,,
무슨 케이크가 이렇게 느끼함? 반도 못 먹고 남김 다신 안 감,케이크,부정,,002000000000,,
케이크 시트가 너무 축축해서 기분 나쁜 식감임 노답,케이크,부정,,002000000000,,
딸기 생크림 케이크는 그냥 무난한 맛이었음,케이크,중립,,003000000000,,
치즈 케이크 시트가 얇고 크림치즈 층이 두껍게 나옴,케이크,중립,,003000000000,,
초코 케이크는 엄청 달지도 않고 적당히 씁쓸함,케이크,중립,,003000000000,,
타르트 위에 청포도가 6알 정도 올라가 있네요,케이크,중립,,003000000000,,
티라미수 시트가 에스프레소에 푹 적셔져서 나옴,케이크,중립,,003000000000,,
조각 케이크 모양은 삼각형 형태고 크기는 보통임,케이크,중립,,003000000000,,
그냥 딱 예상 가능한 치즈 케이크 맛이라 나쁘지 않음,케이크,중립,,003000000000,,
무스 케이크 질감이 젤리 같은 느낌이 강함,케이크,중립,,003000000000,,
당근 케이크에 견과류가 많이 섞여 있는 편임,케이크,중립,,003000000000,,
생크림에서 우유 향이 은은하게 나는데 강하진 않음,케이크,중립,,003000000000,,
케이크 시트 사이사이에 커스터드 크림이 발려 있음,케이크,중립,,003000000000,,
말차 케이크 색깔은 진한데 맛은 생각보다 연함,케이크,중립,,003000000000,,
과일 타르트에 시럽이 많이 발려 있어서 반짝거림,케이크,중립,,003000000000,,
케이크 데코레이션으로 허브 잎이 하나 올라가 있음,케이크,중립,,003000000000,,
레몬 케이크는 신맛보다 단맛이 좀 더 강한 편,케이크,중립,,003000000000,,
바스크 치즈 케이크 겉면이 꽤 검게 그을려 나옴,케이크,중립,,003000000000,,
조각 케이크 옆면이 비닐로 감싸져 있음,케이크,중립,,003000000000,,
얼그레이 케이크 시트가 약간 거친 질감임,케이크,중립,,003000000000,,
케이크 크림 양이 시트 양이랑 거의 1대1 비율임,케이크,중립,,003000000000,,
블루베리 케이크 위에 냉동 블루베리가 몇 개 있음,케이크,중립,,003000000000,,
그냥 어디서나 먹을 수 있는 평범한 케이크 맛임,케이크,중립,,003000000000,,
홀케이크는 최소 이틀 전에 예약해야 한다고 함,케이크,중립,,003000000000,,
케이크 도우가 쿠키처럼 바삭한 스타일임,케이크,중립,,003000000000,,
단호박 케이크는 단맛이 거의 안 느껴지는 건강한 맛,케이크,중립,,003000000000,,
케이크 한 조각에 과일 한 종류씩 들어있음,케이크,중립,,003000000000,,
초코 무스 케이크는 질감이 쫀득하기보다 부드러움,케이크,중립,,003000000000,,
조각 케이크가 투명한 접시에 담겨서 서빙됨,케이크,중립,,003000000000,,
케이크 시트 층이 4층 정도로 겹겹이 쌓여 있음,케이크,중립,,003000000000,,
치즈 케이크 밑바닥에 오레오 시트가 깔려 있음,케이크,중립,,003000000000,,
계절 과일에 따라 케이크 종류가 조금씩 바뀌는 듯,케이크,중립,,003000000000,,
휘낭시에 겉바속촉 미쳤다 진짜.. 하나 더 먹을걸,쿠키_구움과자,긍정,,000100000000,,
스콘 퍽퍽하지 않고 버터 풍미 대박임;; 인생 스콘 등극,쿠키_구움과자,긍정,,000100000000,,
까눌레 여기보다 잘하는 집 못 봄. 겉면 바작함이 예술임,쿠키_구움과자,긍정,,000100000000,,
마들렌 배꼽 통통하게 올라온 것 좀 봐 ㅠㅠ 너무 귀엽고 맛있다,쿠키_구움과자,긍정,,000100000000,,
쿠키 토핑 아낌없이 박혀있어서 한 입 먹을 때마다 극락감,쿠키_구움과자,긍정,,000100000000,,
황치즈 쿠키 꾸덕함 진심 미쳤음;; 치즈 수혈 완료,쿠키_구움과자,긍정,,000100000000,,
여기 브라우니는 진짜 꾸덕함의 결정체임. 찐득하니 너무 좋아,쿠키_구움과자,긍정,,000100000000,,
에그타르트 파이 결 살아있는 거 대박.. 입안에서 녹아요,쿠키_구움과자,긍정,,000100000000,,
갈레트 브루통 풍미 미쳤다 ㅠㅠ 이건 꼭 사야 함,쿠키_구움과자,긍정,,000100000000,,
얼그레이 스콘 향 진해서 너무 좋음! 향긋함 그 자체,쿠키_구움과자,긍정,,000100000000,,
초코칩 쿠키 쫀득쫀득한 식감 실화냐? 완전 취저 ㅠㅠ,쿠키_구움과자,긍정,,000100000000,,
답례품으로 샀는데 구움과자 퀄리티 다 너무 좋아서 칭찬받음,쿠키_구움과자,긍정,,000100000000,,
휘낭시에 종류별로 다 먹어봤는데 버터 향이 장난 아님 bb,쿠키_구움과자,긍정,,000100000000,,
레몬 케이크 상큼함 터짐! 아이싱도 완벽해,쿠키_구움과자,긍정,,000100000000,,
여기 스콘은 잼 없이 그냥 먹어도 고소함 끝판왕임,쿠키_구움과자,긍정,,000100000000,,
쿠키 두께 좀 봐 ㄷㄷ 뚱쿠키의 정석임. 존맛탱,쿠키_구움과자,긍정,,000100000000,,
구움과자 비주얼도 예쁜데 맛은 더 감동적임 ㅠㅠ,쿠키_구움과자,긍정,,000100000000,,
말차 쿠키 화이트 초코 조합 미쳤네.. 쌉싸름 달콤 최고,쿠키_구움과자,긍정,,000100000000,,
무화과 크림치즈 휘낭시에 조합 대천재... 너무 맛있어,쿠키_구움과자,긍정,,000100000000,,
마카롱 꼬끄 쫀득하고 필링 가득해서 한입 가득 행복함,쿠키_구움과자,긍정,,000100000000,,
티그레라는 거 첨 먹어봤는데 식감 쫀득하니 완전 갓벽,쿠키_구움과자,긍정,,000100000000,,
초코 휘낭시에 위에 소금 뿌려져서 단짠 조화 오짐,쿠키_구움과자,긍정,,000100000000,,
사블레 쿠키 바스락거리는 식감 너무 기분 좋아짐 ㅠㅠ,쿠키_구움과자,긍정,,000100000000,,
약과 쿠키 유행이라 먹어봤는데 여기만큼 쫀득한 데 없음,쿠키_구움과자,긍정,,000100000000,,
코코넛 로쉐 향긋하고 달달해서 순삭함 ㅋㅋㅋ,쿠키_구움과자,긍정,,000100000000,,
빨미까레 결이 하나하나 살아있고 초코도 고급진 맛!,쿠키_구움과자,긍정,,000100000000,,
바닐라빈 콕콕 박힌 까눌레 속살 촉촉함이 남다름,쿠키_구움과자,긍정,,000100000000,,
여기 구움과자 라인업 다 내 스타일.. 매일 오고 싶음,쿠키_구움과자,긍정,,000100000000,,
피칸 파이 고소함 폭발함;; 씹을수록 대박임,쿠키_구움과자,긍정,,000100000000,,
쿠키 한 입 먹고 바로 기절할 뻔.. 너무 맛있음 진짜,쿠키_구움과자,긍정,,000100000000,,
스콘 너무 퍽퍽해서 목 막혀 죽는 줄 알았음 ㅡㅡ,쿠키_구움과자,부정,,000100000000,,
휘낭시에 기름 전내 나고 눅눅해서 한입 먹고 버림,쿠키_구움과자,부정,,000100000000,,
까눌레 겉면이 탄 맛밖에 안 나는데 이게 맞는 거임? 노답,쿠키_구움과자,부정,,000200000000,,
쿠키 밀가루 풋내 너무 심함.. 덜 익은 거 아닌가 싶음,쿠키_구움과자,부정,,000200000000,,
마들렌 너무 퍽퍽하고 아무 맛도 안 남. 편의점 빵보다 못함,쿠키_구움과자,부정,,000200000000,,
브라우니 너무 달기만 하고 깊은 맛이 1도 없음. 개실망,쿠키_구움과자,부정,,000200000000,,
에그타르트 비린내 심해서 못 먹겠음.. 돈 버렸다 진짜,쿠키_구움과자,부정,,000200000000,,
구움과자들 상태가 왜 이래? 다 말라비틀어져 있음,쿠키_구움과자,부정,,000200000000,,
황치즈 맛이라면서 치즈 맛 하나도 안 남. 사기 당한 기분,쿠키_구움과자,부정,,000200000000,,
쿠키 크기 실화냐? 너무 작아서 간에 기별도 안 감,쿠키_구움과자,부정,,000200000000,,
스콘 가루 너무 날리고 먹기만 불편함. 맛도 그닥,쿠키_구움과자,부정,,000200000000,,
마카롱 꼬끄 다 깨져 있고 필링은 느끼해서 속 안 좋아짐,쿠키_구움과자,부정,,000200000000,,
휘낭시에 버터 풍미 1도 없고 그냥 빵 같음. 돈 아까워,쿠키_구움과자,부정,,000200000000,,
구움과자 종류도 별로 없고 남아있는 건 다 별로임,쿠키_구움과자,부정,,000200000000,,
레몬 마들렌 시기만 하고 단맛이 아예 없어서 당황함,쿠키_구움과자,부정,,000200000000,,
초코칩 쿠키에 초코칩이 거의 없음 ㅋㅋ 장난하나,쿠키_구움과자,부정,,000200000000,,
여기 구움과자는 식감이 다 왜 이럼? 질기고 딱딱함,쿠키_구움과자,부정,,000200000000,,
약과 쿠키 너무 느끼해서 끝까지 못 먹고 포기함,쿠키_구움과자,부정,,000200000000,,
스콘 속이 덜 익어서 생반죽 맛 남.. 최악이다 진짜,쿠키_구움과자,부정,,000200000000,,
까눌레 질겨서 턱 아파요. 바삭함은 어디 간 건지 ㅡㅡ,쿠키_구움과자,부정,,000200000000,,
휘낭시에 겉면이 너무 끈적거려서 먹기 싫어짐,쿠키_구움과자,부정,,000200000000,,
쿠키 설탕 덩어리인 줄.. 너무 달아서 머리 아픈 맛,쿠키_구움과자,부정,,000200000000,,
피칸 파이 피칸은 거의 없고 필링만 가득함. 별로임,쿠키_구움과자,부정,,000200000000,,
구움과자 향료 냄새 너무 심해서 거부감 들었음,쿠키_구움과자,부정,,000200000000,,
냉동 생지 구운 맛임. 수제 구움과자라면서 실망임,쿠키_구움과자,부정,,000200000000,,
브라우니 식감이 푸석푸석함. 꾸덕함 1도 없음,쿠키_구움과자,부정,,000200000000,,
마들렌 배꼽도 안 올라오고 그냥 눅눅한 빵 수준임,쿠키_구움과자,부정,,000200000000,,
초코 쿠키 탄 냄새 너무 나서 짜증 났음,쿠키_구움과자,부정,,000200000000,,
여기 구움과자들은 다 신선도가 떨어지는 것 같음,쿠키_구움과자,부정,,000200000000,,
까눌레 속이 너무 떡져서 식감 진짜 이상함 ㅠㅠ 비추,쿠키_구움과자,부정,,000200000000,,
스콘은 그냥 일반적인 플레인 스콘 맛이에요,쿠키_구움과자,중립,,000300000000,,
휘낭시에가 다른 곳보다 좀 단단한 편이네요,쿠키_구움과자,중립,,000300000000,,
까눌레 겉은 딱딱하고 속은 그냥 촉촉한 정도임,쿠키_구움과자,중립,,000300000000,,
쿠키 크기는 손바닥 반 정도 되는 사이즈예요,쿠키_구움과자,중립,,000300000000,,
마들렌에 레몬 향이 은은하게 나긴 하는데 진하진 않음,쿠키_구움과자,중립,,000300000000,,
초코 브라우니 위에 견과류가 뿌려져서 나옴,쿠키_구움과자,중립,,000300000000,,
에그타르트 필링이 푸딩 같은 느낌이네요,쿠키_구움과자,중립,,000300000000,,
"구움과자 종류는 휘낭시에 3종, 스콘 2종 정도 있음",쿠키_구움과자,중립,,000300000000,,
쿠키 식감이 쫀득하기보단 바삭한 스타일임,쿠키_구움과자,중립,,000300000000,,
스콘 시키면 딸기잼이 기본으로 같이 제공됨,쿠키_구움과자,중립,,000300000000,,
휘낭시에 맛은 그냥 쏘쏘. 나쁘진 않은데 평범함,쿠키_구움과자,중립,,000300000000,,
황치즈 쿠키 색깔은 진한데 치즈 맛은 보통임,쿠키_구움과자,중립,,000300000000,,
마카롱 필링이 꽤 두껍게 들어가 있는 편,쿠키_구움과자,중립,,000300000000,,
구움과자들이 전반적으로 달지 않고 담백한 편임,쿠키_구움과자,중립,,000300000000,,
약과 쿠키 위에 진짜 약과가 하나 올라가 있음,쿠키_구움과자,중립,,000300000000,,
레몬 마들렌 겉에 설탕 코팅이 얇게 발려져 있음,쿠키_구움과자,중립,,000300000000,,
스콘이 좀 잘 부서지는 타입이라 먹을 때 가루 생김,쿠키_구움과자,중립,,000300000000,,
초코칩 쿠키에 다크 초코가 들어가서 쌉싸름함,쿠키_구움과자,중립,,000300000000,,
피칸 파이 크기가 생각보다 아담함,쿠키_구움과자,중립,,000300000000,,
구움과자 세트로도 파는데 구성은 선택 가능함,쿠키_구움과자,중립,,000300000000,,
무화과 휘낭시에 안에 건무화과가 큼직하게 박힘,쿠키_구움과자,중립,,000300000000,,
바닐라 까눌레인데 바닐라 향이 강하지는 않음,쿠키_구움과자,중립,,000300000000,,
쿠키가 아주 얇은 스타일이라 금방 먹게 됨,쿠키_구움과자,중립,,000300000000,,
스콘은 버터 맛보다는 밀가루 맛이 좀 더 강함,쿠키_구움과자,중립,,000300000000,,
여기 구움과자는 상온에 진열되어 있음,쿠키_구움과자,중립,,000300000000,,
브라우니가 아주 꾸덕하진 않고 빵 같은 식감임,쿠키_구움과자,중립,,000300000000,,
얼그레이 스콘 위에 화이트 초코가 살짝 묻어있음,쿠키_구움과자,중립,,000300000000,,
마들렌 크기가 다른 곳에 비해 조금 큰 편임,쿠키_구움과자,중립,,000300000000,,
휘낭시에 끝부분이 살짝 바삭하게 구워져 나옴,쿠키_구움과자,중립,,000300000000,,
쿠키 종류가 매일 조금씩 바뀌는 것 같음,쿠키_구움과자,중립,,000300000000,,
망고 빙수 과일 대박 달고 입에서 살살 녹아요ㅠㅠ,빙수_과일,긍정,,000010000000,,
여기 딸기 진짜 신선함... 생과일 폭탄이라 감동,빙수_과일,긍정,,000010000000,,
빙수 얼음이 우유라서 진짜 고소하고 존맛탱임,빙수_과일,긍정,,000010000000,,
멜론 빙수 비주얼 미쳤다ㅋㅋ 과즙 팡팡 터짐,빙수_과일,긍정,,000010000000,,
인생 빙수 등극;; 팥이 직접 만든 거라 그런지 찐이다,빙수_과일,긍정,,000010000000,,
복숭아 아낌없이 올라가서 너무 행복해짐,빙수_과일,긍정,,000010000000,,
샤인머스캣 빙수 상큼함 끝판왕!! 완전 추천,빙수_과일,긍정,,000010000000,,
여기 빙수 먹으러 멀리서 온 보람이 있네 극락임,빙수_과일,긍정,,000010000000,,
우유 얼음 입자가 엄청 고와서 사르르 녹음 대박,빙_수과일,긍정,,000010000000,,
과일 당도 체크 따로 하시나? 모든 조각이 다 달아요,빙수_과일,긍정,,000010000000,,
블루베리 빙수 톡톡 터지는 식감 최고임 취저,빙수_과일,긍정,,000010000000,,
빙수에 들어가는 연유까지 직접 만드시는 건가 꿀맛,빙수_과일,긍정,,000010000000,,
여름엔 역시 이 집 수박 빙수가 제일인 듯 캬,빙수_과일,긍정,,000010000000,,
말차 빙수 진해서 너무 좋아요 녹차 덕후들 모여라,빙수_과일,긍정,,000010000000,,
빙수 퀄리티 무엇... 호텔 빙수 저리가라임,빙수_과일,긍정,,000010000000,,
과일이 냉동 아니고 생과일이라 너무 신선해요 굳,빙수_과일,긍정,,000010000000,,
팥이 안 달아서 계속 들어가요 어르신들도 좋아할 맛,빙수_과일,긍정,,000010000000,,
옥수수 빙수 단짠단짠 미쳤음 이거 꼭 드셈,빙수_과일,긍정,,000010000000,,
눈꽃 빙수 식감 제대로네요 마지막까지 안 질림,빙수_과일,긍정,,000010000000,,
체리 빙수 비주얼도 예쁘고 맛도 상큼해서 기절,빙수_과일,긍정,,000010000000,,
여긴 진짜 과일 빙수의 성지인 듯 당도 미쳤다,빙수_과일,긍정,,000010000000,,
인절미 빙수 가루 엄청 고소해서 순삭함,빙수_과일,긍정,,000010000000,,
망고 후숙 너무 잘돼서 입에서 그냥 녹아버림,빙수_과일,긍정,,000010000000,,
빙수 속까지 과일이 꽉 차 있어서 감동했어요,빙수_과일,긍정,,000010000000,,
자몽 빙수 쌉싸름하면서 달콤한 게 중독성 오짐,빙수_과일,긍정,,000010000000,,
우유 빙질이 너무 부드러워서 솜사탕 먹는 줄,빙수_과일,긍정,,000010000000,,
과일 빙수 덕후라면 여기 무조건 와야 함 찐맛집,빙수_과일,긍정,,000010000000,,
요거트 빙수 상큼함 터져서 입가심으로 최고,빙수_과일,긍정,,000010000000,,
팥빙수 정석 그 자체! 떡도 엄청 쫄깃함,빙수_과일,긍정,,000010000000,,
과일들이 다 탱글탱글하고 신선해서 너무 만족,빙수_과일,긍정,,000010000000,,
딸기 빙수 시켰는데 딸기가 다 물러서 나옴ㅡㅡ,빙수_과일,부정,,000020000000,,
망고가 너무 셔서 못 먹겠음 이게 무슨 맛임?,빙수_과일,부정,,000020000000,,
빙수 얼음이 그냥 생얼음이라 아무 맛도 안 남 노답,빙수_과일,부정,,000020000000,,
과일 양 실화냐? 위에만 살짝 덮여있고 속은 맹탕,빙수_과일,부정,,000020000000,,
팥에서 수돗물 냄새 남... 진짜 최악이었음,빙수_과일,부정,,000020000000,,
빙수가 너무 빨리 녹아서 나중엔 죽처럼 됨 개실망,빙수_과일,부정,,000020000000,,
시럽 맛이 너무 강해서 과일 본연의 맛이 안 남,빙수_과일,부정,,000020000000,,
냉동 과일 썼는지 이 시려 죽는 줄 알았네 맛없음,빙수_과일,부정,,000020000000,,
수박 빙수 수박이 다 말라있어요 관리 안 하나 봄,빙수_과일,부정,,000020000000,,
빙수 떡이 너무 딱딱해서 고무 씹는 줄 알았음,빙수_과일,부정,,000020000000,,
우유 빙수라더니 물 탄 맛 남 밍밍함의 극치,빙수_과일,부정,,000020000000,,
멜론 당도 1도 없음 그냥 무 씹는 식감임 다 버림,빙수_과일,부정,,000020000000,,
빙수 비주얼만 번지르르하고 맛은 편의점보다 못함,빙수_과일,부정,,000020000000,,
과일에서 쉰내 나는 것 같아서 한입 먹고 안 먹음,빙수_과일,부정,,000020000000,,
인절미 가루가 너무 뻑뻑해서 먹다가 사레들림 비추,빙수_과일,부정,,000020000000,,
초코 빙수인데 초코 시럽이 너무 저렴한 맛 남,빙수_과일,부정,,000020000000,,
과일 조각들이 너무 작아서 씹는 맛도 안 느껴짐,빙수_과일,부정,,000020000000,,
연유가 부족해서 말했더니 추가금 받음 얼탱없네,빙수_과일,부정,,000020000000,,
빙수 얼음 입자가 너무 굵어서 서걱거림 눈꽃 아님,빙수_과일,부정,,000020000000,,
복숭아 빙수인데 복숭아가 다 갈변돼서 나옴 ㅡㅡ,빙수_과일,부정,,000020000000,,
망고 빙수에 망고가 3조각 들어있는 게 말이 됨?,빙수_과일,부정,,000020000000,,
토핑들이 다 따로 놂 조화가 1도 없는 맛,빙수_과일,부정,,000020000000,,
블루베리 너무 셔서 얼굴 찌푸려짐 다신 안 시킴,빙수_과일,부정,,000020000000,,
빙수 그릇만 크고 양은 코딱지만 함 진짜 돈 아깝,빙수_과일,부정,,000020000000,,
녹차 빙수 너무 써서 사약 먹는 기분이었음 극혐,빙수_과일,부정,,000020000000,,
팥이 너무 달아서 머리 아픔 당도 조절 실패인 듯,빙수_과일,부정,,000020000000,,
냉동 딸기 해동 잘못했는지 물컹거리고 비림 노답,빙수_과일,부정,,000020000000,,
빙수 베이스가 너무 달아서 과일 맛이 다 묻힘,빙수_과일,부정,,000020000000,,
샤베트 빙수라더니 그냥 얼음 알갱이 씹힘 돈 버림,빙수_과일,부정,,000020000000,,
과일 상태가 영 아니네요 신선도가 너무 떨어짐,빙수_과일,부정,,000020000000,,
망고 빙수에 망고랑 연유 뿌려져서 나옵니다,빙수_과일,중립,,000030000000,,
빙수 얼음은 우유 얼음이고 위에 팥이 올라가 있네요,빙수_과일,중립,,000030000000,,
딸기는 생과일 아니고 냉동인 것 같아요 쏘쏘함,빙수_과일,중립,,000030000000,,
인절미 빙수에 떡 5개 정도 들어있음 평범해요,빙수_과일,중립,,000030000000,,
과일 빙수 시키면 2인이 먹기 적당한 양으로 나옴,빙수_과일,중립,,000030000000,,
빙수 베이스는 그냥 일반적인 물 얼음입니다,빙수_과일,중립,,000030000000,,
멜론 빙수 안에 아이스크림 한 스쿱 들어있음,빙수_과일,중립,,000030000000,,
과일 종류는 제철에 따라 조금씩 바뀌는 듯함,빙수_과일,중립,,000030000000,,
그냥 우리가 아는 전형적인 팥빙수 맛이에요,빙수_과일,중립,,000030000000,,
초코 시럽이랑 시리얼이 토핑으로 올라가 있음,빙수_과일,중립,,000030000000,,
빙수 속에는 따로 토핑 없고 위쪽에만 몰려있네요,빙수_과일,중립,,000030000000,,
샤인머스캣 빙수에 과일 양은 적당히 들어있음,빙수_과일,중립,,000030000000,,
얼음 입자가 아주 곱지도 거칠지도 않은 중간 정도,빙수_과일,중립,,000030000000,,
요거트 파우더 맛이 강하게 느껴지는 빙수임,빙수_과일,중립,,000030000000,,
팥이랑 떡이 따로 종지에 담겨서 나옵니다,빙수_과일,중립,,000030000000,,
복숭아는 딱딱한 거랑 말랑한 거 섞여 있는 듯,빙수_과일,중립,,000030000000,,
빙수 위에 말차 아이스크림 한 덩이 올라가요,빙수_과일,중립,,000030000000,,
과일이 아주 달지는 않은데 그렇다고 시지도 않음,빙수_과일,중립,,000030000000,,
그냥 더위 식히려고 먹기엔 나쁘지 않은 정도임,빙수_과일,중립,,000030000000,,
빙수 양은 보통이고 비주얼은 사진이랑 비슷함,빙수_과일,중립,,000030000000,,
블루베리 빙수라 블루베리 시럽이 많이 뿌려져 나옴,빙수_과일,중립,,000030000000,,
우유 얼음인데 연유 맛은 별로 안 느껴지네요,빙수_과일,중립,,000030000000,,
옥수수 알갱이가 토핑으로 올라가서 씹힘,빙수_과일,중립,,000030000000,,
얼음이 층층이 쌓여있고 중간에 팥이 조금 들어있음,빙수_과일,중립,,000030000000,,
딸기 빙수 시켰는데 시럽 맛이 좀 더 강하네요,빙수_과일,중립,,000030000000,,
망고가 슬라이스 되어 있어서 먹기는 편함,빙수_과일,중립,,000030000000,,
수박 빙수에 씨가 다 제거되어 있어서 먹기 좋음,빙수_과일,중립,,000030000000,,
얼음이 금방 녹는 편이라 빨리 먹어야 함,빙수_과일,중립,,000030000000,,
전체적으로 단맛이 강하지 않고 삼삼한 스타일임,빙수_과일,중립,,000030000000,,
과일 당도는 복불복인 것 같은데 이번엔 보통임,빙수_과일,중립,,000030000000,,
푸딩이 입안에서 살살 녹아요 진짜 인생 푸딩 등극함 ㅠㅠ,기타_디저트,긍정,,000001000000,,
젤라또 쫀득함이 미쳤음;; 이탈리아에서 먹던 그 맛임,기타_디저트,긍정,,000001000000,,
여기 요거트 볼 토핑도 대박이고 완전 상큼해서 기절함,기타_디저트,긍정,,000001000000,,
초콜릿 풍미가 진짜 깊네요 한 입 먹고 육성으로 감탄함,기타_디저트,긍정,,000001000000,,
아이스크림 우유 맛 진해서 너무 좋아요 완전 내 스타일!,기타_디저트,긍정,,000001000000,,
푸딩 비주얼도 미쳤는데 맛은 더 대박임 갓벽하다,기타_디저트,긍정,,000001000000,,
젤라또 식감 쫀득쫀득하니 예술이네요 사장님 손맛 최고,기타_디저트,긍정,,000001000000,,
그릭요거트 꾸덕함 실화냐;; 목 막히는 이 느낌 너무 좋음,기타_디저트,긍정,,000001000000,,
수제 초콜릿이라 그런가 확실히 고급지고 맛있어서 눈물 남,기타_디저트,긍정,,000001000000,,
여기 소르베 상큼함이 역대급임 입가심으로 완전 딱임,기타_디저트,긍정,,000001000000,,
푸딩 탱글탱글한 거 보소.. 흔들리는 것부터 이미 극락임,기타_디저트,긍정,,000001000000,,
젤라또 종류도 많고 맛 하나하나 다 진해서 감동받음,기타_디저트,긍정,,000001000000,,
요거트 위에 올라간 그래놀라 고소함 미쳤다 꿀맛탱,기타_디저트,긍정,,000001000000,,
생초콜릿 입에 넣자마자 사라짐;; 와 진짜 찐이다 여기,기타_디저트,긍정,,000001000000,,
아이스크림에 바닐라빈 콕콕 박힌 거 대박임 풍미 작렬,기타_디저트,긍정,,000001000000,,
푸딩 시럽 달콤 쌉싸름한 게 완전 취저임 한 개 더 먹고 싶음,기타_디저트,긍정,,000001000000,,
젤라또 원재료 맛이 그대로 느껴져서 너무 신선하고 좋음,기타_디저트,긍정,,000001000000,,
여기 그릭요거트 먹어본 것 중에 젤 꾸덕함 대박적,기타_디저트,긍정,,000001000000,,
초콜릿 퀄리티 무엇.. 선물용으로 샀다가 내가 다 먹을 뻔,기타_디저트,긍정,,000001000000,,
아이스크림 질감이 너무 부드러워서 계속 들어감 미쳤음,기타_디저트,긍정,,000001000000,,
푸딩 식감 진짜 몽글몽글하니 최고예요 또 먹으러 올 거임,기타_디저트,긍정,,000001000000,,
젤라또 쌀 맛 씹히는 거 너무 고소하고 중독성 갑임 bb,기타_디저트,긍정,,000001000000,,
요거트 신맛 하나도 없고 고소함만 가득해서 완전 만족,기타_디저트,긍정,,000001000000,,
다크 초콜릿 쌉싸름한 맛이 완전 고급스러움 그 자체,기타_디저트,긍정,,000001000000,,
아이스크림 토핑 조합이 진짜 천재적임 사장님 맛잘알,기타_디저트,긍정,,000001000000,,
푸딩 커스터드 향이 너무 진해서 한입 먹고 소름 돋음,기타_디저트,긍정,,000001000000,,
젤라또 먹으러 여기까지 올 가치가 있음 진짜 인생 젤라또,기타_디저트,긍정,,000001000000,,
요거트 과일 토핑 엄청 싱싱함 아삭아삭 씹히는 맛 굿,기타_디저트,긍정,,000001000000,,
초콜릿 코팅 바삭하고 안에는 촉촉해서 식감 천재임,기타_디저트,긍정,,000001000000,,
아이스크림 느끼하지 않고 뒷맛 깔끔해서 완전 추천함,기타_디저트,긍정,,000001000000,,
푸딩 식감이 너무 흐물거려서 불쾌함;; 콧물 먹는 줄,기타_디저트,부정,,000002000000,,
젤라또라면서 그냥 일반 아이스크림이랑 똑같음 개실망,기타_디저트,부정,,000002000000,,
요거트 너무 셔서 못 먹겠음.. 식초 수준인데 이거?,기타_디저트,부정,,000002000000,,
초콜릿에서 왜 냉장고 냄새가 나나요? 관리 노답임,기타_디저트,부정,,000002000000,,
아이스크림 다 녹아서 국물처럼 나옴 ㅡㅡ 최악이다 진짜,기타_디저트,부정,,000002000000,,
푸딩 시럽 맛이 너무 약해서 밍밍하고 아무 맛도 안 남,기타_디저트,부정,,000002000000,,
젤라또 쫀득함 1도 없음 그냥 서걱거리는 샤베트 같음,기타_디저트,부정,,000002000000,,
요거트 볼에 과일은 거의 없고 요거트만 한가득임 비추,기타_디저트,부정,,000002000000,,
초콜릿이 너무 달기만 하고 풍미가 전혀 없음 저렴한 맛,기타_디저트,부정,,000002000000,,
아이스크림 중간중간 얼음 알갱이 씹혀서 식감 별로임,기타_디저트,부정,,000002000000,,
푸딩 계란 비린내 너무 심해서 한 입 먹고 다 버림,기타_디저트,부정,,000002000000,,
젤라또 양 너무 적어서 누구 코에 붙임? 장난하나,기타_디저트,부정,,000002000000,,
요거트 유청 분리 다 돼서 물처럼 출렁거림 상태 왜 이럼,기타_디저트,부정,,000002000000,,
초콜릿 겉에 하얗게 핀 거 보니까 오래된 거 같음 찝찝함,기타_디저트,부정,,000002000000,,
아이스크림 인위적인 시럽 맛이 너무 강해서 거북함,기타_디저트,부정,,000002000000,,
푸딩 질감이 묵 같아서 별로예요 부드러운 맛이 없음,기타_디저트,부정,,000002000000,,
젤라또가 너무 빨리 녹아내려서 먹기 너무 불편함 노답,기타_디저트,부정,,000002000000,,
그릭요거트 너무 퍽퍽해서 목 막혀 죽을 뻔함 수분기 0,기타_디저트,부정,,000002000000,,
초콜릿 안에 견과류 눅눅해서 쩐내 남 개실망함,기타_디저트,부정,,000002000000,,
아이스크림 색소 맛 너무 심함 불량식품 먹는 기분,기타_디저트,부정,,000002000000,,
푸딩 위에 올라간 체리 시들시들해서 보기 안 좋음,기타_디저트,부정,,000002000000,,
젤라또 베이스 맛이 다 비슷비슷함 특징이 전혀 없음,기타_디저트,부정,,000002000000,,
요거트 토핑으로 준 그래놀라 너무 딱딱해서 이 아픔,기타_디저트,부정,,000002000000,,
초콜릿 코팅이 너무 두꺼워서 안에 맛이 하나도 안 느껴짐,기타_디저트,부정,,000002000000,,
아이스크림 통 관리가 안 되는지 다른 맛 섞여 있음 ㅡㅡ,기타_디저트,부정,,000002000000,,
푸딩 우유 맛이 너무 안 나서 그냥 물 탄 맛임 돈 아까움,기타_디저트,부정,,000002000000,,
젤라또 너무 달아서 반도 못 먹고 버림 당뇨 올 듯,기타_디저트,부정,,000002000000,,
요거트 텍스처가 너무 묽어서 마시는 요거트인 줄,기타_디저트,부정,,000002000000,,
초콜릿 눅눅하고 끈적거려서 손에 다 묻고 난리 남,기타_디저트,부정,,000002000000,,
아이스크림 양 뻥튀기 심함 컵만 크고 속은 텅 비었음,기타_디저트,부정,,000002000000,,
푸딩은 그냥 커스터드 맛이고 적당히 달달한 편임,기타_디저트,중립,,000003000000,,
젤라또는 두 가지 맛 선택 가능하고 컵에 담겨 나옴,기타_디저트,중립,,000003000000,,
요거트에 꿀이랑 바나나가 기본 토핑으로 들어있네요,기타_디저트,중립,,000003000000,,
초콜릿은 낱개로도 팔고 박스로도 구성되어 있어요,기타_디저트,중립,,000003000000,,
아이스크림은 일반적인 소프트 아이스크림 제형임,기타_디저트,중립,,000003000000,,
푸딩 식감은 탱글하기보다 부드러운 쪽에 가까워요,기타_디저트,중립,,000003000000,,
젤라또 맛이 여러 종류인데 무난무난한 맛들 위주임,기타_디저트,중립,,000003000000,,
요거트는 산미가 약간 있는 편이고 질감은 평범함,기타_디저트,중립,,000003000000,,
초콜릿은 다크랑 밀크 두 종류 있는데 쏘쏘함,기타_디저트,중립,,000003000000,,
아이스크림 위에 시리얼이 조금 뿌려져서 나옵니다,기타_디저트,중립,,000003000000,,
푸딩 시럽이 바닥에 깔려 있어서 섞어 먹어야 함,기타_디저트,중립,,000003000000,,
젤라또 질감은 쫀득하기보단 부드럽게 잘 넘어감,기타_디저트,중립,,000003000000,,
요거트 볼 사이즈는 1인분으로 적당한 크기임,기타_디저트,중립,,000003000000,,
초콜릿은 상온에 두면 금방 녹는 타입이라 빨리 먹어야 함,기타_디저트,중립,,000003000000,,
아이스크림 맛은 그냥 시중에서 파는 맛이랑 비슷함,기타_디저트,중립,,000003000000,,
푸딩은 차갑게 보관되어 있다가 바로 서빙됩니다,기타_디저트,중립,,000003000000,,
젤라또에 인공 향료 향이 약간 나긴 하는데 나쁘지 않음,기타_디저트,중립,,000003000000,,
요거트에 들어간 견과류는 아몬드랑 호두 정도임,기타_디저트,중립,,000003000000,,
초콜릿 카카오 함량이 표기되어 있어서 고르기 편함,기타_디저트,중립,,000003000000,,
아이스크림은 초코랑 바닐라 혼합으로도 가능함,기타_디저트,중립,,000003000000,,
푸딩 위에 생크림이 한 스쿱 올라가 있는 형태임,기타_디저트,중립,,000003000000,,
젤라또는 계절마다 한정 메뉴가 조금씩 바뀌는 듯,기타_디저트,중립,,000003000000,,
요거트 당도가 거의 없어서 담백하게 먹기 괜찮음,기타_디저트,중립,,000003000000,,
초콜릿 맛은 무난한데 끝맛이 살짝 텁텁하긴 함,기타_디저트,중립,,000003000000,,
아이스크림 베이스가 우유보다는 탈지분유 느낌임,기타_디저트,중립,,000003000000,,
푸딩 양은 식사 후에 가볍게 먹기 좋은 정도임,기타_디저트,중립,,000003000000,,
젤라또 색감이 파스텔 톤이라 사진 찍으면 잘 나옴,기타_디저트,중립,,000003000000,,
요거트는 수제라고 하는데 시판용이랑 큰 차이는 모를,기타_디저트,중립,,000003000000,,
초콜릿 조각 크기가 일정하지 않고 투박하게 잘려 있음,기타_디저트,중립,,000003000000,,
아이스크림 콘이랑 컵 중에 선택할 수 있게 되어 있음,기타_디저트,중립,,000003000000,,
여기 의자 진짜 편해서 엉덩이 붙이면 못 일어남ㅋㅋ,공간_편의시설,긍정,,000000100000,,
콘센트 자리마다 다 있어서 노트북 하기 완전 꿀임!,공간_편의시설,긍정,,000000100000,,
화장실에서 향기 나고 엄청 깨끗함 대박임;;,공간_편의시설,긍정,,000000100000,,
매장 진짜 넓고 쾌적해서 단체로 가기 딱임,공간_편의시설,긍정,,000000100000,,
주차장 광활해서 주차 걱정 1도 없음 굿굿,공간_편의시설,긍정,,000000100000,,
와이파이 속도 미쳤음 5G보다 빠른듯,공간_편의시설,긍정,,000000100000,,
천장 높아서 개방감 장난 아님 가슴이 뻥 뚫림,공간_편의시설,긍정,,000000100000,,
테이블 넓어서 이것저것 올려놔도 공간 남음,공간_편의시설,긍정,,000000100000,,
엘리베이터 있어서 유모차 끌고 오기 넘 편함,공간_편의시설,긍정,,000000100000,,
여기 소파 자리 거의 침대 급임 진짜 편함,공간_편의시설,긍정,,000000100000,,
남녀 화장실 구분되어 있고 칸수 많아서 좋음,공간_편의시설,긍정,,000000100000,,
에어컨 빵빵해서 여름에 여기만 오고 싶음,공간_편의시설,긍정,,000000100000,,
반려동물 동반 가능한데 공간 분리 잘 되어있음,공간_편의시설,긍정,,000000100000,,
담요랑 방석 다 구비되어 있는 거 센스 쩔어,공간_편의시설,긍정,,000000100000,,
카페 안에 손 닦는 곳 따로 있는 거 존좋,공간_편의시설,긍정,,000000100000,,
매장 입구가 턱이 없어서 휠체어 들어오기 좋음,공간_편의시설,긍정,,000000100000,,
기저귀 갈이대까지 있는 카페 첨 봄 감동..,공간_편의시설,긍정,,000000100000,,
주차 발렛 해주시는데 너무 편하고 좋음,공간_편의시설,긍정,,000000100000,,
자리마다 짐 보관 바구니 있는 거 진짜 편함,공간_편의시설,긍정,,000000100000,,
테이블 높이가 카공하기 딱 좋은 높이임,공간_편의시설,긍정,,000000100000,,
공기청정기 여기저기 돌고 있어서 쾌적함 그 자체,공간_편의시설,긍정,,000000100000,,
2층까지 있어서 좌석 엄청 많음 쾌적함,공간_편의시설,긍정,,000000100000,,
화장실 비데 설치되어 있어서 너무 만족함,공간_편의시설,긍정,,000000100000,,
야외 테라스 좌석 의자까지 편할 줄이야 미쳤음,공간_편의시설,긍정,,000000100000,,
주차 공간 넉넉해서 초보 운전도 가능할듯,공간_편의시설,긍정,,000000100000,,
멀티탭 빌려주는 카페라니 서비스 시설 짱임,공간_편의시설,긍정,,000000100000,,
매장이 광장처럼 넓어서 답답한 느낌 1도 없음,공간_편의시설,긍정,,000000100000,,
화장실에 가글까지 비치되어 있음 센스 갓,공간_편의시설,긍정,,000000100000,,
노트북 전용석 따로 있어서 작업하기 최고임,공간_편의시설,긍정,,000000100000,,
좌석 간격 넓어서 옆 사람 신경 안 쓰임 굿굿,공간_편의시설,긍정,,000000100000,,
의자 너무 딱딱해서 10분만 앉아있어도 허리 끊어짐,공간_편의시설,부정,,000000200000,,
콘센트 하나도 없어서 노트북 쓰기 불가능임ㅡㅡ,공간_편의시설,부정,,000000200000,,
화장실 진짜 더럽고 냄새나서 토 쏠릴 뻔함,공간_편의시설,부정,,000000200000,,
매장 너무 좁아서 옆 사람이랑 어깨 닿음 짜증,공간_편의시설,부정,,000000200000,,
주차장 없다시피 해서 주변 세 바퀴 돌았음 최악,공간_편의시설,부정,,000000200000,,
와이파이 연결 안 돼서 내 데이터 다 씀 노답,공간_편의시설,부정,,000000200000,,
테이블 너무 낮아서 먹기 진짜 불편함 개실망,공간_편의시설,부정,,000000200000,,
매장 안에 먼지 구덩이임 청소 안 하나 봄,공간_편의시설,부정,,000000200000,,
화장실 한 칸뿐이라 계속 줄 서야 됨 불편해 미침,공간_편의시설,부정,,000000200000,,
계단 너무 가파르고 엘베 없어서 올라가기 힘듦,공간_편의시설,부정,,000000200000,,
주차 공간 협소해서 문콕 당할까 봐 불안함,공간_편의시설,부정,,000000200000,,
에어컨 안 틀었나 매장 안이 밖보다 더 더움,공간_편의시설,부정,,000000200000,,
화장실 외부 상가 써야 되는데 멀고 지저분함,공간_편의시설,부정,,000000200000,,
콘센트 다 막아놓은 거 실화냐? 개치사함,공간_편의시설,부정,,000000200000,,
의자랑 테이블 높이 안 맞아서 거북목 되는 줄,공간_편의시설,부정,,000000200000,,
매장 환기 안 돼서 꿉꿉한 냄새 진동함 ㅡㅡ,공간_편의시설,부정,,000000200000,,
와이파이 비번 걸려있는데 자꾸 끊김 짜증나,공간_편의시설,부정,,000000200000,,
주차비 따로 받는 거 어이없음 시설도 별론데,공간_편의시설,부정,,000000200000,,
좌석 간격 너무 좁아서 숨 막힘 다닥다닥임,공간_편의시설,부정,,000000200000,,
화장실 세면대 고장 나서 물도 안 나옴 최악,공간_편의시설,부정,,000000200000,,
매장 크기에 비해 의자가 너무 부족함 계속 서있음,공간_편의시설,부정,,000000200000,,
콘센트 있는 자리는 이미 풀이라 앉을 수가 없음,공간_편의시설,부정,,000000200000,,
주차장 입구 너무 좁아서 차 긁을 뻔함 노답임,공간_편의시설,부정,,000000200000,,
화장실 남녀 공용인 거 진짜 극혐임 안 가,공간_편의시설,부정,,000000200000,,
겨울인데 매장 너무 추워서 패딩 입고 있었음,공간_편의시설,부정,,000000200000,,
테이블 흔들거려서 음료 쏟을 뻔함 관리 안 하나,공간_편의시설,부정,,000000200000,,
바닥이 끈적거려서 걸을 때마다 소리 남 개싫음,공간_편의시설,부정,,000000200000,,
화장실 휴지 맨날 없음 관리 좀 하시길,공간_편의시설,부정,,000000200000,,
좌석 형태가 너무 불편해서 오래 못 있겠음,공간_편의시설,부정,,000000200000,,
천장이 낮아서 그런가 공간이 너무 답답함,공간_편의시설,부정,,000000200000,,
테이블 4개 정도 있는 아담한 공간입니다,공간_편의시설,중립,,000000300000,,
화장실은 매장 밖 복도에 위치해 있어요,공간_편의시설,중립,,000000300000,,
콘센트는 벽면 쪽 자리에만 몇 개 있네요,공간_편의시설,중립,,000000300000,,
주차는 건물 지하주차장 이용하면 됩니다,공간_편의시설,중립,,000000300000,,
의자가 원목이라 쿠션감은 따로 없어요,공간_편의시설,중립,,000000300000,,
매장 중앙에 큰 테이블 하나 놓여있음,공간_편의시설,중립,,000000300000,,
와이파이 비밀번호는 영수증 하단에 적혀있음,공간_편의시설,중립,,000000300000,,
화장실 남녀 구분은 되어 있는 상태임,공간_편의시설,중립,,000000300000,,
층고가 꽤 높은 편인 대형 카페네요,공간_편의시설,중립,,000000300000,,
테이블 높이가 무릎 정도까지 옴,공간_편의시설,중립,,000000300000,,
주차 공간은 3대 정도 들어갈 크기임,공간_편의시설,중립,,000000300000,,
실내 좌석 말고 야외 테라스석도 있긴 함,공간_편의시설,중립,,000000300000,,
매장이 2층으로 나누어져 있는 구조입니다,공간_편의시설,중립,,000000300000,,
입구 쪽에 키오스크 한 대 설치되어 있음,공간_편의시설,중립,,000000300000,,
노키즈존이라 매장 내 아기 의자는 없네요,공간_편의시설,중립,,000000300000,,
화장실 칸은 두 칸 정도 준비되어 있음,공간_편의시설,중립,,000000300000,,
반려동물은 가방에 넣으면 동반 가능하다고 함,공간_편의시설,중립,,000000300000,,
매장 내부에 세면대가 따로 나와 있는 구조임,공간_편의시설,중립,,000000300000,,
의자 종류가 소파형이랑 등받이형 섞여 있음,공간_편의시설,중립,,000000300000,,
주차는 1시간만 무료 지원해주네요,공간_편의시설,중립,,000000300000,,
창가 자리는 바 테이블 형식으로 되어 있음,공간_편의시설,중립,,000000300000,,
콘센트가 바닥 쪽에 있어서 찾기 좀 힘듦,공간_편의시설,중립,,000000300000,,
매장 크기는 그냥 동네 카페 수준임,공간_편의시설,중립,,000000300000,,
화장실 입구에 가림막 설치되어 있음,공간_편의시설,중립,,000000300000,,
좌석 간격이 좁지도 넓지도 않고 적당함,공간_편의시설,중립,,000000300000,,
매장 한쪽에 굿즈 진열대가 크게 있음,공간_편의시설,중립,,000000300000,,
엘리베이터가 없는 3층 건물을 통으로 씀,공간_편의시설,중립,,000000300000,,
테이블마다 작은 조명이 하나씩 놓여있음,공간_편의시설,중립,,000000300000,,
매장 안에 전신 거울이 설치되어 있네요,공간_편의시설,중립,,000000300000,,
주차 등록은 나갈 때 직원한테 말해야 됨,공간_편의시설,중립,,000000300000,,
여기 분위기 맛집이네 인스타 사진 백만장 찍고 옴 ㅋ,분위기_감성,긍정,,000000010000,,
조명이 완전 사기급이라 셀카 찍으면 다 잘 나와요!!,분위기_감성,긍정,,000000010000,,
인테리어 힙함 그 자체;; 여기 감성 미쳤음 진짜,분위기_감성,긍정,,000000010000,,
통창 뷰 실화냐.. 넋 놓고 계속 쳐다보게 됨 ㅠㅠ,분위기_감성,긍정,,000000010000,,
아늑하고 따뜻한 분위기라 완전 힐링하고 갑니다 b,분위기_감성,긍정,,000000010000,,
소품 하나하나 신경 쓴 게 보여서 구경하는 재미 쏠쏠함,분위기_감성,긍정,,000000010000,,
밤에 오니까 분위기 더 대박임 야경 맛집 인정,분위기_감성,긍정,,000000010000,,
매장 노래 선곡 센스 무엇? 플레이리스트 훔치고 싶음,분위기_감성,긍정,,000000010000,,
완전 유럽 감성 카페.. 한국 아닌 것 같음 극락임,분위기_감성,긍정,,000000010000,,
깔끔하고 모던한 느낌이라 취향저격 제대로 당함,분위기_감성,긍정,,000000010000,,
빈티지한 무드가 너무 매력적이라 인생 카페 등극,분위기_감성,긍정,,000000010000,,
입구부터 포토존이라 사진 찍느라 한참 걸림 ㅎㅎ,분위기_감성,긍정,,000000010000,,
전체적으로 화이트톤이라 완전 깨끗해 보이고 예쁨,분위기_감성,긍정,,000000010000,,
여기 채광 맛집임 햇살 들어올 때 가면 감성 오짐,분위기_감성,긍정,,000000010000,,
미드센추리 느낌 낭랑해서 딱 요즘 갬성임 굿,분위기_감성,긍정,,000000010000,,
아기자기한 분위기 좋아하면 무조건 가야 됨 ㅠㅠ,분위기_감성,긍정,,000000010000,,
야외 테라스 분위기 미쳤네요 휴양지 온 기분임,분위기_감성,긍정,,000000010000,,
내부가 완전 숲속 정원 같아서 힐링 제대로 됨,분위기_감성,긍정,,000000010000,,
고급스러운 분위기라 데이트 코스로 완전 딱입니다,분위기_감성,긍정,,000000010000,,
벽면 인테리어가 독특해서 분위기가 확 사네요,분위기_감성,긍정,,000000010000,,
힙플레이스답게 분위기가 아주 힙하고 좋습니다,분위기_감성,긍정,,000000010000,,
차분하고 조용한 감성이라 책 읽기 최고였음,분위기_감성,긍정,,000000010000,,
조명 온도 습도 다 완벽함.. 감성 수치 100% 충전,분위기_감성,긍정,,000000010000,,
색감이 알록달록해서 사진 찍기 너무 좋은 감성임,분위기_감성,긍정,,000000010000,,
인더스트리얼 인테리어 좋아하는데 여기 진짜 찐임,분위기_감성,긍정,,000000010000,,
공간이 예술 작품 같아서 분위기가 너무 고급져요,분위기_감성,긍정,,000000010000,,
아늑한 조명 덕분에 분위기가 훨씬 좋게 느껴지네요,분위기_감성,긍정,,000000010000,,
레트로한 감성이 살아있어서 옛날 생각나고 좋음,분위기_감성,긍정,,000000010000,,
도심 속 힐링 공간이라는 말이 딱 어울리는 분위기,분위기_감성,긍정,,000000010000,,
사장님 미적 감각 대박이신 듯 공간 너무 예뻐요,분위기_감성,긍정,,000000010000,,
인스타에서 보던 거랑 딴판임.. 분위기 칙칙함 ㅡㅡ,분위기_감성,부정,,000000020000,,
감성 카페라고 해서 왔는데 그냥 창고 같고 별로임,분위기_감성,부정,,000000020000,,
조명이 너무 정육점 스타일이라 눈 아프고 구림,분위기_감성,부정,,000000020000,,
인테리어 너무 조잡해서 정신 하나도 없음 노답,분위기_감성,부정,,000000020000,,
기대하고 갔는데 분위기 완전 실망.. 다신 안 감,분위기_감성,부정,,000000020000,,
청결 상태가 안 좋아서 그런지 분위기가 쾌쾌함,분위기_감성,부정,,000000020000,,
음악 소리가 너무 커서 시장바닥 분위기임 개실망,분위기_감성,부정,,000000020000,,
사진발에 속았음 실제로는 엄청 낡고 허름함,분위기_감성,부정,,000000020000,,
컨셉을 모르겠음.. 인테리어 너무 난해해서 당황,분위기_감성,부정,,000000020000,,
분위기 잡으려고 너무 어둡게 해놔서 앞이 안 보임,분위기_감성,부정,,000000020000,,
삭막한 분위기라 앉아있는데 기 빨리는 느낌임,분위기_감성,부정,,000000020000,,
유명하대서 갔더니만 분위기 그냥 동네 다방 수준,분위기_감성,부정,,000000020000,,
인테리어가 너무 올드해서 요즘 감성이랑은 거리가 멂,분위기_감성,부정,,000000020000,,
분위기 있긴커녕 너무 어수선해서 바로 나오고 싶었음,분위기_감성,부정,,000000020000,,
테라스 뷰라고 하더니 공사판 뷰네요 최악입니다,분위기_감성,부정,,000000020000,,
인테리어가 음침하고 답답해서 분위기를 즐길 수가 없음,분위기_감성,부정,,000000020000,,수정완
벽지 색깔이 너무 촌스러워서 분위기 다 깎아먹음,분위기_감성,부정,,000000020000,,
노래가 분위기랑 너무 안 어울려서 몰입 안 됨,분위기_감성,부정,,000000020000,,
감성 카페는 개뿔 그냥 가구 몇 개 둔 게 다임,분위기_감성,부정,,000000020000,,
전체적으로 분위기가 너무 무겁고 어두컴컴함,분위기_감성,부정,,000000020000,,
인테리어 마감이 덜 된 건지 분위기가 어수선해요,분위기_감성,부정,,000000020000,,
공사 덜 끝난 것 같은 공사장 분위기라 너무 싫음,분위기_감성,부정,,000000020000,,
인위적인 감성이라 오히려 거부감 드는 분위기,분위기_감성,부정,,000000020000,,
매장 인테리어가 조화롭지 못하고 따로 노는 느낌,분위기_감성,부정,,000000020000,,
내부가 너무 휑해서 분위기가 썰렁하게 느껴짐,분위기_감성,부정,,000000020000,,
뷰 명당이라더니 앞 건물 벽밖에 안 보여서 황당,분위기_감성,부정,,000000020000,,
소품들에 먼지 쌓여있고 분위기 관리가 전혀 안 됨,분위기_감성,부정,,000000020000,,
너무 차가운 분위기라 오래 있고 싶지 않았음,분위기_감성,부정,,000000020000,,
분위기 기대했는데 사진 찍기엔 너무 역광이네요,분위기_감성,부정,,000000020000,,
인테리어 소품들이 다 싸구려 느낌이라 분위기 별로,분위기_감성,부정,,000000020000,,
그냥 평범한 카페 인테리어예요 쏘쏘함,분위기_감성,중립,,000000030000,,
전체적으로 우드톤으로 되어 있는 무난한 감성,분위기_감성,중립,,000000030000,,
조명이 약간 주황빛이라 따뜻해 보이는 느낌임,분위기_감성,중립,,000000030000,,
인테리어는 그냥 전형적인 요즘 유행하는 스타일,분위기_감성,중립,,000000030000,,
분위기가 아주 좋지도 나쁘지도 않은 적당한 수준,분위기_감성,중립,,000000030000,,
매장 한가운데에 커다란 식물이 놓여 있네요,분위기_감성,중립,,000000030000,,
벽에 포스터가 몇 장 붙어 있는 깔끔한 분위기,분위기_감성,중립,,000000030000,,
재즈 음악이 잔잔하게 흘러나오는 평범한 공간임,분위기_감성,중립,,000000030000,,
사진에서 보던 것만큼의 임팩트는 없는데 나쁘진 않음,분위기_감성,중립,,000000030000,,
창가 쪽은 햇빛이 잘 들고 안쪽은 약간 어두움,분위기_감성,중립,,000000030000,,
노출 콘크리트 인테리어로 되어 있는 매장입니다,분위기_감성,중립,,000000030000,,
가구들이 다 검은색이라 차분한 분위기가 남,분위기_감성,중립,,000000030000,,
천장이 높아서 그런지 탁 트인 느낌은 있네요,분위기_감성,중립,,000000030000,,
그냥 동네에 하나씩 있을 법한 흔한 분위기임,분위기_감성,중립,,000000030000,,
소품보다는 조명으로 포인트를 준 인테리어,분위기_감성,중립,,000000030000,,
빈티지랑 모던이 섞여 있는데 그냥저냥 괜찮음,분위기_감성,중립,,000000030000,,
테이블마다 작은 스탠드가 놓여 있는 식입니다,분위기_감성,중립,,000000030000,,
바닥이 타일로 되어 있어서 깔끔해 보이는 정도,분위기_감성,중립,,000000030000,,
분위기는 딱히 특별한 점 없는 일반적인 카페임,분위기_감성,중립,,000000030000,,
공간마다 조명이 조금씩 다르게 설정되어 있음,분위기_감성,중립,,000000030000,,
엄청 예쁘진 않은데 그냥 편안한 느낌의 감성,분위기_감성,중립,,000000030000,,
창문 너머로 도로가 보이는 평범한 시티 뷰임,분위기_감성,중립,,000000030000,,
팝송이 계속 나오는 활기찬 느낌의 분위기네요,분위기_감성,중립,,000000030000,,
인테리어가 화려하진 않고 심플함에 집중한 듯,분위기_감성,중립,,000000030000,,
입구 쪽에 거울 포토존 하나 마련되어 있습니다,분위기_감성,중립,,000000030000,,
전체적으로 무채색 톤이라 차가운 감성이 느껴짐,분위기_감성,중립,,000000030000,,
대리석 테이블 위주로 세팅된 모던한 분위기,분위기_감성,중립,,000000030000,,
특별한 소품은 없고 조명으로 분위기를 냈음,분위기_감성,중립,,000000030000,,
예쁘긴 한데 굳이 찾아갈 정도의 분위기는 아님,분위기_감성,중립,,000000030000,,
전형적인 화이트 인스타 감성인데 쏘쏘합니다,분위기_감성,중립,,000000030000,,
직원분들이 너무 친절하셔서 들어갈 때부터 기분 좋아짐,서비스,긍정,,000000001000,,
사장님 진짜 친절하시네요 서비스 교육 만점 드림,서비스,긍정,,000000001000,,
응대가 너무 빠르고 요청사항 바로 들어주셔서 감동함,서비스,긍정,,000000001000,,
역대급 친절함;; 사장님 천사신 줄 알았어요,서비스,긍정,,000000001000,,
직원분 웃으면서 맞이해주시니까 하루가 다 행복함,서비스,긍정,,000000001000,,
설명도 조목조목 잘해주시고 엄청 싹싹하심,서비스,긍정,,000000001000,,
여긴 맛도 맛이지만 직원들 마인드가 찐이네,서비스,긍정,,000000001000,,
바쁜데도 끝까지 웃으면서 응대해주는 거 대박임,서비스,긍정,,000000001000,,
사장님 인상 너무 좋으시고 서비스 정신 투철하심,서비스,긍정,,000000001000,,
알바생분 센스 미쳤음 말 안 해도 척척 해주심,서비스,긍정,,000000001000,,
진짜 대접받는 기분 들게 해주는 곳임 굿굿,서비스,긍정,,000000001000,,
친절함 끝판왕!! 재방문 의사 200% 서비스 때문임,서비스,긍정,,000000001000,,
기분 좋게 머물다 갑니다 직원분들 다 너무 착해요,서비스,긍정,,000000001000,,
응대 매너가 너무 좋으셔서 기억에 남네요,서비스,긍정,,000000001000,,
사장님 센스 보소.. 진짜 핵친절함,서비스,긍정,,000000001000,,
직원분들 텐션 좋고 파이팅 넘쳐서 에너지 얻고 감,서비스,긍정,,000000001000,,
궁금한 거 물어봤는데 너무 자세히 알려주셔서 좋았음,서비스,긍정,,000000001000,,
와 여기 서비스 교육 어떻게 시키는 거지? 다들 최고임,서비스,긍정,,000000001000,,
친절 맛집임 ㅋㅋㅋ 사장님 성격 너무 좋으심,서비스,긍정,,000000001000,,
매너가 몸에 배어 있으신 분들만 계신 듯,서비스,긍정,,000000001000,,
서비스 퀄리티가 거의 호텔급이네요 대만족,서비스,긍정,,000000001000,,
웃는 얼굴로 끝까지 배웅해주시는데 기분 최고임,서비스,긍정,,000000001000,,
손님 하나하나 신경 써주시는 게 느껴짐,서비스,긍정,,000000001000,,
직원분이 너무 상냥하셔서 제가 다 감사할 정도,서비스,긍정,,000000001000,,
응대가 정중해서 어른들 모시고 오기도 좋을 듯,서비스,긍정,,000000001000,,
사장님 서비스 마인드 완전 리스펙,서비스,긍정,,000000001000,,
진짜 너무너무 친절해요!! 기분 좋게 나옵니다,서비스,긍정,,000000001000,,
알바분 설명도 잘해주시고 매너 넘침 ㅎㅎ,서비스,긍정,,000000001000,,
손님을 진심으로 대하는 게 느껴져서 좋았습니다,서비스,긍정,,000000001000,,
여긴 서비스가 다 했음 너무 친절함 ㅠㅠ,서비스,긍정,,000000001000,,
알바생 표정 왜 저럼? 주문하기 무서워서 가겠나,서비스,부정,,000000002000,,
사장님 진짜 불친절함;; 손님을 짐짝 취급하네,서비스,부정,,000000002000,,
말투가 너무 공격적이라 당황스러웠음 ㅡㅡ,서비스,부정,,000000002000,,
주문 누락됐는데 사과 한마디 없는 거 실화?,서비스,부정,,000000002000,,
직원 응대 태도 노답임 다신 안 가요,서비스,부정,,000000002000,,
기분 좋게 들어갔다가 기분 다 잡치고 나옴 개불친절,서비스,부정,,000000002000,,
손님 와도 본체만체.. 인사 한마디를 안 함,서비스,부정,,000000002000,,
불러도 대답도 없고 자기들끼리 수다 떨기 바쁨,서비스,부정,,000000002000,,
서비스 교육 좀 다시 시켜야 할 듯 최악임,서비스,부정,,000000002000,,
사장님 응대가 너무 고압적이라 어이없네,서비스,부정,,000000002000,,
알바생 건성건성 대답하는 거 보소 ㅡㅡ,서비스,부정,,000000002000,,
요청한 거 다 까먹고 늦게 가져다줌 짜증,서비스,부정,,000000002000,,
불친절의 끝판왕.. 리뷰 보고 갈 걸 그랬음,서비스,부정,,000000002000,,
눈치 보여서 뭐 하나 시키겠나 싶음,서비스,부정,,000000002000,,
실수해놓고 변명만 늘어놓는 태도 진짜 별로임,서비스,부정,,000000002000,,
서비스 마인드 1도 없는 곳임 절대 가지 마셈,서비스,부정,,000000002000,,
직원분인지 사장님인지 말투 진짜 기분 나쁘네,서비스,부정,,000000002000,,
손님 앞에서 짜증 내는 건 좀 아니지 않나요?,서비스,부정,,000000002000,,
응대 속도 기어가는 줄.. 답답해 죽는 줄 알았음,서비스,부정,,000000002000,,
인사도 안 하고 무표정으로 툭툭 던짐 개실망,서비스,부정,,000000002000,,
서비스 엉망진창임 ㅋㅋㅋ 기본이 안 되어 있음,서비스,부정,,000000002000,,
왜 화가 나 있는지 모르겠음.. 주문받기 싫으신가,서비스,부정,,000000002000,,
직원들 서비스가 너무 부족해서 불편했네요,서비스,부정,,000000002000,,
물어봐도 퉁명스럽게 대답하니까 당황스럽네,서비스,부정,,000000002000,,
고객 응대하는 법부터 배우셔야 할 듯,서비스,부정,,000000002000,,
여긴 장사가 잘돼서 그런가 태도가 너무 거만함,서비스,부정,,000000002000,,
직원 서비스 때문에 좋았던 기분 다 버림,서비스,부정,,000000002000,,
안내해주는 말투가 시비 거는 수준임,서비스,부정,,000000002000,,
서비스가 너무 느리고 무심해서 화남,서비스,부정,,000000002000,,
역대급 불친절 다시는 발 안 들입니다,서비스,부정,,000000002000,,
직원분들이 그냥 기계적으로 일하는 느낌,서비스,중립,,000000003000,,
응대는 그냥 평범해요 나쁘지도 좋지도 않음,서비스,중립,,000000003000,,
인사는 해주시는데 딱히 친절한지는 모르겠음,서비스,중립,,000000003000,,
사장님 혼자 하시느라 응대가 좀 늦게 나옴,서비스,중립,,000000003000,,
그냥 딱 할 일만 하시는 스타일이네요,서비스,중립,,000000003000,,
서비스는 쏘쏘함 무난한 편,서비스,중립,,000000003000,,
필요한 거 말하면 바로바로 해주시긴 함,서비스,중립,,000000003000,,
친절하진 않은데 그렇다고 무례하지도 않음,서비스,중립,,000000003000,,
직원분이 좀 무뚝뚝한 편인 듯,서비스,중립,,000000003000,,
키오스크 주문이라 직원 마주칠 일이 거의 없음,서비스,중립,,000000003000,,
응대는 메뉴얼대로 딱딱 하시는 느낌임,서비스,중립,,000000003000,,
서비스가 좋다고 하긴 애매하고 평타는 침,서비스,중립,,000000003000,,
사장님 스타일이 좀 드라이하신 듯,서비스,중립,,000000003000,,
바빠 보여서 서비스 기대 안 했는데 걍 보통임,서비스,중립,,000000003000,,
응대 속도는 보통이고 친절함도 보통임,서비스,중립,,000000003000,,
불친절하진 않은데 뭔가 좀 어색한 분위기,서비스,중립,,000000003000,,
질문하면 답변은 잘해주시는데 표정은 없음,서비스,중립,,000000003000,,
서비스가 특출난 건 없지만 불편하지도 않음,서비스,중립,,000000003000,,
주문받을 때 딱히 감흥은 없었음,서비스,중립,,000000003000,,
그냥 저냥 무난하게 응대해주심,서비스,중립,,000000003000,,
직원마다 친절도가 좀 차이가 있는 듯,서비스,중립,,000000003000,,
친절하다는 리뷰 보고 갔는데 그정돈 아님,서비스,중립,,000000003000,,
응대가 정석적이긴 한데 따뜻함은 없음,서비스,중립,,000000003000,,
서비스가 아주 없진 않은데 굳이 칭찬할 건 없음,서비스,중립,,000000003000,,
메뉴 설명은 해주는데 영혼은 없는 느낌,서비스,중립,,000000003000,,
그냥 일반적인 카페 서비스 수준임,서비스,중립,,000000003000,,
나쁘진 않은데 친절을 기대하진 마세요,서비스,중립,,000000003000,,
손님이 많아서 그런지 응대가 좀 기계적임,서비스,중립,,000000003000,,
서비스 수준은 딱 기본만 하는 정도,서비스,중립,,000000003000,,
필요한 서비스는 다 해주는데 정감은 없음,서비스,중립,,000000003000,,
여기 가격 진짜 혜자네... 이 퀄리티에 이 가격 실화냐?,가격_가성비,긍정,,000000000100,,
가성비 미쳤음ㅋㅋ 요즘 물가에 이 정도면 거의 공짜 수준 아님?,가격_가성비,긍정,,000000000100,,
가격대가 좀 있긴 한데 돈이 하나도 안 아까운 맛임. 찐이다.,가격_가성비,긍정,,000000000100,,
완전 저렴해서 부담 없이 막 시키기 너무 좋아요!,가격_가성비,긍정,,000000000100,,
가격 착한 거 보소;; 사장님 남는 거 있으신가요?,가격_가성비,긍정,,000000000100,,
이 정도 양에 이 가격이면 진짜 갓성비 인정합니다.,가격_가성비,긍정,,000000000100,,
지갑 얇을 때 여기만 한 곳이 없음. 가격 개꿀.,가격_가성비,긍정,,000000000100,,
가성비가 내려와아아악!! 진짜 너무 싸요.,가격_가성비,긍정,,000000000100,,
비싼 값 하네요. 역시 비싼 게 돈값 함.,가격_가성비,긍정,,000000000100,,
가격 대비 만족도 최상임. 재방문 각.,가격_가성비,긍정,,000000000100,,
다른 카페보다 훨씬 저렴해서 놀랐음 ㄷㄷ,가격_가성비,긍정,,000000000100,,
양도 많은데 가격까지 저렴해서 완전 감동 ㅠㅠ,가격_가성비,긍정,,000000000100,,
가성비 맛집 찾으시면 무조건 여기임.,가격_가성비,긍정,,000000000100,,
가격 메리트가 확실히 있네요. 진짜 쌉니다.,가격_가성비,긍정,,000000000100,,
금액 확인하고 눈을 의심함. 너무 혜자라.,가격_가성비,긍정,,000000000100,,
솔직히 이 퀄리티에 이 가격은 사기급임. 대박.,가격_가성비,긍정,,000000000100,,
가격 부담 없어서 맨날 오고 싶음.,가격_가성비,긍정,,000000000100,,
합리적인 가격이라 너무 만족스러워요!,가격_가성비,긍정,,000000000100,,
와... 진짜 저렴하다. 친구들 데려와도 부담 없을 듯.,가격_가성비,긍정,,000000000100,,
가격이 너무 착해서 종류별로 다 시켜 먹음.,가격_가성비,긍정,,000000000100,,
가성비 끝판왕 등장ㄷㄷ 가격 보고 소름 돋음.,가격_가성비,긍정,,000000000100,,
저렴한 가격에 고퀄리티! 가성비 최고예요.,가격_가성비,긍정,,000000000100,,
생각보다 가격이 훨씬 싸서 기분 좋아짐.,가격_가성비,긍정,,000000000100,,
가격이 깡패임. 너무 싸서 감탄함.,가격_가성비,긍정,,000000000100,,
가성비 챙기려면 무조건 여기로 오세요.,가격_가성비,긍정,,000000000100,,
비싸다고 생각했는데 먹어보니 수긍 가는 가격임.,가격_가성비,긍정,,000000000100,,
완전 혜자로운 가격 덕분에 행복함.,가격_가성비,긍정,,000000000100,,
금액대가 딱 적당하고 합리적이라 맘에 듦.,가격_가성비,긍정,,000000000100,,
가격이 진짜 양심적이네요. 추천합니다.,가격_가성비,긍정,,000000000100,,
가성비 지림... 여긴 무조건 돈 벌어가는 기분임.,가격_가성비,긍정,,000000000100,,
가격 진짜 실화냐? 개비쌈;; 양은 코딱지만 함.,가격_가성비,부정,,000000000200,,
돈 아까워 죽겠음. 이 돈 주고 이걸 왜 먹음?,가격_가성비,부정,,000000000200,,
가성비 개구림. 다시는 안 감 ㅡㅡ,가격_가성비,부정,,000000000200,,
가격표 보고 뒷목 잡을 뻔. 너무 비싼 거 아님?,가격_가성비,부정,,000000000200,,
솔직히 거품 너무 심함. 가격 노답.,가격_가성비,부정,,000000000200,,
가격이 양아치네요. 뭐가 이렇게 비싸?,가격_가성비,부정,,000000000200,,
내 돈 돌려줘... 가격 대비 만족도 0점임.,가격_가성비,부정,,000000000200,,
가격이 너무 사악해서 손 떨림.,가격_가성비,부정,,000000000200,,
가성비 최악. 이름값으로 비싸게 받는 듯.,가격_가성비,부정,,000000000200,,
비싸기만 하고 실속은 하나도 없음. 개실망.,가격_가성비,부정,,000000000200,,
금액이 너무 비합리적임. 다시 올 일 절대 없음.,가격_가성비,부정,,000000000200,,
가격 진짜 에바임... 돈 버리고 옴.,가격_가성비,부정,,000000000200,,
비싼 가격에 비해 퀄리티 처참함.,가격_가성비,부정,,000000000200,,
아니... 이 가격에 이 양이 맞아? 어이없음.,가격_가성비,부정,,000000000200,,
지갑 털리는 가격 ㅠㅠ 가성비는 포기하세요.,가격_가성비,부정,,000000000200,,
너무 비싸서 주문할 때 멈칫하게 됨.,가격_가성비,부정,,000000000200,,
가성비 따지는 분들은 절대 비추. 가격 창렬함.,가격_가성비,부정,,000000000200,,
비싸면 값어치를 해야 되는데 이건 좀 아니지.,가격_가성비,부정,,000000000200,,
물가 고려해도 여긴 선 넘게 비쌈.,가격_가성비,부정,,000000000200,,
가격이 사악함의 극치임. 절대 안 가.,가격_가성비,부정,,000000000200,,
돈 아까워서 눈물 남... 가격 왜 이래?,가격_가성비,부정,,000000000200,,
가격대가 너무 높아서 부담스러움.,가격_가성비,부정,,000000000200,,
가성비 1도 없음. 그냥 돈 낭비임.,가격_가성비,부정,,000000000200,,
이 돈이면 차라리 딴 데 가서 배불리 먹지.,가격_가성비,부정,,000000000200,,
가성비 쓰레기임. 비싸기만 함.,가격_가성비,부정,,000000000200,,
금액 책정이 잘못된 듯. 너무 비싸서 화남.,가격_가성비,부정,,000000000200,,
비싼 가격 때문에 기대했는데 완전 꽝임.,가격_가성비,부정,,000000000200,,
가격이 후덜덜함. 평민은 못 갈 곳.,가격_가성비,부정,,000000000200,,
가성비 망함. 가격만 비싸고 별거 없음.,가격_가성비,부정,,000000000200,,
돈 버리고 싶은 사람만 가셈. 가격 극혐.,가격_가성비,부정,,000000000200,,
가격은 그냥 일반적인 카페 수준임.,가격_가성비,중립,,000000000300,,
비싸지도 싸지도 않은 딱 평균적인 가격대.,가격_가성비,중립,,000000000300,,
가격은 이 정도 퀄리티면 수긍 가능한 수준.,가격_가성비,중립,,000000000300,,
메뉴판 가격은 평범하네요.,가격_가성비,중립,,000000000300,,
가성비가 좋다고 하기도 나쁘다고 하기도 애매함.,가격_가성비,중립,,000000000300,,
그냥 딱 요즘 카페 가격임. 쏘쏘.,가격_가성비,중립,,000000000300,,
가격은 그냥저냥 나쁘지 않은 듯.,가격_가성비,중립,,000000000300,,
비싼 편이긴 한데 요즘 물가가 다 이렇지 뭐.,가격_가성비,중립,,000000000300,,
금액대는 그냥 예상했던 정도였어요.,가격_가성비,중립,,000000000300,,
가격 면에서 크게 메리트가 있진 않음.,가격_가성비,중립,,000000000300,,
가격이 싸진 않은데 그렇다고 엄청 비싼 것도 아님.,가격_가성비,중립,,000000000300,,
가성비는 보통 수준인 것 같아요.,가격_가성비,중립,,000000000300,,
그냥 제값 하는 정도의 가격.,가격_가성비,중립,,000000000300,,
가격 구성이 무난하게 짜여 있음.,가격_가성비,중립,,000000000300,,
가격은 평범한데 양도 평범함.,가격_가성비,중립,,000000000300,,
요즘 평균 시세랑 비슷한 가격대임.,가격_가성비,중립,,000000000300,,
가성비가 엄청나진 않지만 납득은 감.,가격_가성비,중립,,000000000300,,
가격 책정은 그냥 무난한 편.,가격_가성비,중립,,000000000300,,
가격 보고 음 그렇구나 했음.,가격_가성비,중립,,000000000300,,
금액이 저렴한 편은 아니지만 무난함.,가격_가성비,중립,,000000000300,,
가격 대비 효율은 그냥 딱 중간.,가격_가성비,중립,,000000000300,,
특별히 싸지도 비싸지도 않은 가격임.,가격_가성비,중립,,000000000300,,
가성비 생각 안 하고 가면 괜찮은 가격.,가격_가성비,중립,,000000000300,,
가격은 딱 그 정도 퀄리티만큼임.,가격_가성비,중립,,000000000300,,
금액대가 적당해서 부담스럽진 않음.,가격_가성비,중립,,000000000300,,
가격은 보통인데 구성은 그냥 그래요.,가격_가성비,중립,,000000000300,,
가격만 보면 평이한 수준임.,가격_가성비,중립,,000000000300,,
가성비가 나쁘지는 않은데 굳이 찾아올 정돈 아님.,가격_가성비,중립,,000000000300,,
가격 정보 참고하세요. 그냥 평범합니다.,가격_가성비,중립,,000000000300,,
가격대는 평균치 정도라고 보면 됨.,가격_가성비,중립,,000000000300,,
포장 패키지가 너무 예뻐서 선물용으로 딱이에요!,선물_포장,긍정,,000000000010,,
박스 디자인 고급져서 답례품으로 돌리기 진짜 좋을듯,선물_포장,긍정,,000000000010,,
포장 진짜 정성 가득이라 받는 사람도 기분 좋아함 bb,선물_포장,긍정,,000000000010,,
선물 상자 패키징이 예술임;; 센스 대박,선물_포장,긍정,,000000000010,,
포장이 예뻐서 뜯기 아까울 정도였어요 ㅠㅠ 갓벽함,선물_포장,긍정,,000000000010,,
테이크아웃백 디자인 취저라 버리지도 못하고 보관 중,선물_포장,긍정,,000000000010,,
명절 선물 세트 구성이랑 보자기 포장 퀄리티 미쳤음,선물_포장,긍정,,000000000010,,
리본 하나하나 묶어주신 디테일 대박적.. 감동임,선물_포장,긍정,,000000000010,,
굿즈 패키지 왜 이렇게 예쁨? 완전 소장각,선물_포장,긍정,,000000000010,,
선물용이라고 하니 쇼핑백도 챙겨주시고 포장 꼼꼼함,선물_포장,긍정,,000000000010,,
답례품 포장 샘플 봤는데 진짜 깔끔하고 세련됨,선물_포장,긍정,,000000000010,,
여기 패키징 맛집이네 ㅋㅋ 선물할 때 무조건 여기임,선물_포장,긍정,,000000000010,,
포장이 너무 힙해서 친구가 어디서 샀냐고 계속 물어봄,선물_포장,긍정,,000000000010,,
기본 포장인데도 상자가 너무 예뻐서 따로 포장 안 해도 됨,선물_포장,긍정,,000000000010,,
파손 안 되게 안쪽까지 완충제 빵빵하게 넣어주심 굿굿,선물_포장,긍정,,000000000010,,
패키지 일러스트가 너무 귀여워서 선물용으로 최고,선물_포장,긍정,,000000000010,,
선물 포장 퀄리티가 호텔급임.. 진짜 고급짐,선물_포장,긍정,,000000000010,,
포장 스티커 하나까지 신경 쓴 티가 팍팍 나요!,선물_포장,긍정,,000000000010,,
선물 상자 탄탄하고 재질도 좋아서 대만족,선물_포장,긍정,,000000000010,,
포장지 색감 영롱함 그 잡채.. 찐으로 추천함,선물_포장,긍정,,000000000010,,
깔끔하고 군더더기 없는 포장이라 격식 있는 자리에 딱임,선물_포장,긍정,,000000000010,,
포장이 너무 예뻐서 인스타 박제함 ㅋㅋ 선물하기 짱임,선물_포장,긍정,,000000000010,,
쇼핑백 디자인까지 예쁘면 어쩌자는 거임? 대박임,선물_포장,긍정,,000000000010,,
포장 옵션 추가했는데 돈 1도 안 아까운 퀄리티,선물_포장,긍정,,000000000010,,
친구가 선물 받고 포장 너무 예쁘다고 난리침 뿌듯함,선물_포장,긍정,,000000000010,,
여기만큼 포장 정성스럽게 해주는 곳 못 본 듯,선물_포장,긍정,,000000000010,,
박스에 붙은 리본 포인트가 너무 귀여움 ㅠㅠ,선물_포장,긍정,,000000000010,,
포장 상태가 너무 깔끔해서 배송받아도 흐트러짐 1도 없음,선물_포장,긍정,,000000000010,,
굿즈 포장지도 감성 넘쳐서 다 모으고 싶음,선물_포장,긍정,,000000000010,,
포장이 완성형임.. 그냥 바로 선물하면 돼서 너무 편함,선물_포장,긍정,,000000000010,,
선물 포장비 따로 받았으면서 퀄리티 개허접함,선물_포장,부정,,000000000020,,
포장 상자가 다 찌그러져서 옴;; 이걸 어케 선물함?,선물_포장,부정,,000000000020,,
포장지 색깔 촌스러워 죽겠네.. 감성 1도 없음,선물_포장,부정,,000000000020,,
테이크아웃 포장해왔는데 국물 다 새고 난리 남 ㅡㅡ,선물_포장,부정,,000000000020,,
선물용이라 했는데 쇼핑백도 없고 그냥 비닐에 넣어줌,선물_포장,부정,,000000000020,,
상자에 스티커도 대충 붙여서 너덜너덜함 노답임,선물_포장,부정,,000000000020,,
포장 패키지가 너무 싸구려 티 남.. 돈 버림,선물_포장,부정,,000000000020,,
박스 안에서 내용물 다 뒤섞여서 옴 포장 왜 이럼?,선물_포장,부정,,000000000020,,
답례품 포장 주문했는데 샘플이랑 너무 다름 개실망,선물_포장,부정,,000000000020,,
포장하는 데 시간 너무 오래 걸림.. 답답해 미치는 줄,선물_포장,부정,,000000000020,,
리본도 삐뚤빼뚤하고 포장 상태 진짜 성의 없음,선물_포장,부정,,000000000020,,
선물 포장 옵션이 아예 없어서 당황스럽네 ㅡㅡ,선물_포장,부정,,000000000020,,
포장지에 기름 다 배어 나와서 찝찝함 최악임,선물_포장,부정,,000000000020,,
상자 재질 너무 얇아서 금방 찢어질 것 같음,선물_포장,부정,,000000000020,,
포장이 너무 과해서 쓰레기만 한 짐 나옴 비효율적임,선물_포장,부정,,000000000020,,
쇼핑백 끈이 약해서 들고 가다가 끊어짐 황당하네,선물_포장,부정,,000000000020,,
패키지 디자인이 너무 올드해서 젊은 사람들한테 선물 못 할 듯,선물_포장,부정,,000000000020,,
아니 선물용인데 왜 가격표 안 떼고 포장해 줌?,선물_포장,부정,,000000000020,,
포장 가방에서 이상한 냄새 남.. 노답 ㅡㅡ,선물_포장,부정,,000000000020,,
상자 크기가 내용물이랑 너무 안 맞음 덜그럭거림,선물_포장,부정,,000000000020,,
포장 스티커 자국 남고 끈적거려서 떼기 힘듦,선물_포장,부정,,000000000020,,
보자기 포장이라더니 그냥 대충 묶어놓은 수준임,선물_포장,부정,,000000000020,,
포장지 냄새가 내용물에 밴 것 같음 진짜 최악,선물_포장,부정,,000000000020,,
상자에 먼지 묻어 있고 청결 상태가 영 별로임,선물_포장,부정,,000000000020,,
포장 센스가 너무 없음.. 내가 다시 하는 게 나을 듯,선물_포장,부정,,000000000020,,
테이프 덕지덕지 붙여놔서 뜯을 때 지저분함,선물_포장,부정,,000000000020,,
포장비만 비싸게 받고 상자는 다이소보다 못한 듯,선물_포장,부정,,000000000020,,
선물용 패키지라면서 구성품 하나 빠져있음 개빡침,선물_포장,부정,,000000000020,,
포장 용기가 너무 안 열려서 손톱 부러질 뻔함,선물_포장,부정,,000000000020,,
쇼핑백이 너무 작아서 내용물이 다 튀어나옴 어이없음,선물_포장,부정,,000000000020,,
포장 상자는 크라프트지 재질로 나옴,선물_포장,중립,,000000000030,,
쇼핑백 추가하면 500원 더 받네요,선물_포장,중립,,000000000030,,
선물 세트 구성품은 6개 들어있음,선물_포장,중립,,000000000030,,
기본 포장은 그냥 하얀 종이봉투에 해줌,선물_포장,중립,,000000000030,,
포장지에 브랜드 로고가 크게 박혀있음,선물_포장,중립,,000000000030,,
리본 색상은 파란색이랑 빨간색 중에 고를 수 있음,선물_포장,중립,,000000000030,,
답례품 포장은 최소 20개부터 주문 가능하다고 함,선물_포장,중립,,000000000030,,
상자 안에 완충제로 습자지가 깔려 있음,선물_포장,중립,,000000000030,,
테이크아웃 하면 일회용 용기에 담아줌,선물_포장,중립,,000000000030,,
포장 전문 코너가 따로 마련되어 있네요,선물_포장,중립,,000000000030,,
보자기 포장은 추가 비용 발생함,선물_포장,중립,,000000000030,,
선물용 메시지 카드를 따로 작성할 수 있음,선물_포장,중립,,000000000030,,
포장 상자 크기가 두 가지 종류임,선물_포장,중립,,000000000030,,
굿즈 구매하면 종이봉투에 담아주는 식임,선물_포장,중립,,000000000030,,
포장 박스에 유통기한이 적혀 있음,선물_포장,중립,,000000000030,,
명절에는 특별 포장 패키지로 판매함,선물_포장,중립,,000000000030,,
개별 포장되어 있어서 나눠주기 나쁘지 않음,선물_포장,중립,,000000000030,,
포장 디자인은 계절마다 바뀌는 듯,선물_포장,중립,,000000000030,,
비닐 포장 없이 종이로만 패키징함,선물_포장,중립,,000000000030,,
상자 겉면에 메뉴 이름이 체크되어 있음,선물_포장,중립,,000000000030,,
손잡이 없는 상자라 들고 가기엔 쏘쏘함,선물_포장,중립,,000000000030,,
포장하는데 5분 정도 소요됨,선물_포장,중립,,000000000030,,
냉장 보관용은 보냉백 포장 가능함,선물_포장,중립,,000000000030,,
박스 뚜껑이 투명해서 내부가 보임,선물_포장,중립,,000000000030,,
포장용 스티커 종류가 여러 개 있음,선물_포장,중립,,000000000030,,
그냥 평범한 노란색 쇼핑백임,선물_포장,중립,,000000000030,,
단체 주문 시 스티커 문구 변경 가능하다고 함,선물_포장,중립,,000000000030,,
포장지에 영문으로 설명이 적혀 있음,선물_포장,중립,,000000000030,,
상자 재질이 약간 매끈한 코팅지임,선물_포장,중립,,000000000030,,
리본 없이 스티커로만 마감해줌,선물_포장,중립,,000000000030,,
주말 점심인데 대기 1도 없이 바로 들어가서 개꿀이었음,혼잡도_웨이팅,긍정,,000000000001,,
오픈런 하니까 1등으로 입장함 개이득,혼잡도_웨이팅,긍정,,000000000001,,
평일이라 그런지 매장 널널하고 완전 쾌적함,혼잡도_웨이팅,긍정,,000000000001,,
사람 없어서 전세 낸 기분 ㅋㅋㅋ 너무 좋다,혼잡도_웨이팅,긍정,,000000000001,,
웨이팅 길다고 들었는데 운 좋게 바로 앉음!,혼잡도_웨이팅,긍정,,000000000001,,
북적거리지 않고 조용해서 혼자 즐기기 딱임,혼잡도_웨이팅,긍정,,000000000001,,
매장이 한산해서 눈치 안 보고 오래 있다 옴,혼잡도_웨이팅,긍정,,000000000001,,
대기팀 없어서 바로 입장 가능해요 짱임,혼잡도_웨이팅,긍정,,000000000001,,
사람들 별로 없어서 사진 찍기 너무 편했음,혼잡도_웨이팅,긍정,,000000000001,,
줄 안 서고 바로 주문함 개편함,혼잡도_웨이팅,긍정,,000000000001,,
오후 시간인데도 자리 여유 많아서 만족,혼잡도_웨이팅,긍정,,000000000001,,
비 오는 날이라 그런가 사람 적어서 대만족,혼잡도_웨이팅,긍정,,000000000001,,
여기 웨이팅 시스템 잘 되어 있어서 안 기다려도 됨,혼잡도_웨이팅,긍정,,000000000001,,
회전율 빨라서 사람 금방 빠짐 칭찬해,혼잡도_웨이팅,긍정,,000000000001,,
피크 타임 피해서 가니까 대기 제로였음,혼잡도_웨이팅,긍정,,000000000001,,
핫플치고 사람 없어서 너무 좋았네요,혼잡도_웨이팅,긍정,,000000000001,,
널널한 좌석 상태 아주 나이스,혼잡도_웨이팅,긍정,,000000000001,,
대기 걱정했는데 하나도 안 기다림 럭키비키,혼잡도_웨이팅,긍정,,000000000001,,
안에 사람 꽉 안 차 있어서 여유로움 극락,혼잡도_웨이팅,긍정,,000000000001,,
매장 진짜 조용함 사람 소음 없어서 굿,혼잡도_웨이팅,긍정,,000000000001,,
웨이팅 없이 프리패스~ 기분 째짐,혼잡도_웨이팅,긍정,,000000000001,,
여기는 언제가도 자리가 넉넉해서 좋음,혼잡도_웨이팅,긍정,,000000000001,,
대기 번호표 안 뽑아도 됨 바로 들어감,혼잡도_웨이팅,긍정,,000000000001,,
사람들 안 몰리는 시간이라 세상 한적함,혼잡도_웨이팅,긍정,,000000000001,,
텅텅 비어있어서 맘 편하게 앉았음 추천,혼잡도_웨이팅,긍정,,000000000001,,
줄 서는 맛집이라던데 웨이팅 없어서 행운,혼잡도_웨이팅,긍정,,000000000001,,
매장 내부가 시끄럽지 않고 차분해서 좋네요,혼잡도_웨이팅,긍정,,000000000001,,
웨이팅 압박 없어서 마음이 편안함,혼잡도_웨이팅,긍정,,000000000001,,
바로 착석 가능해서 너무 좋았습니다,혼잡도_웨이팅,긍정,,000000000001,,
북적북적한 거 싫어하는데 여기 한산해서 최고,혼잡도_웨이팅,긍정,,000000000001,,
웨이팅 1시간 실화냐? 다신 안 옴,혼잡도_웨이팅,부정,,000000000002,,
사람 너무 많아서 기 빨림;; 진짜 노답,혼잡도_웨이팅,부정,,000000000002,,
줄이 너무 길어서 포기함 개실망,혼잡도_웨이팅,부정,,000000000002,,
매장 안이 시장바닥임 너무 시끄러워서 귀 아픔,혼잡도_웨이팅,부정,,000000000002,,
대기 시스템 엉망이라 한참 서 있었음 ㅡㅡ,혼잡도_웨이팅,부정,,000000000002,,
주말 웨이팅 진짜 미쳤음 지옥임,혼잡도_웨이팅,부정,,000000000002,,
자리 하나도 없어서 그냥 나옴 개빡치네,혼잡도_웨이팅,부정,,000000000002,,
좁은 공간에 사람 꽉 차서 숨 막힘,혼잡도_웨이팅,부정,,000000000002,,
오픈 전부터 줄 서 있는데 컷당함 최악,혼잡도_웨이팅,부정,,000000000002,,
사람 소음 때문에 대화가 안 됨 노답 맛집,혼잡도_웨이팅,부정,,000000000002,,
기다리다가 지쳐서 쓰러질 뻔 돈 버림,혼잡도_웨이팅,부정,,000000000002,,
웨이팅 명단도 없고 그냥 무작정 서야 함 ㅡㅡ,혼잡도_웨이팅,부정,,000000000002,,
사람들 바글바글해서 정신 하나도 없음,혼잡도_웨이팅,부정,,000000000002,,
웨이팅 너무 심해서 기분 잡침,혼잡도_웨이팅,부정,,000000000002,,
도떼기시장인 줄 알았네요 진짜 비추,혼잡도_웨이팅,부정,,000000000002,,
대기 시간 공지도 안 해주고 무한 대기함,혼잡도_웨이팅,부정,,000000000002,,
회전율 극악임 1시간 동안 사람 안 빠짐,혼잡도_웨이팅,부정,,000000000002,,
사람 밀집도 미쳤음 방역 안 되나 싶을 정도,혼잡도_웨이팅,부정,,000000000002,,
줄 서다가 하루 다 감;; 비효율 끝판왕,혼잡도_웨이팅,부정,,000000000002,,
너무 시끄럽고 북적거려서 여유는 개뿔,혼잡도_웨이팅,부정,,000000000002,,
자리가 꽉 차서 앉을 곳이 없음 헛걸음했네,혼잡도_웨이팅,부정,,000000000002,,
사람들이 너무 많아서 주문하기도 힘듦,혼잡도_웨이팅,부정,,000000000002,,
웨이팅 필수라는데 이 정도 줄이면 안 올 듯,혼잡도_웨이팅,부정,,000000000002,,
대기줄 관리가 전혀 안 돼서 개판임,혼잡도_웨이팅,부정,,000000000002,,
안에 사람 너무 꽉 차서 그냥 테이크아웃도 포기,혼잡도_웨이팅,부정,,000000000002,,
기다리는 사람 배려 1도 없는 웨이팅 방식,혼잡도_웨이팅,부정,,000000000002,,
사람 소리 때문에 노랫소리도 안 들림 최악,혼잡도_웨이팅,부정,,000000000002,,
오픈런 안 하면 못 들어가는 게 말이 됨? 노답,혼잡도_웨이팅,부정,,000000000002,,
웨이팅 걸어놨는데 연락도 안 옴 개실망,혼잡도_웨이팅,부정,,000000000002,,
너무 북적거려서 앉아있기 눈치 보임,혼잡도_웨이팅,부정,,000000000002,,
웨이팅 명단 있고 순서 되면 불러줌,혼잡도_웨이팅,중립,,000000000003,,
사람은 적당히 있는 편임,혼잡도_웨이팅,중립,,000000000003,,
주말에는 웨이팅 있고 평일은 없음,혼잡도_웨이팅,중립,,000000000003,,
매장이 중심에 있어 금방 차는 편,혼잡도_웨이팅,중립,,000000000003,,수정완
웨이팅 15분 정도 하고 들어감 쏘쏘,혼잡도_웨이팅,중립,,000000000003,,
테이블링 앱으로 대기 가능함,혼잡도_웨이팅,중립,,000000000003,,
사람들이 꾸준히 들어오고 나감,혼잡도_웨이팅,중립,,000000000003,,
매장 크기에 비하면 사람 적은 듯,혼잡도_웨이팅,중립,,000000000003,,
빈 좌석이 군데군데 보임,혼잡도_웨이팅,중립,,000000000003,,
현장에서 이름 적고 대기해야 함,혼잡도_웨이팅,중립,,000000000003,,
점심시간 지나니까 사람 좀 빠지네요,혼잡도_웨이팅,중립,,000000000003,,
조용한데 가끔 단체 손님 오면 시끄러워짐,혼잡도_웨이팅,중립,,000000000003,,
웨이팅이 있긴 한데 금방 빠지는 수준,혼잡도_웨이팅,중립,,000000000003,,
가끔 웨이팅 생길 때도 있는 듯,혼잡도_웨이팅,중립,,000000000003,,
사람 밀집도는 보통임,혼잡도_웨이팅,중립,,000000000003,,
줄 서는 정도는 아니고 그냥 바로 앉음,혼잡도_웨이팅,중립,,000000000003,,
피크 시간대만 피하면 한적함,혼잡도_웨이팅,중립,,000000000003,,
번호표 뽑고 기다리는 방식임,혼잡도_웨이팅,중립,,000000000003,,
안에 2팀 정도 대기 중이었음,혼잡도_웨이팅,중립,,000000000003,,
회전율은 나쁘지 않은 편,혼잡도_웨이팅,중립,,000000000003,,
사람이 아예 없지도 많지도 않음,혼잡도_웨이팅,중립,,000000000003,,
테이크아웃 손님이 많아서 매장은 여유 있음,혼잡도_웨이팅,중립,,000000000003,,
웨이팅 30분 정도 예상하고 가야 할 듯,혼잡도_웨이팅,중립,,000000000003,,
좌석 간격이 좁아서 사람 많게 느껴짐,혼잡도_웨이팅,중립,,000000000003,,
그냥 평범한 핫플 혼잡도 수준,혼잡도_웨이팅,중립,,000000000003,,
입구에서 대기 인원 체크해줌,혼잡도_웨이팅,중립,,000000000003,,
사람 많아도 적당히 활기찬 느낌,혼잡도_웨이팅,중립,,000000000003,,수정완
식사 시간 맞춰가면 기다려야 함,혼잡도_웨이팅,중립,,000000000003,,
대기 공간이 따로 마련되어 있음,혼잡도_웨이팅,중립,,000000000003,,
오후 2시쯤 갔는데 자리는 좀 있었음,혼잡도_웨이팅,중립,,000000000003,,