"Original_Review","label"
"원두 향이 정말 진하고 산미가 적당해서 제 입맛에 딱 맞아요.","100000000000"
"딸기 스무디가 진짜 딸기를 갈아 넣은 맛이라 상큼하고 진해요.","100000000000"
"여기 에스프레소는 크레마가 장난 아니네요. 진짜 묵직합니다.","100000000000"
"자몽 에이드 탄산이 톡 쏘고 과육이 씹혀서 청량감 대박입니다.","100000000000"
"로스팅을 직접 하셔서 그런지 탄 맛 하나도 없고 고소함이 일품이에요.","100000000000"
"밀크티 향이 은은하고 너무 달지 않아서 제 입맛에 딱이었어요.","100000000000"
"핸드드립 커피 마셔봤는데 과일 향이 입안 가득 퍼지는 게 예술입니다.","100000000000"
"녹차 라떼가 텁텁하지 않고 진한 말차 향이 나서 너무 맛있네요.","100000000000"
"커피 원두의 풍미가 깊어서 한 입 마시자마자 감탄했어요.","100000000000"
"수박 주스 마셨는데 시럽 맛 아니고 리얼 수박 맛이라 감동했어요.","100000000000"
"디카페인인데도 일반 커피랑 차이를 모를 정도로 맛이 훌륭하네요.","100000000000"
"레모네이드가 적당히 새콤달콤해서 입맛 돋우기에 최고입니다.","100000000000"
"라떼 아트도 예쁘지만 우유 스팀이 부드러워서 커피랑 조화가 미쳤어요.","100000000000"
"망고 주스가 걸쭉하고 진해서 동남아에서 먹던 맛 같아요.","100000000000"
"묵직한 바디감을 좋아하시는 분들이라면 여기 원두 무조건 추천합니다.","100000000000"
"초코 라떼가 싸구려 초코 맛이 아니라 고급진 맛이라 좋았어요.","100000000000"
"원두 선택할 수 있는 게 장점인데, 산미 있는 원두가 정말 신선해요.","100000000000"
"청포도 에이드 안에 알갱이가 들어있어서 씹는 맛이 일품이네요.","100000000000"
"아메리카노 맛이 깔끔해서 다 마시고 나서도 입안이 개운합니다.","100000000000"
"요거트 스무디가 많이 달지 않고 깔끔해서 디저트로 딱이에요.","100000000000"
"콜드브루 특유의 깔끔함이 잘 살아있어서 여름에 마시기 최고예요.","100000000000"
"얼그레이 티 향이 너무 좋아서 마시는 내내 힐링 됐어요.","100000000000"
"커피가 식어도 맛이 변하지 않고 끝까지 맛있어서 놀랐습니다.","100000000000"
"키위 주스가 새콤해서 비타민 충전 제대로 하는 기분입니다.","100000000000"
"여기 오면 무조건 시그니처 커피 드세요. 커피 맛이 정말 고급스러워요.","100000000000"
"바닐라 라떼 시럽을 수제로 만드시는지 인위적이지 않고 맛있어요.","100000000000"
"원두가 신선해서 그런지 마시고 나서 속도 편하고 향이 오래 남네요.","100000000000"
"오미자 에이드 색감도 너무 예쁘고 맛도 상큼해서 반했습니다.","100000000000"
"카푸치노 시나몬 향이랑 커피 맛이 너무 잘 어우러져서 맛있어요.","100000000000"
"제철 과일 주스가 정말 신선하고 당도가 높아서 최고였어요.","100000000000"
"커피에서 너무 탄 맛만 나고 원두 특유의 향이 전혀 안 느껴져요.","200000000000"
"스무디가 얼음만 잔뜩 씹히고 맹맛이라 돈 아까웠습니다.","200000000000"
"아메리카노가 너무 연해서 보리차 마시는 기분이 들 정도네요.","200000000000"
"에이드 탄산이 다 빠져서 밍밍하고 그냥 설탕물 마시는 것 같아요.","200000000000"
"원두 관리를 어떻게 하시는 건지 약간 쩐내가 나서 마시기 힘들었어요.","200000000000"
"딸기 라떼 시켰는데 딸기청이 너무 조금이라 우유 맛만 나네요.","200000000000"
"산미가 있는 게 아니라 커피가 시큼하게 변한 것 같은 느낌이에요.","200000000000"
"녹차 라떼 가루가 다 안 풀려서 덩어리진 게 씹혀서 불쾌했어요.","200000000000"
"에스프레소가 너무 추출이 많이 된 건지 쓴맛만 강해서 다 못 마셨습니다.","200000000000"
"주스에서 상한 냄새 같은 게 나서 한 입 먹고 버렸습니다.","200000000000"
"라떼에 우유 양이 너무 많아서 커피 맛이 다 묻혀버렸네요.","200000000000"
"초코 라떼가 너무 달아서 머리가 띵할 정도라 다 못 마셨어요.","200000000000"
"원두의 깊은 맛은커피 찌꺼기 맛밖에 안 나서 실망했습니다.","200000000000"
"밀크티에서 화장품 냄새 같은 인공적인 향이 너무 강하네요.","200000000000"
"아이스 커피인데 얼음이 너무 빨리 녹아서 금방 밍밍해졌어요.","200000000000"
"레모네이드가 너무 셔서 속이 쓰릴 정도라 마시기 힘들었어요.","200000000000"
"로스팅이 과하게 된 것 같아요. 입안에 텁텁함이 너무 오래 남습니다.","200000000000"
"요거트 스무디가 너무 묽어서 스무디가 아니라 그냥 물 같아요.","200000000000"
"커피 퀄리티가 너무 떨어지네요. 편의점 커피랑 비슷해요.","200000000000"
"망고 주스가 시럽 맛만 강하게 나고 생과일 느낌은 전혀 없네요.","200000000000"
"커피 향은 거의 없고 그냥 뜨거운 검은 물 마시는 기분입니다.","200000000000"
"블루 레모네이드 맛이 너무 불량식품 맛이라 실망스러웠습니다.","200000000000"
"디카페인 커피 마셨는데 약품 냄새 같은 게 나서 다 버렸어요.","200000000000"
"아이스티가 가루가 덜 녹아서 바닥에 설탕이 그대로 깔려있네요.","200000000000"
"아메리카노에 기름이 둥둥 떠 있고 맛도 너무 텁텁해서 별로예요.","200000000000"
"생과일주스라고 했는데 씨랑 껍질이 너무 많이 씹혀서 불편해요.","200000000000"
"커피가 너무 쓰고 자극적이라 마시고 나서 속이 쓰렸습니다.","200000000000"
"프라페가 제대로 안 갈려서 큰 얼음덩어리가 계속 빨대를 막아요.","200000000000"
"원두 선택이 가능하다고 해서 시켰는데 별로 차이를 모르겠네요.","200000000000"
"허브티 티백이 터졌는지 차에서 먼지 맛 같은 게 납니다.","200000000000"
"커피 맛은 그냥 무난한 편이라 크게 호불호가 갈리지 않을 것 같아요.","300000000000"
"스무디 맛은 평범하고 양은 적당한 편입니다.","300000000000"
"평범한 아이스 아메리카노 맛입니다. 특별히 좋지도 나쁘지도 않아요.","300000000000"
"에이드는 탄산이 적당히 들어있어서 시원하게 마시기 괜찮아요.","300000000000"
"프랜차이즈 카페에서 흔히 마실 수 있는 그런 커피 맛이네요.","300000000000"
"딸기 라떼는 많이 달지 않아서 무난하게 먹을만합니다.","300000000000"
"산미는 거의 없는 편이고 적당히 쌉싸름한 맛이 납니다.","300000000000"
"녹차 라떼 맛이 진하지는 않은데 부드러워서 가볍게 마시기 좋아요.","300000000000"
"커피 퀄리티는 평균 수준인데, 개인 취향에 따라 다르게 느낄 것 같네요.","300000000000"
"주스는 시럽이 조금 들어간 것 같은데 거슬릴 정도는 아니네요.","300000000000"
"원두 선택지가 여러 개라 취향껏 고르면 될 것 같은 정도입니다.","300000000000"
"초코 라떼 맛은 그냥 네스퀵 타 먹는 거랑 비슷한 맛이에요.","300000000000"
"맛이 아주 깊지는 않지만 식후에 가볍게 마시기에는 나쁘지 않아요.","300000000000"
"밀크티 향이 아주 강하진 않지만 은은하게 즐기기엔 나쁘지 않아요.","300000000000"
"뜨거울 때 마시는 거랑 식었을 때 마시는 맛의 차이가 좀 있는 편입니다.","300000000000"
"레모네이드는 신맛이 강하지 않아서 누구나 마시기 편할 듯해요.","300000000000"
"에스프레소 베이스가 아주 진하지는 않지만 적당히 고소합니다.","300000000000"
"요거트 스무디 농도가 딱 적당해서 빨대로 마시기 편합니다.","300000000000"
"일반적인 카페 커피 맛이라 예상 가능한 범위 내의 맛입니다.","300000000000"
"망고 주스는 냉동 망고를 쓴 것 같은데 시원한 맛에 먹기 좋아요.","300000000000"
"아메리카노 농도가 적당해서 그냥 가볍게 마시기 괜찮네요.","300000000000"
"아이스티가 너무 달지 않아서 갈증 날 때 마시기 적당합니다.","300000000000"
"커피 향은 은은한 편이고 맛은 적당히 대중적인 느낌이에요.","300000000000"
"자몽 티는 쌉싸름한 맛과 단맛이 반반 정도 섞인 맛입니다.","300000000000"
"특별한 개성은 없지만 실패 없는 무난한 커피 맛입니다.","300000000000"
"바닐라 라떼는 시럽 맛이 좀 나긴 하는데 달달하게 먹기엔 괜찮아요.","300000000000"
"커피 맛이 아주 강하지 않아서 연하게 드시는 분들께 맞을 듯해요.","300000000000"
"미숫가루 라떼는 그냥 집에서 타 먹는 거랑 비슷한 평범한 맛입니다.","300000000000"
"그냥 동네 카페에서 흔히 느낄 수 있는 그런 커피 맛입니다.","300000000000"
"체리 콕은 탄산이 적당하고 체리 향이 은은하게 나는 편입니다.","300000000000"
"소금빵이 겉은 바삭하고 속은 촉촉해서 인생 빵집 등극입니다.","010000000000"
"베이글이 아주 쫄깃하고 담백해서 식사 대용으로 최고예요.","010000000000"
"샌드위치 속 재료가 신선하고 빵이 고소해서 건강한 맛입니다.","010000000000"
"천연 발효종을 써서 그런지 빵이 담백하고 소화가 잘 돼요.","010000000000"
"갓 구워 나온 식빵의 결이 살아있고 정말 부드럽습니다.","010000000000"
"치아바타가 자극적이지 않고 씹을수록 고소한 풍미가 올라와요.","010000000000"
"깜빠뉴 안에 견과류가 가득 들어있어 씹는 맛이 일품입니다.","010000000000"
"호밀빵인데도 전혀 퍽퍽하지 않고 촉촉해서 놀랐어요.","010000000000"
"이 집 잠봉뵈르는 바게트가 입천장 안 아프게 바삭해서 좋네요.","010000000000"
"식사 빵 종류가 다양해서 골라 먹는 재미가 있고 다 맛있어요.","010000000000"
"무설탕 빵인데도 이렇게 감칠맛이 나다니 정말 실력이 좋으시네요.","010000000000"
"올리브가 듬뿍 들어간 포카치아가 짭짤하고 아주 쫄깃합니다.","010000000000"
"아침마다 여기서 샌드위치 사 먹는데 재료가 정말 알차요.","010000000000"
"빵 자체가 맛있어서 잼 없이 그냥 먹어도 충분히 맛있습니다.","010000000000"
"쌀 식빵이라 그런지 쫀득함이 일반 빵이랑은 차원이 다르네요.","010000000000"
"크루아상 결이 촘촘하고 버터 향이 진해서 아주 고급스러워요.","010000000000"
"담백한 빵 좋아하시는 분들이라면 여기가 성지일 것 같아요.","010000000000"
"통밀빵의 구수한 향이 코끝을 자극해서 입맛을 돋우네요.","010000000000"
"베이글에 크림치즈 조합이 환상적이라 순삭했습니다.","010000000000"
"샌드위치 야채가 아삭아삭하고 빵이랑 조화가 완벽합니다.","010000000000"
"식사 대용으로 먹기 좋은 든든한 빵들이 많아서 자주 와요.","010000000000"
"여기 소금빵은 버터 동굴이 제대로 형성되어 있어 정석이네요.","010000000000"
"빵이 질기지 않고 부드럽게 찢어지는 게 반죽을 잘하신 듯요.","010000000000"
"치즈가 콕콕 박힌 식빵이 짭조름하니 자꾸 손이 가요.","010000000000"
"고소한 곡물 빵 종류가 많아서 부모님도 정말 좋아하셨어요.","010000000000"
"바게트 속살이 너무 촉촉해서 샌드위치로 먹기 딱입니다.","010000000000"
"갓 나온 따끈한 식빵 한 줄 다 먹을 수 있을 정도로 맛나요.","010000000000"
"담백하면서도 풍미가 깊은 빵들이라 매일 먹어도 안 질려요.","010000000000"
"베이글 종류가 이렇게 많은 곳은 처음 봐요. 다 먹어보고 싶네요.","010000000000"
"샌드위치 소스가 과하지 않아 빵 맛을 잘 살려줘서 좋아요.","010000000000"
"소금빵이 너무 딱딱해서 씹기가 힘들고 턱이 아팠어요.","020000000000"
"샌드위치 내용물이 너무 부실해서 실망스러웠습니다.","020000000000"
"베이글이 질겨도 너무 질겨서 고무 씹는 느낌이었네요.","020000000000"
"빵에서 밀가루 풋내가 좀 나고 덜 익은 것 같은 느낌이에요.","020000000000"
"치아바타가 너무 건조해서 입안의 수분을 다 뺏어가는 것 같아요.","020000000000"
"식사 대용 빵이라더니 간이 너무 세서 짜게 느껴졌습니다.","020000000000"
"식빵이 푸석푸석해서 잼을 발라도 맛이 없더라고요.","020000000000"
"샌드위치 야채 물기 제거가 안 됐는지 빵이 다 젖어있네요.","020000000000"
"담백한 게 아니라 아무 맛도 안 나서 무미건조한 빵입니다.","020000000000"
"빵 크기가 너무 작아서 먹어도 먹은 것 같지가 않아요.","020000000000"
"바게트가 너무 오버쿡 된 건지 겉이 너무 타서 써요.","020000000000"
"호밀빵이 너무 퍽퍽해서 물 없이는 한 입도 못 먹겠어요.","020000000000"
"베이글이 데워져 나왔는데도 속이 차갑고 딱딱하네요.","020000000000"
"빵 종류는 많은데 정작 먹을만한 식사 빵이 별로 없어요.","020000000000"
"샌드위치 소스가 너무 과해서 빵이 눅눅하고 느끼했습니다.","020000000000"
"소금빵 밑면이 너무 기름져서 손에 기름이 잔뜩 묻네요.","020000000000"
"식빵 결이 하나도 안 느껴지고 뭉쳐있는 느낌이라 별로예요.","020000000000"
"재료 아끼시는 건지 샌드위치에 햄 한 장 들어있어 당황했네요.","020000000000"
"빵 신선도가 떨어지는 것 같아요. 만든 지 오래된 느낌입니다.","020000000000"
"베이글 크림치즈 양이 너무 적어서 빵만 먹는 기분이었어요.","020000000000"
"천연 발효 빵이라는데 시큼한 맛이 너무 강해서 거부감 드네요.","020000000000"
"샌드위치 포장이 제대로 안 돼서 내용물이 다 흘러나왔어요.","020000000000"
"빵이 전반적으로 너무 퍽퍽해서 식감이 좋지 않습니다.","020000000000"
"담백함을 기대했는데 버터가 너무 많이 들어가서 느끼해요.","020000000000"
"빵 겉면이 너무 질겨서 칼로 썰리지도 않을 정도네요.","020000000000"
"샌드위치 식빵이 눅눅해져서 식감이 정말 별로였습니다.","020000000000"
"베이글 반죽이 덜 된 건지 속이 떡진 것 같은 느낌이에요.","020000000000"
"빵의 퀄리티가 편의점 빵이랑 다를 게 없네요.","020000000000"
"식사 빵들이 너무 금방 딱딱해져서 포장해오니 못 먹겠어요.","020000000000"
"빵 향기가 안 나고 그냥 무취의 밀가루 덩어리 같아요.","020000000000"
"식사 빵 종류는 무난하게 있는 편이고 맛도 평범합니다.","030000000000"
"소금빵 맛은 어디서나 먹을 수 있는 일반적인 맛이에요.","030000000000"
"샌드위치 내용물 구성은 적당하고 한 끼 때우기 괜찮아요.","030000000000"
"베이글이 아주 쫄깃하진 않지만 그냥저냥 먹을만해요.","030000000000"
"담백한 빵 위주라 자극적인 맛 좋아하시면 심심할 수 있어요.","030000000000"
"식빵 크기는 적당하고 맛도 주변 카페랑 비슷합니다.","030000000000"
"데워달라고 하면 데워주는데 따뜻할 때 먹는 게 낫네요.","030000000000"
"곡물 빵 종류가 몇 가지 있는데 맛은 다 고만고만해요.","030000000000"
"샌드위치 채소는 싱싱한 편인데 소스 맛이 좀 강하네요.","030000000000"
"빵이 아주 부드럽지는 않고 적당히 씹는 맛이 있는 편입니다.","030000000000"
"호밀빵 특유의 거친 느낌이 있는데 호불호가 갈릴 듯해요.","030000000000"
"동네 빵집에서 파는 담백한 빵들이랑 큰 차이는 없습니다.","030000000000"
"베이글에 발라 먹는 크림치즈는 별도로 구매해야 합니다.","030000000000"
"샌드위치 메뉴가 몇 가지 안 돼서 선택의 폭은 좁아요.","030000000000"
"빵이 좀 묵직한 편이라 하나만 먹어도 배가 부르네요.","030000000000"
"늦게 가면 식사 빵 종류가 많이 빠져서 일찍 가야 해요.","030000000000"
"식감은 쫄깃하기보다는 부드러운 쪽에 가까운 빵입니다.","030000000000"
"샌드위치 포장은 깔끔하게 잘 되어 나오는 편이에요.","030000000000"
"소금빵의 짠맛이 강하지 않아서 담백하게 먹기 좋아요.","030000000000"
"특별히 맛있지도 맛없지도 않은 기본적인 빵 맛입니다.","030000000000"
"커피랑 곁들여 먹기에 적당한 크기의 식사 빵들입니다.","030000000000"
"빵이 아주 신선한 느낌은 아니지만 그렇다고 오래된 것도 아니에요.","030000000000"
"치아바타는 샌드위치용으로 쓰기 적당한 두께네요.","030000000000"
"빵 구성이 건강식 위주라 다이어트하시는 분들께 괜찮을 듯.","030000000000"
"바게트의 겉면이 적당히 바삭해서 무난하게 먹었습니다.","030000000000"
"식빵의 향이 아주 진하지는 않지만 은은하게 나네요.","030000000000"
"베이글을 살짝 구워주면 더 맛있을 것 같은 느낌입니다.","030000000000"
"샌드위치 안에 들어간 소스 양이 적당해서 무난해요.","030000000000"
"빵 종류별로 나오는 시간이 정해져 있으니 참고하세요.","030000000000"
"그냥 한 번쯤 먹어볼 만한 평범한 식사 대용 빵입니다.","030000000000"
"생크림이 전혀 느끼하지 않고 고소해서 입안에서 사르르 녹네요.","001000000000"
"딸기 케이크에 딸기가 층층이 듬뿍 들어있어서 돈이 안 아까워요.","001000000000"
"생일 케이크 예약했는데 디자인이 너무 예뻐서 주인공이 정말 좋아했어요.","001000000000"
"치즈 케이크가 아주 꾸덕하고 진해서 깊은 풍미가 느껴집니다.","001000000000"
"티라미수 시트가 커피에 촉촉하게 적셔져 있어 풍미가 예술입니다.","001000000000"
"케이크 시트 자체가 너무 부드러워서 몇 번 안 씹어도 넘어가요.","001000000000"
"초코 케이크인데 인위적인 단맛이 아니라 고급스러운 초코 맛이에요.","001000000000"
"조각 케이크 크기가 다른 곳보다 큼직해서 나눠 먹기 충분했습니다.","001000000000"
"특별한 날 홀케이크 주문했는데 레터링도 정성스럽고 아주 예뻤어요.","001000000000"
"타르트지가 바삭하고 위에 올라간 과일 당도가 최고입니다.","001000000000"
"여기 얼그레이 케이크는 향이 은은하게 퍼지는 게 정말 매력적이네요.","001000000000"
"동물성 생크림을 쓰시는지 뒷맛이 깔끔하고 아주 담백합니다.","001000000000"
"당근 케이크에 크림치즈 배합이 환상이라 인생 케이크 찾았네요.","001000000000"
"기념일마다 여기서 케이크 사는데 한 번도 실패한 적이 없어요.","001000000000"
"무스 케이크 식감이 푸딩처럼 탱글하고 맛이 아주 진합니다.","001000000000"
"비주얼이 너무 예뻐서 먹기 전에 사진만 수십 장 찍은 것 같아요.","001000000000"
"레드벨벳 케이크 색감이 너무 곱고 맛도 묵직하니 좋았습니다.","001000000000"
"케이크 사이에 들어간 과일들이 신선해서 상큼함이 터지네요.","001000000000"
"많이 달지 않은 케이크라 어른들도 정말 맛있게 드시더라고요.","001000000000"
"밤 케이크의 구수한 맛이 커피랑 너무 잘 어울려서 감탄했어요.","001000000000"
"케이크 장식으로 올라간 허브랑 식용 꽃까지 세심함이 느껴져요.","001000000000"
"샤인머스캣 케이크 알이 꽉 차 있어서 씹는 맛이 일품입니다.","001000000000"
"케이크 박스 열자마자 달콤한 향기가 퍼져서 행복해졌어요.","001000000000"
"여기 초코 무스는 쌉싸름한 카카오 맛이 잘 살아서 취향 저격임.","001000000000"
"쉬폰 케이크가 구름처럼 폭신폭신해서 아이들도 잘 먹네요.","001000000000"
"케이크 단면이 층층이 예쁘게 쌓여있어 정성이 느껴졌습니다.","001000000000"
"쑥 케이크의 할매니얼 입맛 제대로 저격하는 고소함이네요.","001000000000"
"기분좋게 픽업할 정도로 케이크 먹는게 설레요.","001000000000"
"케이크 위에 올라간 생크림 휘핑이 아주 쫀쫀해서 식감이 좋아요.","001000000000"
"그만큼의 가치를 하는 고퀄리티 케이크임.","001000000000"
"케이크 크림이 미끌거리고 입안에서 겉도는 게 식물성인 듯요.","002000000000"
"딸기 케이크라더니 딸기가 위에만 있고 속엔 거의 없네요.","002000000000"
"예약한 케이크 디자인이 사진이랑 너무 달라서 당황스러웠어요.","002000000000"
"치즈 케이크가 너무 딱딱해서 포크가 잘 안 들어갈 정도예요.","002000000000"
"티라미수가 너무 축축해서 빵이 아니라 물 마시는 기분이었음.","002000000000"
"케이크 시트가 너무 퍽퍽해서 음료 없이는 목이 막혀 못 먹음.","002000000000"
"초코 케이크가 너무 달아서 한 입 먹자마자 물리고 속 쓰려요.","002000000000"
"조각 케이크 크기가 너무 작아서 기만당하는 느낌.","002000000000"
"레터링 케이크 글씨가 너무 삐뚤빼뚤해서 제가 쓴 게 나을 뻔.","002000000000"
"타르트지가 너무 눅눅해서 바삭한 맛이 전혀 느껴지지 않아요.","002000000000"
"얼그레이 향이 너무 강해서 화장품을 먹는 것 같은 기분임.","002000000000"
"케이크에서 냉장고 냄새가 배어있어서 한 입 먹고 버렸습니다.","002000000000"
"당근 케이크에 시나몬 향이 너무 세서 당근 맛이 하나도 안 남.","002000000000"
"기대하고 주문한 홀케이크인데 맛이 너무 평범해서 돈 아까움.","002000000000"
"무스 케이크가 녹아서 흘러내리는 상태로 서빙되어 불쾌했음.","002000000000"
"케이크 장식이 사진보다 너무 부실해서 성의 없어 보였습니다.","002000000000"
"레드벨벳 시트가 너무 짜서 케이크인지 요리인지 모르겠네요.","002000000000"
"케이크 속 과일이 갈변되어 있고 신선하지 않아 찝찝했어요.","002000000000"
"케이크가 너무 달아서 아이들도 몇 입 먹고 안 먹더라고요.","002000000000"
"밤 케이크라더니 밤 알갱이는 거의 없고 향료 맛만 강함.","002000000000"
"케이크 위에 올라간 꽃에서 쓴맛이 나서 전체 맛을 망쳤어요.","002000000000"
"샤인머스캣이 너무 셔서 달콤한 크림이랑 전혀 안 어울려요.","002000000000"
"딸기 생크림 케이크 시트가 수분이 다 날아가서 너무 퍽퍽했고, 크림에서도 느끼한 기름 맛만 맴돌아서 몇 입 못 먹고 남겼어요.","002000000000"
"초코 무스가 너무 뻑뻑해서 입안에서 녹지도 않고 뭉쳐있음.","002000000000"
"쉬폰 케이크인데 구멍이 숭숭 뚫려있고 너무 푸석푸석함.","002000000000"
"케이크 단면이 으스러져 있어서 보기에도 안 좋고 맛도 별로임.","002000000000"
"쑥 향은 안 나고 풀 냄새 같은 비린 맛만 나서 못 먹겠어요.","002000000000"
"바스크 치즈 케이크를 기대했는데, 냉장고 냄새가 베어 있었고 식감도 부드럽기보다는 굳은 떡처럼 질겨서 실망했습니다.","002000000000"
"생크림 휘핑이 너무 오버됐는지 버터처럼 굳어있어 느끼함.","002000000000"
"비싼 가격에 비해 퀄리티는 편의점 케이크랑 다를 게 없네요.","002000000000"
"생크림 케이크는 그냥 무난한 맛이고 특별히 튀는 건 없어요.","003000000000"
"딸기 케이크에 딸기 양은 적당한 수준인 것 같습니다.","003000000000"
"케이크 디자인은 요즘 흔히 볼 수 있는 심플한 스타일이에요.","003000000000"
"치즈 케이크는 커피랑 같이 먹기에 나쁘지 않은 정도입니다.","003000000000"
"티라미수는 상상할 수 있는 일반적인 카페 티라미수 맛임.","003000000000"
"시트가 아주 부드럽진 않지만 그렇다고 퍽퍽하지도 않아요.","003000000000"
"초코 케이크는 단맛이 적당해서 무난하게 먹기 좋습니다.","003000000000"
"조각 케이크 가격은 이 근처 카페들이랑 비슷한 수준이에요.","003000000000"
"주문한 조각 케이크는 시중에서 흔히 접할 수 있는 평범한 퀄리티라 호불호 없이 먹을 만해요.","003000000000"
"타르트 종류는 매일 조금씩 바뀌는 것 같으니 확인해 보세요.","003000000000"
"얼그레이 케이크 향은 은은하게 나는 편이라 호불호 없을 듯.","003000000000"
"크림 양이 시트보다 많은 편이라 부드러운 거 좋아하면 맞음.","003000000000"
"당근 케이크에 견과류가 씹히는 평범한 스타일의 케이크임.","003000000000"
"티라미수는 특별히 뛰어나지도 나쁘지도 않고, 딱 예상 가능한 무난한 맛이었습니다.","003000000000"
"무스 케이크는 차갑게 먹어야 맛있는 기본적인 맛입니다.","003000000000"
"케이크 쇼케이스가 깨끗하게 관리되고 있어 보기 좋네요.","003000000000"
"레드벨벳 케이크는 단맛보다는 짠맛이 살짝 느껴지는 편임.","003000000000"
"케이크 위에 과일 토핑은 시즌에 따라 달라진다고 합니다.","003000000000"
"많이 달지 않아서 디저트로 가볍게 먹기에는 괜찮은 듯요.","003000000000"
"밤 케이크는 가을 시즌에만 나오는 한정 메뉴라고 하네요.","003000000000"
"케이크 장식은 화려하지 않고 깔끔하게 마무리되어 있음.","003000000000"
"샤인머스캣 당도는 평균 정도이고 크림이랑 잘 어울려요.","003000000000"
"타르트지가 적당히 단단하고 위에 올라가는 필링도 너무 달지 않아서 그냥 가볍게 곁들이기 적당했습니다.","003000000000"
"초코 무스 질감은 부드럽기보다 약간 묵직한 편에 속함.","003000000000"
"쉬폰 케이크는 가벼운 식감이라 배불러도 잘 들어가네요.","003000000000"
"케이크 크기는 1호 사이즈가 가장 기본이고 인기 많대요.","003000000000"
"쑥 케이크는 쑥 향이 너무 강하지 않아서 입문용으로 좋음.","003000000000"
"초코케이크가 너무 달지 않고 적당하네요","003000000000"
"생크림은 매일 아침 매장에서 직접 휘핑하셔서 케이크 위에 올리신다 하시네요.","003000000000"
"비주얼은 평범하지만 기본에 충실한 그런 케이크 맛입니다.","003000000000"
"휘낭시에 겉면이 쫀득하고 속은 촉촉해서 식감이 예술입니다.","000100000000"
"쿠키에 초코칩이랑 견과류가 아낌없이 들어가서 정말 고소해요.","000100000000"
"마들렌에서 은은한 레몬 향이 나는데 정말 상큼하고 맛있네요.","000100000000"
"까눌레 겉바속촉의 정석이네요. 탄 맛 없이 달콤함이 깊어요.","000100000000"
"스콘이 퍽퍽하지 않고 버터 풍미가 진해서 딸기잼이랑 딱입니다.","000100000000"
"에그타르트 필링이 푸딩처럼 부드럽고 비린내가 전혀 없어요.","000100000000"
"구움과자 종류가 다양해서 골라 담는 재미가 쏠쏠합니다.","000100000000"
"수제 쿠키라 그런지 인위적인 단맛이 아니라 계속 손이 가네요.","000100000000"
"버터바가 아주 꾸덕하고 쫀득해서 당 충전하기에 최고예요.","000100000000"
"약과 쿠키 조합이 신선한데 맛까지 있어서 감탄했습니다.","000100000000"
"갓 구워 나온 휘낭시에 향기가 매장 가득 퍼져서 안 살 수가 없네요.","000100000000"
"티라미수 쿠키는 처음 보는데 아이디어가 좋고 맛도 훌륭해요.","000100000000"
"여기 마카롱은 필링이 뚱뚱한데도 느끼하지 않고 적당히 달아요.","000100000000"
"크럼블 케이크 위에 소보로가 바삭해서 씹는 맛이 최고입니다.","000100000000"
"황치즈 디저트 좋아하는데 여기는 치즈 맛이 정말 진하네요.","000100000000"
"브라우니가 정말 묵직하고 꾸덕해서 진한 초콜릿 맛을 느꼈어요.","000100000000"
"프레첼에 붙은 소금이 포인트가 되어 단짠단짠 매력이 넘칩니다.","000100000000"
"선물용으로 구움과자 세트 샀는데 포장도 예쁘고 다들 맛있다네요.","000100000000"
"러스크가 너무 딱딱하지 않고 바삭하게 잘 구워져서 간식으로 딱입니다.","000100000000"
"빨미까레 결이 살아있고 초코 코팅이 고급스러운 맛이에요.","000100000000"
"파운드 케이크가 밀도가 높으면서도 목 막히지 않고 부드러워요.","000100000000"
"비건 쿠키라는데 일반 쿠키보다 훨씬 담백하고 맛있어서 놀랐습니다.","000100000000"
"샤브레 쿠키가 입안에서 부드럽게 부서지는 느낌이 너무 좋아요.","000100000000"
"얼그레이 휘낭시에 향이 너무 고급스러워서 자꾸 생각나네요.","000100000000"
"구움과자들이 전반적으로 재료를 아끼지 않은 느낌이라 만족스럽습니다.","000100000000"
"츄러스가 갓 튀겨져 나와서 따끈하고 시나몬 설탕이 환상입니다.","000100000000"
"그래놀라를 직접 만드시나 봐요. 요거트에 넣어 먹으니 꿀맛이네요.","000100000000"
"쿠키 샌드 안에 든 크림이 신선해서 느끼함이 전혀 없습니다.","000100000000"
"바나나 브레드가 촉촉하고 과일 향이 진해서 커피랑 잘 어울려요.","000100000000"
"여기 오면 디저트는 무조건 1인 1개 해야 합니다. 너무 맛있어요.","000100000000"
"휘낭시에가 너무 질겨서 고무 씹는 줄 알았습니다. 실망이에요.","000200000000"
"쿠키가 너무 딱딱해서 이빨 나가는 줄 알았어요. 오버쿡 된 듯.","000200000000"
"마들렌이 푸석푸석해서 한 입 먹자마자 가루가 다 날리네요.","000200000000"
"까눌레 속이 너무 떡진 것처럼 눅눅해서 식감이 최악이었습니다.","000200000000"
"스콘에 버터 맛은 안 나고 밀가루 생내만 나서 다 남겼어요.","000200000000"
"에그타르트에서 계란 비린내가 너무 심해서 한 입 먹고 버렸습니다.","000200000000"
"구움과자들 가격이 너무 비싼데 크기는 진짜 엄지손가락만 하네요.","000200000000"
"마카롱 꼬끄가 너무 딱딱해서 쫀득한 맛이 하나도 없습니다.","000200000000"
"버터바가 기름지기만 하고 풍미가 전혀 느껴지지 않네요.","000200000000"
"쿠키가 너무 달아서 혀가 마비될 정도예요. 설탕 덩어리 같습니다.","000200000000"
"갓 구운 줄 알고 샀는데 다 식어있고 눅눅해서 돈 아까웠어요.","000200000000"
"황치즈 쿠키인데 치즈 맛보다는 색소 맛만 강하게 나네요.","000200000000"
"브라우니가 너무 건조해서 브라우니라기보다 마른 빵 같아요.","000200000000"
"디저트 진열대에 덮개가 없어서 위생상 좀 찝찝했습니다.","000200000000"
"구움과자 종류는 많은데 다 맛이 비슷비슷해서 개성이 없어요.","000200000000"
"파운드 케이크가 목이 너무 막혀서 커피 없이는 못 먹을 수준입니다.","000200000000"
"러스크가 너무 기름을 많이 먹어서 한 입 먹으면 느끼함이 올라와요.","000200000000"
"수제라고 하는데 기성품 맛이랑 다를 게 전혀 없어서 실망스럽네요.","000200000000"
"초코 코팅이 입에서 겉돌고 저렴한 초콜릿 맛이라 별로였어요.","000200000000"
"크럼블이 다 으스러져서 먹기가 너무 불편하고 지저분해져요.","000200000000"
"마들렌 배꼽도 하나도 안 올라오고 그냥 평범한 빵 수준입니다.","000200000000"
"선물 세트 구성이 너무 부실해서 선물했다가 민망할 뻔했네요.","000200000000"
"츄러스가 너무 기름에 쩔어 있어서 눅눅하고 맛없습니다.","000200000000"
"얼그레이 향이 너무 인위적이라 화장품 냄새처럼 느껴졌어요.","000200000000"
"구움과자가 전반적으로 너무 작아서 가격 대비 만족도가 낮습니다.","000200000000"
"타르트지가 눅눅해서 바삭한 맛이 전혀 느껴지지 않았습니다.","000200000000"
"쿠키 안에 견과류가 너무 적어서 씹는 맛이 하나도 없네요.","000200000000"
"휘낭시에 밑면이 다 타서 쓴맛만 강하게 났습니다.","000200000000"
"비건 디저트라 그런지 너무 푸석하고 맛이 너무 없어서 당황했어요.","000200000000"
"디저트들이 대체적으로 너무 달아서 아메리카노 필수입니다.","000200000000"
"휘낭시에 크기는 적당하고 맛은 그냥 무난한 편입니다.","000300000000"
"쿠키 종류가 꽤 있어서 취향대로 고를 수 있는 건 좋네요.","000100000000"
"마들렌 맛은 어디서나 먹어볼 수 있는 평범한 수준입니다.","000300000000"
"구움과자들이 전체적으로 자극적이지 않고 삼삼합니다.","000100000000"
"스콘에 잼이 기본으로 제공되지 않아서 따로 주문해야 해요.","000300000000"
"에그타르트 크기가 생각보다 작아서 한 입에 다 들어갑니다.","000300000000"
"구움과자 선물 포장비가 별도로 추가되니 참고하세요.","000300000000"
"수제 쿠키라 그런지 모양이 조금 투박한 느낌은 있네요.","000300000000"
"버터바 식감이 적당히 쫀득한 정도라 먹기에 나쁘지 않아요.","000300000000"
"디저트들이 단맛이 강하지 않아서 가볍게 먹기 좋습니다.","000100000000"
"휘낭시에 종류별로 가격 차이가 조금씩 있는 편입니다.","000300000000"
"마카롱 필링이 적당히 들어있는 기본적인 형태입니다.","000300000000"
"브라우니는 따뜻하게 데워달라고 하면 데워주시는 것 같아요.","000300000000"
"디저트가 소진되는 속도가 빨라서 오후에 가면 없을 수도 있어요.","000300000000"
"쿠키의 질감은 바삭하기보다 부드러운 쪽에 가깝습니다.","000300000000"
"파운드 케이크는 슬라이스로도 팔아서 부담 없이 먹기 좋네요.","000100000000"
"그냥 동네 카페에서 흔히 볼 수 있는 구움과자 구성입니다.","000300000000"
"구움과자 포장 용기가 심플해서 그냥 선물하기 괜찮아요.","000300000000"
"에그타르트지는 페이스트리 형태라 가루가 좀 떨어지는 편입니다.","000300000000"
"까눌레는 하루에 나오는 수량이 한정되어 있다고 하네요.","000300000000"
"디저트들이 커피랑 같이 먹기에는 딱 적당한 당도입니다.","000100000000"
"마들렌 시트러스 향이 은은하게 나는데 강하진 않아요.","000300000000"
"수제 디저트치고는 가격이 적당한 수준인 것 같습니다.","000300000000"
"구움과자 보관 방법이 적힌 종이를 같이 넣어주시네요.","000100000000"
"츄러스는 시나몬 가루 양을 조절해서 묻힐 수 있어 좋아요.","000100000000"
"과자들 크기가 아담해서 여러 개 사도 큰 부담은 없네요.","000300000000"
"스콘은 플레인 맛이 가장 기본적이고 무난한 것 같아요.","000300000000"
"디저트 코너가 따로 마련되어 있어 직접 골라 담으면 됩니다.","000100000000"
"구움과자 식감이 전반적으로 평이해서 실패는 없을 듯해요.","000300000000"
"딱 상상할 수 있는 그런 기본적인 구움과자의 맛입니다.","000300000000"
"젤라또 식감이 아주 쫀득하고 원재료의 맛이 잘 살아있습니다.","000001000000"
"요거트 볼에 과일이랑 그래놀라가 풍성해서 한 끼 식사로도 충분해요.","000001000000"
"파르페 비주얼이 너무 예뻐서 먹기 아까울 정도였습니다.","000001000000"
"판나코타가 입안에서 사르르 녹고 소스랑 조화가 아주 좋네요.","000001000000"
"수제 양갱이라 그런지 과하게 달지 않고 식감이 아주 고급져요.","000001000000"
"크림 브륄레 윗면 톡 깨서 먹는 재미도 있고 맛도 정말 진해요.","000001000000"
"그릭 요거트가 정말 꾸덕해서 딱 제가 찾던 스타일입니다.","000001000000"
"요아정 스타일처럼 요거트 아이스크림 자체가 엄청 쫀득하고 산미도 딱 적당해서, 토핑 없이 아이스크림만 퍼먹어도 물리지가 않고 상큼하니 너무 맛있어요.","000001000000"
"티라미수 푸딩은 처음인데 아이디어가 신선하고 맛도 훌륭해요.","000001000000"
"셔벗이 너무 상큼해서 입안을 깔끔하게 정리해 주는 기분입니다.","000001000000"
"말차 푸딩의 쌉싸름한 맛이 생크림이랑 너무 잘 어울려요.","000001000000"
"디저트 데코레이션이 예술이라 사진 찍으면 정말 잘 나와요.","000001000000"
"과일 젤리에 과육이 큼직하게 들어있어서 씹는 맛이 좋네요.","000001000000"
"이곳만의 특색 있는 디저트 메뉴가 많아서 올 때마다 즐겁습니다.","000001000000"
"쌀 푸딩 식감이 독특하고 고소해서 자꾸 생각나는 맛이에요.","000001000000"
"아포가토에 올라가는 아이스크림이 상하목장이라 정말 진하네요.","000001000000"
"초코 무스가 아주 진하고 부드러워서 스트레스가 다 풀립니다.","000001000000"
"커스터드 푸딩이 편의점 쁘띠첼이랑은 차원이 다르게 탱글탱글하면서도 입안에서 사르르 녹아내리는 게 진짜 JMT이라 순삭했습니다.","000001000000"
"계절마다 디저트 라인업이 바뀌어서 매번 새로운 맛을 느낄 수 있어요.","000001000000"
"흑임자 푸딩의 고소함이 입안 가득 퍼지는 게 정말 일품입니다.","000001000000"
"젤라또 양도 넉넉하게 주시고 서비스로 맛보기 한 스푼 더 주셔서 감동!","000001000000"
"요거트 베이스가 신선해서 그런지 전혀 시지 않고 담백해요.","000001000000"
"디저트들이 전반적으로 비주얼뿐만 아니라 맛도 확실히 챙겼네요.","000001000000"
"이곳 시그니처 디저트는 무조건 드셔보세요. 어디서도 못 본 맛입니다.","000001000000"
"타피오카 펄이 아주 쫄깃하게 잘 삶아져서 먹기 좋았습니다.","000001000000"
"수플레 팬케이크가 구름처럼 퐁신퐁신하고 입에서 사라지네요.","000001000000"
"디저트가 너무 예뻐서 샀는데 여친이 받고 너무 좋아했어요.","000001000000"
"카이막의 풍미가 진하고 같이 나오는 꿀이랑 빵 조화가 미쳤어요.","000001000000"
"디저트 하나하나 정성이 가득 들어간 게 느껴지는 퀄리티입니다.","000001000000"
"푸딩이 너무 흐물거려서 식감이 별로고 맛도 밍밍해요.","000002000000"
"젤라또가 다 녹아서 나와서 그냥 밀크쉐이크 마시는 줄 알았네요.","000002000000"
"요거트 맛이 시큼해서 상한 것 같아 실망했습니다.","000002000000"
"파르페 가격은 엄청 비싼데 그냥 과자 몇 개 꽂아놓은 수준이에요.","000002000000"
"푸딩에서 인공적인 향료 냄새가 너무 강하게 나서 거북했습니다.","000002000000"
"젤라또 식감이 쫀득하지 않고 서걱거려서 실망스러웠어요.","000002000000"
"요거트 볼에 꿀이 너무 많이 들어가서 너무 달아 먹기 힘들었어요.","000002000000"
"디저트 비주얼만 번드르르하고 맛은 편의점보다 못하네요.","000002000000"
"그릭 요거트라고 하는데 너무 묽어서 그냥 일반 요거트 같아요.","000002000000"
"양갱 양이 너무 적어서 코에도 못 붙이겠네요.","000002000000"
"아포가토 커피가 너무 써서 아이스크림 맛을 다 죽여버려요.","000002000000"
"초코 무스가 너무 뻑뻑해서 목이 멜 정도였어요.","000002000000"
"디저트 접시가 지저분하게 서빙되어 나와서 기분이 안 좋았습니다.","000002000000"
"특색 있는 디저트라더니 그냥 이름만 거창하고 맛은 평범해요.","000002000000"
"수플레 팬케이크 주문했는데 계란 비린내가 너무 심해서 못 먹겠어요.","000002000000"
"젤리 식감이 너무 딱딱해서 씹기가 힘들고 맛도 인위적입니다.","000002000000"
"카이막 양이 너무 적어서 빵을 다 먹기도 전에 모자랐습니다.","000002000000"
"디저트가 전반적으로 너무 달아서 다 먹고 나면 속이 니글거려요.","000002000000"
"냉장 보관이 잘못된 건지 디저트에서 냉장고 냄새가 배어있네요.","000002000000"
"스콘이 너무 딱딱해서 맛이 없어요.","000002000000"
"아이스크림이 금방 녹아버려서 나중에는 그냥 설탕물 같아요.","000002000000"
"요거트 토핑으로 올라간 견과류가 눅눅해서 쩐내가 좀 나네요.","000002000000"
"양이 너무 적어서 두 번은 안 시켜 먹을 것 같습니다.","000002000000"
"디저트 메뉴 설명이랑 실제 나온 거랑 너무 달라서 당황했어요.","000002000000"
"말차 맛이 너무 약해서 말차 디저트인지도 모르겠네요.","000002000000"
"디저트 컵 주변에 시럽이 묻어 있어서 손이 다 끈적거려요.","000002000000"
"셔벗에 얼음 알갱이가 너무 커서 식감이 아주 안 좋습니다.","000002000000"
"양이 적어도 너무 적네요. 맛도 평범합니다","000002000000"
"티라미수 푸딩인데 커피 맛은 안 나고 크림 맛만 나서 느끼해요.","000002000000"
"디저트가 너무 예쁘기만 하고 맛에 대한 고민은 부족해 보입니다.","000002000000"
"푸딩 맛은 그냥 무난하고 양도 적당한 편입니다.","000003000000"
"젤라또 종류는 몇 가지 있는데 그냥 평범한 맛이에요.","000003000000"
"요거트 볼 구성은 과일이랑 그래놀라 정도로 일반적입니다.","000003000000"
"파르페는 비주얼 위주라 한 번쯤 시켜볼 만한 정도예요.","000003000000"
"디저트 메뉴가 시즌별로 바뀌는 것 같으니 확인하고 가세요.","000003000000"
"푸딩 식감이 아주 부드럽지는 않고 살짝 탄력이 있는 편입니다.","000003000000"
"젤라또 한 컵에 두 가지 맛을 선택할 수 있는 게 장점이네요.","000003000000"
"요거트가 아주 꾸덕하지도 않고 묽지도 않은 적당한 농도입니다.","000003000000"
"양갱은 그냥 시중에서 파는 거랑 큰 차이는 모르겠어요.","000003000000"
"아포가토 아이스크림 양이 적당해서 커피랑 밸런스는 맞네요.","000003000000"
"초코 무스는 아주 달지 않아서 무난하게 먹었습니다.","000003000000"
"디저트는 이 근처 카페들이랑 비슷한 수준이에요.","000003000000"
"그릭 요거트 토핑을 마음대로 추가할 수 있는 시스템입니다.","000003000000"
"디저트 맛은 그냥 평범한 수준인 것 같아요.","000003000000"
"특별한 맛은 아니지만 비주얼이 좋아서 사진 찍기 괜찮네요.","000003000000"
"스콘이 적당히 부드러워서 먹을 만 합니다.","000003000000"
"디저트들이 대체적으로 1인용이라 양이 많지는 않아요.","000003000000"
"셔벗은 식후에 입가심용으로 먹기에 나쁘지 않은 선택입니다.","000003000000"
"카이막 세트에는 빵이 기본으로 포함되어 나옵니다.","000003000000"
"디저트 종류가 매일 조금씩 달라지는 것 같네요.","000003000000"
"아이스크림 위에 토핑이 조금 올라가 있어 씹는 맛이 있네요.","000003000000"
"요거트 베이스 맛이 깔끔해서 호불호가 없을 것 같아요.","000003000000"
"푸딩 용기가 귀여워서 다 먹고 가져가고 싶더라고요.","000003000000"
"디저트 메뉴 설명이 메뉴판에 자세히 적혀 있어 좋네요.","000003000000"
"그냥 흔히 아는 그런 젤라또의 쫀득한 맛입니다.","000003000000"
"과일 젤리는 아이들이 좋아할 것 같은 달콤한 맛이에요.","000003000000"
"수플레 팬케이크는 만드는 데 시간이 좀 걸린다고 하니 참고하세요.","000003000000"
"디저트들이 너무 화려하지는 않지만 깔끔하게 나옵니다.","000003000000"
"초코 무스에 견과류가 조금 섞여 있는 일반적인 형태입니다.","000003000000"
"딱 예상 가능한 범위 내의 디저트 퀄리티입니다.","000003000000"
"망고 빙수에 생망고가 통째로 올라가서 당도가 어마어마합니다.","000010000000"
"수박 화채에 들어간 수박이 엄청 달고 아삭아삭해서 시원해요.","000010000000"
"눈꽃 빙수 얼음이 너무 고와서 입안에서 구름처럼 녹아내려요.","000010000000"
"제철 과일 타르트에 올라간 블루베리가 알이 굵고 아주 싱싱해요.","000010000000"
"여기 팥빙수는 직접 만든 팥이라 그런지 고소함이 남다릅니다.","000010000000"
"과일 도시락 구성이 알차서 피크닉 갈 때 사 가기 딱 좋아요.","000010000000"
"빙수 위에 올라간 하겐다즈 아이스크림이랑 과일 조화가 꿀맛입니다.","000010000000"
"복숭아 빙수에 올라간 복숭아 과육이 씹혀서 식감도 좋고 상큼해요.","000010000000"
"멜론 빙수 비주얼이 압도적이라 나오자마자 사진부터 찍었네요.","000010000000"
"과일 요거트 볼이 걸쭉하고 진해서 과일을 아끼지 않은 게 느껴져요.","000010000000"
"딸기 빙수 딸기가 냉동이 아니라 생딸기라 향부터가 다릅니다.","000010000000"
"요거트 빙수에 들어간 그래놀라랑 과일이 정말 잘 어울려요.","000010000000"
"자몽 빙수가 쌉싸름하면서도 연유랑 섞여서 달콤하니 최고입니다.","000010000000"
"과일 생크림이 안 느끼하고 과일이 큼직해서 좋아요.","000010000000"
"빙수 양이 엄청 많아서 셋이 먹어도 충분할 정도였어요.","000010000000"
"샤인머스캣 빙수가 청량감이 대박이고 과일이 정말 달아요.","000010000000"
"빙수 속에도 과일이 층층이 쌓여있어서 끝까지 맛있게 먹었네요.","000010000000"
"과일 요거트 볼에 든 바나나가 딱 알맞게 익어서 부드러워요.","000010000000"
"무화과 디저트는 여기서 처음 먹어봤는데 신선하고 정말 맛나요.","000010000000"
"빙수 얼음 자체가 우유 얼음이라 그냥 먹어도 고소하고 맛있습니다.","000010000000"
"컵과일이라 먹기도 편하고 과일 상태가 정말 깔끔해요.","000010000000"
"청포도 빙수 토핑이 듬뿍 올라가서 비주얼도 맛도 만점입니다.","000010000000"
"과일 샐러드 야채도 싱싱하고 과일 종류가 다양해서 좋았습니다.","000010000000"
"여기 팥빙수 떡이 아주 쫄깃쫄깃해서 식감이 너무 좋아요.","000010000000"
"파인애플 셔벗 빙수가 새콤달콤해서 식후 디저트로 정말 딱이네요.","000010000000"
"빙수 시럽이 과하게 달지 않고 과일 본연의 맛을 잘 살려줘요.","000010000000"
"사과를 깎아주실 때 토끼 모양으로 예쁘게 나와서 더 맛있네요.","000010000000"
"베리 빙수에 블루베리, 라즈베리가 가득해서 상큼함이 터지네요.","000010000000"
"과일 플레이팅이 너무 예뻐서 먹기 전부터 기분이 좋아집니다.","000010000000"
"여름엔 역시 이 집 빙수죠! 올 때마다 변함없이 맛있네요.","000010000000"
"망고 빙수라고 시켰는데 망고가 너무 시고 딱딱해서 실망했어요.","000020000000"
"수박이 물을 너무 많이 먹었는지 밍밍하고 아무 맛도 안 나요.","000020000000"
"빙수 얼음이 너무 거칠어서 입안이 까칠해지는 느낌이었습니다.","000020000000"
"과일 타르트 과일 표면이 말라있어서 신선도가 한참 떨어져 보여요.","000020000000"
"팥빙수 팥이 너무 달아서 한 입 먹자마자 혀가 얼얼할 정도네요.","000020000000"
"과일 컵 가격은 비싼데 양이 너무 적어서 몇 개 집어먹으니 끝이에요.","000020000000"
"빙수 위에 올라간 과일이 냉동이라 이가 시리고 아무 맛도 안 나요.","000020000000"
"자몽 빙수가 너무 써서 도저히 못 먹겠더라고요. 연유도 부족해요.","000020000000"
"빙수 그릇이 너무 작아서 과일 토핑이 자꾸 밖으로 다 흘러넘쳐요.","000020000000"
"냉동 과일이 덜 녹았는지 얼음 덩어리가 계속 씹혀서 별로였습니다.","000020000000"
"딸기 빙수에 딸기 시럽 맛이 너무 인위적이고 저렴한 맛이 나요.","000020000000"
"요거트 빙수가 너무 시큼해서 제 입맛에는 정말 안 맞았습니다.","000020000000"
"빙수 먹는데 과일 씨가 계속 걸려서 먹기가 너무 불편했네요.","000020000000"
"과일 샌드위치 빵이 눅눅해져서 축 처진 식감이 아주 안 좋았어요.","000020000000"
"빙수 양이 메뉴판 사진보다 현저히 적어서 사기당한 기분입니다.","000020000000"
"과일들이 전체적으로 안 익었는지 너무 딱딱하고 떫은맛이 나네요.","000020000000"
"빙수 속에는 얼음만 가득하고 토핑은 겉에만 살짝 발려있네요.","000020000000"
"과일 요거트에 과일이 너무 조금 들어있어서 실망스러웠습니다.","000020000000"
"빙수 시럽이 너무 많이 뿌려져 있어서 너무 끈적거리고 달아요.","000020000000"
"팥빙수 떡이 딱딱하게 굳어있어서 씹기가 너무 힘들었습니다.","000020000000"
"컵과일이라고 하더니 미리 썰어둔 지 오래된 것처럼 말라있어요.","000020000000"
"과일 샐러드 드레싱이 너무 과해서 과일 맛이 하나도 안 느껴져요.","000020000000"
"빙수가 너무 빨리 녹아서 나중에는 그냥 과일 국이 되어버렸네요.","000020000000"
"과일에서 이상한 약품 냄새 같은 게 나서 다 남기고 왔습니다.","000020000000"
"파인애플이 너무 셔서 입천장이 까질 정도였습니다. 선별이 안 된 듯.","000020000000"
"과일 플레이팅이 사진이랑 너무 다르고 대충 담아준 느낌이에요.","000020000000"
"빙수 먹는데 머리카락이 나와서 비위 상하고 기분 다 망쳤습니다.","000020000000"
"복숭아가 물복도 딱복도 아닌 애매하고 맛없는 맛이라 실망요.","000020000000"
"얼음에서 수돗물 냄새가 나는 것 같아서 빙수 맛이 다 죽네요.","000020000000"
"맛은 동네 분식집 빙수만도 못해요.","000020000000"
"망고 빙수 양은 적당하고 맛도 상상하는 딱 그 맛입니다.","000030000000"
"수박 화채는 시원하게 먹기 좋은 무난한 퀄리티예요.","000030000000"
"빙수 얼음 입자가 아주 곱지도 거칠지도 않은 보통 수준입니다.","000030000000"
"과일 타르트 종류는 몇 가지 있는데 가격대는 좀 있는 편이에요.","000030000000"
"팥빙수에 팥이랑 콩가루가 들어간 기본적인 옛날 빙수 스타일입니다.","000030000000"
"과일 컷팅 주문하면 바로 썰어주긴 하는데 시간은 좀 걸리네요.","000030000000"
"빙수 위에 아이스크림 한 스쿱이 올라가서 시원하게 먹었습니다.","000030000000"
"디저트에 생과일이 조금 들어있긴 한데 데코용에 가까워요.","000030000000"
"빙수 1인용 메뉴도 따로 있어서 혼자 가서 먹기 괜찮네요.","000030000000"
"과일 당도는 조절이 불가능하니 자연 그대로의 맛이라고 보면 돼요.","000030000000"
"딸기 빙수 철이 아니라 그런지 딸기가 좀 시긴 하네요.","000030000000"
"빙수 종류가 대여섯 가지 정도라 취향껏 고르기 좋습니다.","000030000000"
"과일 도시락은 미리 예약해야 살 수 있는 것 같아요.","000030000000"
"빙수 얼음이 빨리 녹는 편이라 나오자마자 빨리 드셔야 해요.","000030000000"
"과일 샌드위치는 하루 한정 수량으로 판매한다고 합니다.","000030000000"
"과일들의 당도는 복불복인 것 같지만 대체로 먹을만합니다.","000030000000"
"빙수 토핑 추가 옵션이 있으면 더 좋을 것 같은 느낌입니다.","000030000000"
"과일 요거트는 아이들이 간식으로 먹기에 적당한 크기네요.","000030000000"
"무화과는 제철에만 판매하는 시즌 한정 메뉴라고 하네요.","000030000000"
"빙수 그릇이 유리가 아니라 플라스틱이라 좀 아쉽긴 합니다.","000030000000"
"생과일 플레이트는 얼음 없이 과일로만 가득 채워져서 나옵니다.","000030000000"
"청포도 빙수 알맹이가 껍질째 들어가니 참고해서 드세요.","000030000000"
"과일 샐러드는 드레싱을 따로 달라고 요청할 수 있습니다.","000030000000"
"팥빙수 떡은 추가 할 수 있어요.","000030000000"
"과일 비율이 아주 높지는 않지만 가격 대비 먹을만은 합니다.","000030000000"
"빙수 비주얼은 평범한데 양이 꽤 많아요.","000030000000"
"사과는 갈변되지 않게 설탕물 처리가 되어 나오는 것 같아요.","000030000000"
"과일 모둠 접시는 구성 과일이 매일 조금씩 바뀐다고 해요.","000030000000"
"빙수 시럽 양을 적게 해달라고 부탁드렸더니 딱 좋았습니다.","000030000000"
"과일 빙수 전문점이라기보다는 카페 메뉴 중 하나인 느낌이에요.","000030000000"
"인테리어가 너무 예쁘고 화사해서 어디서 찍어도 인생샷 나오네요.","000000010000"
"테라스 뷰가 탁 트여 있어서 앉아만 있어도 힐링 되는 기분입니다.","000000010000"
"조명이 은은하고 아늑해서 소개팅하기에도 딱 좋은 분위기예요.","000000010000"
"매장 곳곳에 소품들이 감각적이라 사장님의 센스가 느껴집니다.","000000010000"
"층고가 높아서 개방감이 있고 답답하지 않아 오래 머물고 싶어요.","000000010000"
"모던하고 깔끔한 화이트톤 인테리어가 완전 제 스타일입니다.","000000010000"
"카페에서 나오는 음악 선곡이 너무 좋아서 분위기가 한층 더 사네요.","000000010000"
"빈티지한 가구들과 따뜻한 우드톤 인테리어가 마음을 편안하게 해요.","000000010000"
"통창으로 들어오는 햇살이 너무 예뻐서 채광 맛집으로 인정합니다.","000000010000"
"정원이 있는 카페라 도심 속에서 자연을 느끼기에 최고였습니다.","000000010000"
"갤러리 같은 분위기라 구경하는 재미도 있고 아주 고급스럽네요.","000000010000"
"야경이 정말 멋진 곳이라 저녁에 데이트 코스로 강력 추천해요.","000000010000"
"플랜테리어가 잘 되어 있어서 공기도 맑은 것 같고 눈이 편안해요.","000000010000"
"힙한 감성이 가득해서 MZ세대들이 정말 좋아할 만한 공간입니다.","000000010000"
"조용하고 차분한 분위기라 혼자 책 읽거나 작업하기 너무 좋네요.","000000010000"
"한옥을 개조한 카페라 고즈넉하고 운치가 있어 부모님도 좋아하셔요.","000000010000"
"테이블 간격이 넓어서 프라이빗하게 대화 나누기 아주 좋습니다.","000000010000"
"크리스마스 장식을 너무 예쁘게 해놓으셔서 연말 분위기 제대로네요.","000000010000"
"유럽 노천카페 같은 이국적인 분위기라 여행 온 기분이 들어요.","000000010000"
"화장실 인테리어까지 신경 쓴 게 보여서 정말 깔끔하고 예뻐요.","000000010000"
"루프탑에서 내려다보는 도시 전망이 정말 환상적이었습니다.","000000010000"
"미니멀한 인테리어가 주는 절제된 아름다움이 매력적인 곳입니다.","000000010000"
"곳곳이 포토존이라 친구들이랑 사진 찍느라 시간 가는 줄 몰랐네요.","000000010000"
"아기자기하고 귀여운 소품들이 많아서 소품샵 구경 온 것 같아요.","000000010000"
"비 오는 날 창가 자리에 앉아 있으면 운치가 정말 대박입니다.","000000010000"
"가구 배치가 센스 있고 공간 활용을 정말 잘하신 것 같아요.","000000010000"
"전체적으로 색감이 조화로워서 마음이 편안해지는 공간이에요.","000000010000"
"트렌디한 인테리어 소품들이 많아서 인스타 감성 뿜뿜합니다.","000000010000"
"카페 이름이랑 인테리어 컨셉이 너무 잘 어울려서 인상적이에요.","000000010000"
"고급 호텔 라운지 같은 분위기라 기분 전환하기 딱 좋습니다.","000000010000"
"인테리어가 너무 조잡하고 정신없어서 오래 앉아있기 힘들어요.","000000020000"
"뷰 맛집이라더니 앞에 공사장이 훤히 보여서 기분만 잡쳤네요.","000000020000"
"조명이 너무 어두워서 메뉴판 글씨도 안 보일 정도라 불편했어요.","000000020000"
"소품들에 먼지가 뽀얗게 쌓여있어서 관리가 안 되는 것 같아 찝찝해요.","000000020000"
"매장이 너무 좁고 다닥다닥 붙어 있어서 시장통 같은 분위기입니다.","000000020000"
"인테리어가 너무 낡아서 감성이라기보다 그냥 허름한 느낌이에요.","000000020000"
"음악 소리가 너무 커서 일행이랑 대화하는 게 불가능할 정도예요.","000000020000"
"차가운 공사 현장 같은 인테리어라 전혀 아늑하지 않고 추워 보여요.","000000020000"
"채광이 너무 강해서 눈이 부신데 블라인드도 없어서 너무 뜨거웠어요.","000000020000"
"컨셉이 뭔지 모르겠어요. 이것저것 섞여 있어서 난잡한 느낌입니다.","000000020000"
"갤러리 분위기는커녕 그냥 창고 같은 느낌이라 당황스러웠네요.","000000020000"
"야경 볼 수 있는 창가 자리가 너무 적어서 앉기가 하늘의 별 따기예요.","000000020000"
"화분이 다 시들어 죽어있어서 보기 안 좋고 분위기가 칙칙해요.","000000020000"
"억지로 인스타 감성 낸 느낌이라 불편하고 가구들도 너무 딱딱해요.","000000020000"
"너무 조용해서 숨소리도 다 들릴 정도라 대화하기 눈치 보입니다.","000000020000"
"한옥 느낌이라기엔 너무 현대적으로 바꿔서 이도 저도 아닌 느낌.","000000020000"
"테이블 간격이 너무 좁아서 옆 테이블 대화 소리가 다 들려요.","000000020000"
"연말 장식이 너무 성의 없어서 분위기도 안 살고 실망스러웠습니다.","000000020000"
"사진이랑 실제 매장 분위기가 너무 달라서 낚인 기분이 들었어요.","000000020000"
"화장실 냄새가 매장까지 퍼져서 분위기를 다 망쳐버렸네요.","000000020000"
"루프탑 관리가 전혀 안 돼서 쓰레기가 굴러다니고 지저분합니다.","000000020000"
"미니멀을 넘어 텅 비어있는 느낌이라 삭막하고 썰렁했어요.","000000020000"
"포토존이라고 만들어놓은 곳이 너무 촌스러워서 사진 안 찍었어요.","000000020000"
"소품들이 너무 많아서 자리가 좁고 물건 떨어뜨릴까 봐 조마조마해요.","000000020000"
"지하라서 그런지 환기가 안 돼서 공기가 탁하고 곰팡이 냄새나요.","000000020000"
"가구들이 너무 낡아서 삐걱거리고 앉아있기 불안했습니다.","000000020000"
"벽지 색깔이 너무 튀어서 눈이 피로하고 정신 사나웠습니다.","000000020000"
"유행이 지난 인테리어라 감각 있다는 느낌은 전혀 못 받았어요.","000000020000"
"이름값 못하는 분위기예요. 그냥 평범한 동네 카페 수준입니다.","000000020000"
"분위기만 잡고 정작 청소는 안 하는지 바닥에 부스러기가 가득해요.","000000020000"
"인테리어는 깔끔하고 무난해서 그냥 편하게 머물다 가기 좋습니다.","000000030000"
"뷰가 아주 좋은 건 아니지만 그냥 길거리 구경하는 재미는 있어요.","000000030000"
"조명 밝기는 적당해서 독서하거나 대화하기에 무난한 정도입니다.","000000030000"
"소품들이 몇 가지 놓여있긴 한데 특별히 눈에 띄지는 않네요.","000000030000"
"매장 규모는 아담한 편이고 테이블은 네다섯 개 정도 있습니다.","000000030000"
"요즘 유행하는 모던한 스타일의 인테리어라 익숙한 느낌입니다.","000000030000"
"음악은 잔잔한 팝송 위주로 나와서 거슬리지 않고 무난해요.","000000030000"
"우드 가구를 많이 써서 전체적으로 따뜻한 느낌을 줍니다.","000000030000"
"햇살이 잘 들어오는 편이라 낮에 가면 밝은 분위기입니다.","000000030000"
"식물들이 곳곳에 배치되어 있어서 평범한 매장에 생기를 주네요.","000000030000"
"갤러리 컨셉인 것 같은데 작품이 아주 많지는 않아요.","000000030000"
"저녁에는 낮이랑 분위기가 조금 달라서 색다른 느낌은 있네요.","000000030000"
"매장이 전반적으로 화이트 앤 블랙이라 깔끔해 보이긴 합니다.","000000030000"
"힙한 느낌을 주려고 노력한 것 같은데 대중적인 분위기예요.","000000030000"
"분위기는 그냥 일반적인 카페라 특별히 기억에 남지는 않네요.","000000030000"
"한옥 스타일 외관인데 내부는 현대적인 카페 디자인입니다.","000000030000"
"테이블 간격은 좁지도 넓지도 않은 딱 적당한 수준입니다.","000000030000"
"계절에 맞춰서 소소하게 장식을 바꿔가며 운영하시는 듯해요.","000000030000"
"사진 찍기 좋게 꾸며놓은 공간이 한두 군데 정도 마련되어 있네요.","000000030000"
"화장실은 매장 내부에 있어서 이용하기 편리한 위치입니다.","000000030000"
"루프탑은 날씨 좋을 때만 개방하는 것 같으니 확인해 보세요.","000000030000"
"미니멀한 컨셉이라 공간이 아주 널찍해 보이는 특징이 있습니다.","000000030000"
"배경이 단순해서 인물 사진 찍기에는 괜찮은 환경인 것 같아요.","000000030000"
"소품들 판매도 같이 하시는지 가격표가 붙어 있는 것도 있네요.","000000030000"
"창가 자리는 인기가 많을만 하네요 너무 이뻐요.","000000030000"
"가구들은 주로 이케아 제품인 것 같고 심플하고 무난해요.","000000030000"
"전체적인 색감이 차분해서 마음 가라앉히기 나쁘지 않네요.","000000030000"
"인스타에서 유명하다고 해서 기대했는데 그만큼은 아니에요.","000000030000"
"카페 컨셉이 계절마다 조금씩 리뉴얼된다고 하더라고요.","000000030000"
"화려하진 않지만 정감 가는 동네 카페 분위기라고 보시면 됩니다.","000000030000"
"주차 공간이 아주 넓어서 초보 운전인데도 편하게 주차했어요.","000000100000"
"화장실이 매장 안에 있고 너무 깨끗해서 이용할 때 쾌적했습니다.","000000100000"
"테이블마다 콘센트가 있어서 노트북 작업하기 정말 최적의 장소예요.","000000100000"
"와이파이가 엄청 빨라서 끊김 없이 업무 볼 수 있어 좋았습니다.","000000100000"
"아기 의자가 넉넉하게 준비되어 있어 아이랑 오기 너무 편하네요.","000000100000"
"반려동물 동반이 가능해서 강아지랑 같이 쉴 수 있어 행복해요.","000000100000"
"매장에 엘리베이터가 있어서 유모차 가지고 이동하기 수월했습니다.","000000100000"
"담요랑 방석이 따로 구비되어 있는 사장님의 배려가 돋보이네요.","000000100000"
"단체석이 잘 마련되어 있어서 동호회 모임 하기 딱 좋은 곳입니다.","000000100000"
"키오스크 주문 시스템이 직관적이라 어르신들도 쓰기 편할 듯요.","000000100000"
"핸드폰 충전 서비스가 있어서 배터리 없을 때 정말 유용했습니다.","000000100000"
"공기청정기가 계속 돌아가서 그런지 실내 공기가 아주 상쾌해요.","000000100000"
"야외 테라스에 애견 배변 봉투까지 비치된 세심함에 감동했어요.","000000100000"
"남녀 화장실이 확실히 분리되어 있어서 안심하고 사용했습니다.","000000100000"
"테이블 높이가 적당해서 오래 앉아 있어도 허리가 안 아프네요.","000000100000"
"입구에 경사로가 설치되어 있어 휠체어 접근성이 아주 좋습니다.","000000100000"
"카페 내부에 세면대가 따로 있어서 손 씻기 정말 편리했습니다.","000000100000"
"가방을 놓을 수 있는 바구니가 자리마다 있어 짐 보관이 쉬워요.","000000100000"
"조명이 너무 밝지 않고 눈이 편안한 조도라 장시간 머물기 좋네요.","000000100000"
"흡연 구역이 멀리 떨어져 있어서 담배 냄새가 전혀 안 들어와요.","000000100000"
"주차 안내해주시는 분이 계셔서 복잡한 시간에도 질서가 있네요.","000000100000"
"매장 층고가 높고 환기가 잘 돼서 답답한 느낌이 전혀 없습니다.","000000100000"
"픽업대랑 반납대가 명확히 구분되어 동선이 꼬이지 않아 좋네요.","000000100000"
"주문 번호를 모니터로 크게 띄워주셔서 놓치지 않고 확인했어요.","000000100000"
"매장 온도가 아주 적절해서 덥지도 춥지도 않게 잘 쉬었습니다.","000000100000"
"물 셀프 바에 얼음물과 따뜻한 물이 둘 다 있어 센스 만점입니다.","000000100000"
"의자가 소파 위주라 정말 푹신하고 편안해서 엉덩이가 안 아파요.","000000100000"
"전용 주차장에서 매장으로 이어지는 통로가 비 안 맞게 되어있네요.","000000100000"
"영수증 리뷰 이벤트 안내가 잘 되어 있어 참여하기 편했습니다.","000000100000"
"스피커 음질이 좋아서 노래 소리가 귀에 꽂히는 느낌이 일품입니다.","000000100000"
"주차 공간이 너무 협좁해서 차 댈 곳 찾다가 진 다 뺐습니다.","000000200000"
"화장실 청소 상태가 너무 엉망이고 냄새나서 이용하기 싫었어요.","000000200000"
"콘센트가 거의 없어서 노트북 들고 갔다가 그냥 돌아왔습니다.","000000200000"
"와이파이 비번이 복잡한데 잘 연결도 안 되고 계속 끊기네요.","000000200000"
"노키즈존도 아닌데 아기 의자가 하나도 없어서 당황스러웠네요.","000000200000"
"반려동물 가능이라더니 막상 가니 야외만 된다고 해서 기분 상함.","000000200000"
"2층인데 계단만 있고 엘리베이터가 없어서 이동이 너무 힘들어요.","000000200000"
"에어컨을 너무 세게 틀어서 매장이 추울 정도였는데 담요도 없네요.","000000200000"
"단체로 갔는데 테이블 이동도 안 된다고 하고 자리가 너무 좁아요.","000000200000"
"키오스크가 고장 났는데 직원이 직접 주문도 안 받아주네요.","000000200000"
"핸드폰 충전 부탁드렸는데 분실 위험 때문에 안 해준다고 거절당함.","000000200000"
"실내 공기가 너무 탁하고 환기가 안 되는지 머리가 아팠습니다.","000000200000"
"반려동물 배설물이 방치되어 있는데 치우는 사람도 없고 지저분함.","000000200000"
"남녀 공용 화장실이라 사용하기 너무 민망하고 불편했습니다.","000000200000"
"의자가 너무 높고 테이블은 낮아서 허리가 끊어질 것 같아요.","000000200000"
"입구에 턱이 높아서 유모차나 휠체어 들어오기 불가능합니다.","000000200000"
"세면대 물이 잘 안 내려가고 주변에 물바다라 쓰기 찝찝했어요.","000000200000"
"가방이나 옷을 둘 곳이 마땅치 않아 무릎 위에 두고 마셨네요.","000000200000"
"조명이 너무 침침해서 책은커녕 앞사람 얼굴도 잘 안 보여요.","000000200000"
"흡연실 문이 열려있어서 매장 안까지 담배 냄새가 진동합니다.","000000200000"
"주차장 들어가는 입구가 너무 좁아서 차 긁을까 봐 조마조마함.","000000200000"
"매장 소음이 너무 울리는 구조라 옆 사람 말소리도 안 들려요.","000000200000"
"픽업대랑 반납대가 한데 섞여 있어서 사람끼리 계속 부딪히네요.","000000200000"
"진동벨이 고장 난 건지 울리지도 않아서 한참 기다렸습니다.","000000200000"
"겨울인데 실내가 너무 추워서 코트 입고 커피 마셨습니다.","000000200000"
"물통에 물이 비어있는데 채워달라고 해도 한참 걸리네요.","000000200000"
"의자가 나무 의자라 너무 딱딱해서 오래 앉아있기 고역입니다.","000000200000"
"비 오는 날 천장에서 물이 한 방울씩 떨어져서 자리를 옮겼네요.","000000200000"
"영수증 리뷰 쓰고 보여줬는데 기간 지났다고 혜택 안 주네요.","000000200000"
"스피커 소리가 너무 찢어지는 소리가 나서 귀가 피곤했습니다.","000000200000"
"주차장은 건물 뒤편에 있고 이용 시간제한이 있으니 참고하세요.","000000300000"
"화장실은 건물 공용 화장실을 써야 해서 키를 챙겨가야 합니다.","000000300000"
"콘센트 자리는 몇 군데 정해져 있어서 미리 확인하고 앉으세요.","000000300000"
"와이파이 비밀번호는 영수증 하단이나 픽업대에 적혀 있습니다.","000000300000"
"아기 의자는 두 개 정도 비치되어 있는 걸 봤습니다.","000000300000"
"반려동물 동반 시에는 케이지나 가방이 필수라고 하네요.","000000300000"
"매장은 1층 단층 구조라 계단을 이용할 필요는 없습니다.","000000300000"
"에어컨 바람이 직접 오는 자리가 있으니 예민하면 피하세요.","000000300000"
"단체석 예약은 전화로 미리 문의해야 이용 가능하다고 합니다.","000000300000"
"주문은 키오스크로만 받고 현금 결제는 카운터에서 가능해요.","000000300000"
"충전기는 따로 빌려주지 않고 콘센트만 사용 가능합니다.","000000300000"
"매장 문을 열어두는 편이라 외부 기온 영향을 좀 받네요.","000000300000"
"야외 좌석 이용 시에는 일회용 컵으로만 제공된다고 합니다.","000000300000"
"화장실 입구에 가림막이 설치되어 있어 안쪽이 보이진 않아요.","000000300000"
"테이블 크기가 작아서 여러 개 시키면 자리가 꽉 찰 듯해요.","000000300000"
"입구에 문턱이 낮게 하나 있으니 발 밑 조심해서 들어오세요.","000000300000"
"세면대 옆에 종이 타월이 비치되어 있어 손 닦기 무난합니다.","000000300000"
"입구 쪽에 외투를 걸 수 있는 행거가 하나 마련되어 있어요.","000000300000"
"조명은 주광색이라 전반적으로 밝고 환한 분위기입니다.","000000300000"
"흡연 구역은 건물 외부 지정된 장소를 이용해야 합니다.","000000300000"
"주차 등록은 나갈 때 직원분께 차량 번호를 말씀드려야 해요.","000000300000"
"매장이 넓어서 소음이 좀 있는 편이지만 활기찬 느낌입니다.","000000300000"
"다 드신 컵은 카운터 옆 반납대에 직접 가져다 두시면 됩니다.","000000300000"
"메뉴가 준비되면 진동벨로 알려주시니 진동벨 꼭 챙기세요.","000000300000"
"담요가 필요하면 직원분께 요청 시 제공해 주신다고 하네요.","000000300000"
"셀프 바에는 물, 종이컵, 시럽, 빨대가 구비되어 있습니다.","000000300000"
"의자는 대부분 등받이가 없는 스타일이라 참고하시면 좋겠네요.","000000300000"
"비 오는 날엔 입구에 우산꽂이와 비닐이 비치됩니다.","000000300000"
"리뷰 이벤트 참여 시 쿠키 하나를 증정해주고 있습니다.","000000300000"
"배경 음악은 가요랑 팝이 섞여서 평범하게 흘러나옵니다.","000000300000"
"사장님이 너무 밝게 웃으며 인사해 주셔서 들어갈 때부터 기분이 좋네요.","000000001000"
"메뉴 추천을 요청드렸는데 취향에 맞춰 친절하게 설명해 주셨어요.","000000001000"
"커피를 쏟았는데 괜찮다며 먼저 닦아주시고 다시 만들어주셔서 감동!","000000001000"
"직원분들이 다들 손이 빠르셔서 주문이 밀렸는데도 금방 나왔네요.","000000001000"
"단골이라고 쿠키를 서비스로 주셔서 정말 감사히 잘 먹었습니다.","000000001000"
"아이를 위해 우유를 조금 데워주시는 세심한 배려에 너무 감사했어요.","000000001000"
"나갈 때 문까지 열어주시며 인사해 주시는 모습이 인상적이었습니다.","000000001000"
"질문이 많았는데도 귀찮은 내색 없이 끝까지 친절하게 답변해 주심.","000000001000"
"바쁜 시간대인데도 직원분들이 평정심을 잃지 않고 친절하시네요.","000000001000"
"커피 맛이 어떤지 세심하게 물어봐 주셔서 대접받는 느낌이었어요.","000000001000"
"컵이나 접시가 정말 깨끗하게 닦여 있어서 위생 관리에 믿음이 가요.","000000001000"
"반려견 물그릇을 먼저 챙겨주시는 센스에 정말 감동받았습니다.","000000001000"
"주문할 때 눈을 맞추며 응대해 주셔서 소통이 잘 되는 기분이었어요.","000000001000"
"실수로 결제를 잘못했는데 바로 확인하고 정중히 사과 후 고쳐주심.","000000001000"
"짐이 많았는데 자리를 넓은 곳으로 안내해 주셔서 편하게 쉬었습니다.","000000001000"
"비 오는 날 우산을 털 수 있게 먼저 도와주시는 모습이 친절했어요.","000000001000"
"메뉴판에 없는 조합도 가능하냐고 물으니 흔쾌히 해주셔서 좋았네요.","000000001000"
"직원분들의 유니폼이 깔끔하고 매장 이미지랑 너무 잘 어울려요.","000000001000"
"생일이라고 말씀드렸더니 조그만 초를 서비스로 꽂아주셨어요.","000000001000"
"다 먹은 쟁반을 직접 치워주시겠다고 하셔서 편하게 나왔습니다.","000000001000"
"외국인 친구랑 갔는데 영어로 친절하게 설명해 주셔서 감사했어요.","000000001000"
"커피 원두의 원산지나 특징을 전문성 있게 설명해 주셔서 좋았습니다.","000000001000"
"서비스 마인드가 정말 훌륭해서 다시 방문하고 싶은 곳 1순위예요.","000000001000"
"주문한 메뉴가 조금 늦게 나왔는데 사과와 함께 사이즈 업해주셨어요.","000000001000"
"카페 곳곳을 정성스럽게 닦고 관리하시는 모습이 보기 좋았습니다.","000000001000"
"웃는 얼굴로 응대해 주시니 커피 맛이 두 배로 더 맛있는 것 같아요.","000000001000"
"단체 예약 문의를 드렸는데 아주 꼼꼼하게 체크하고 확정해 주심.","000000001000"
"개인 텀블러 사용했더니 깨끗이 씻어주시고 할인도 해주셨어요.","000000001000"
"직원분이 차례대로 잘 안내해 주셔서 편했어요.","000000001000"
"이곳은 맛도 맛이지만 친절함 때문에라도 계속 오게 될 것 같아요.","000000001000"
"들어가도 인사 한마디 없고 직원들끼리 수다 떨기에 바쁘네요.","000000002000"
"메뉴에 대해 물어봤는데 귀찮다는 듯이 단답형으로 대답해서 무안함.","000000002000"
"커피를 잘못 주셔서 말씀드렸더니 사과도 없이 툭 바꿔주고 가네요.","000000002000"
"손이 너무 느리셔서 아메리카노 한 잔 나오는데 20분 넘게 걸림.","000000002000"
"서비스라고 준 게 유통기한이 지난 건지 눅눅하고 냄새났어요.","000000002000"
"아이가 조금 소리 냈다고 대놓고 눈치 주셔서 마음 편히 못 있었네요.","000000002000"
"나갈 때 뻔히 쳐다보면서도 인사도 안 하는 태도에 실망했습니다.","000000002000"
"질문을 하니 한숨을 푹 쉬며 응대하는데 정말 기분 잡쳤습니다.","000000002000"
"바쁘다고 짜증 섞인 말투로 주문을 받는데 사장님 교육 좀 시키세요.","000000002000"
"맛에 대해 컴플레인 하니까 원래 그런 거라고 쏘아붙이네요.","000000002000"
"컵에 립스틱 자국이 그대로 남아있어서 위생 상태에 경악했습니다.","000000002000"
"반려견 동반 카페인데 강아지가 짖는다고 바로 나가달라고 하네요.","000000002000"
"주문하는데 핸드폰만 보고 손님은 쳐다보지도 않아서 불쾌했어요.","000000002000"
"계산 실수하고도 미안하단 소리 한마디 없어서 어이가 없었네요.","000000002000"
"짐이 많아 자리가 불편한데도 무조건 좁은 자리에만 앉으라고 강요함.","000000002000"
"비가 와서 입구가 미끄러운데 주의 표시 하나 없고 나 몰라라 함.","000000002000"
"메뉴판에 있는 거 시켰더니 안 된다면서 왜 안 되는지 설명도 없음.","000000002000"
"직원분들 복장이 너무 지저분하고 매장 분위기를 깎아먹네요.","000000002000"
"리뷰 이벤트 한다고 써놓고 막상 물어보니 끝났다고 퉁명스럽게 말함.","000000002000"
"다 먹지도 않았는데 그릇을 낚아채듯 치워버려서 당황했습니다.","000000002000"
"외국인이라서 그런지 더 쌀쌀맞게 응대하는 것 같아 보기 안 좋았음.","000000002000"
"원두 설명을 부탁하니 자기도 잘 모른다며 메뉴판 보라고 하네요.","000000002000"
"사장님인지 직원인지 모르겠지만 전반적으로 서비스 교육 꽝임.","000000002000"
"주문 누락해놓고 사과는커녕 지금 만들고 있다며 거짓말까지 하네요.","000000002000"
"카페 테이블이 끈적거려서 닦아달라고 하니 행주를 툭 던져줌.","000000002000"
"인상이 너무 안 좋아서 주문하기가 겁날 정도인 카페는 처음임.","000000002000"
"예약하고 갔는데 예약 확인도 안 되어있고 대처도 너무 미흡함.","000000002000"
"개인 컵 할인된다더니 영수증 보니 할인 안 되어있어 따지니 짜증 냄.","000000002000"
"손님은 기다리는데 자기들끼리 노가리 까느라 주문도 안 받음.","000000002000"
"맛이 아무리 좋아도 이런 서비스라면 다시는 오고 싶지 않습니다.","000000002000"
"직원분들 서비스는 그냥 딱 기본적인 수준으로 친절하지도 무례하지도 않아요.","000000003000"
"주문은 키오스크로 해서 직원과 대면할 일이 거의 없었습니다.","000000003000"
"메뉴 설명은 따로 없지만 메뉴판에 상세히 적혀 있어 무난합니다.","000000003000"
"사람이 많아서 그런지 응대가 아주 빠르지는 않았지만 기다릴 만했어요.","000000003000"
"서비스 쿠키는 없지만 커피 가격이 저렴한 편이라 납득이 갑니다.","000000003000"
"아이랑 갔는데 특별한 배려는 없었지만 제재도 없어서 무난했어요.","000000003000"
"나갈 때 인사는 형식적으로 해주시는 편인 것 같습니다.","000000003000"
"궁금한 거 물어보면 대답은 잘 해주시는데 로봇 같은 느낌은 있네요.","000000003000"
"바쁜 시간에는 직원이 부족해 보이지만 다들 열심히는 하시네요.","000000003000"
"커피 맛 피드백을 따로 받지는 않지만 물어보면 친절히 답해줌.","000000003000"
"컵이랑 식기는 적당히 청결한 편이라 거슬리는 건 없었습니다.","000000003000"
"반려동물 가이드는 벽에 붙어있으니 읽어보시면 됩니다.","000000003000"
"주문할 때 직원분이 바빠 보여서 필요한 말만 딱딱 나눴어요.","000000003000"
"계산 실수 시 바로 잡아주긴 하는데 사과가 아주 정중하진 않아요.","000000003000"
"짐이 많을 땐 구석 자리를 이용하는 게 서로 편할 것 같습니다.","000000003000"
"비 오는 날 입구에 우산 비닐이 준비되어 있어 직접 사용하면 됨.","000000003000"
"메뉴판 외의 요구는 상황에 따라 들어주기도 하고 아니기도 해요.","000000003000"
"직원들 유니폼은 따로 없고 깔끔한 사복 차림으로 일하시네요.","000000003000"
"생일 파티는 금지되어 있으니 초만 켜는 정도로 만족해야 함.","000000003000"
"다 드신 그릇은 지정된 곳에 직접 반납하는 시스템입니다.","000000003000"
"외국어 응대가 가능한지는 잘 모르겠으나 메뉴판에 영어 병기됨.","000000003000"
"설명 카드가 같이 나와서 읽어보기 좋았습니다.","000000003000"
"서비스가 아주 훌륭한 건 아니지만 동네 카페 수준으로는 적당함.","000000003000"
"주문이 늦어지면 안내는 해주시는데 별도의 보상은 없어요.","000000003000"
"직원들이 분주하게 청소하지만 그래도 먼지가 약간 보임.","000000003000"
"감정 없는 기계적인 친절함이라 그냥 부담 없이 이용했습니다.","000000003000"
"단체 예약은 노쇼 방지를 위해 예약금을 받는다고 하더라고요.","000000003000"
"텀블러 할인은 300원 정도 되는 것 같으니 챙겨가세요.","000000003000"
"직원들끼리 대화는 나누지만 손님이 오면 바로 응대해 줍니다.","000000003000"
"서비스 때문에 기분 상할 일은 없는 무난한 카페입니다.","000000003000"
"이 정도 퀄리티의 커피를 이 가격에 마실 수 있다니 가성비 최고예요.","000000000100"
"양이 정말 많은데 가격은 저렴해서 학생들도 부담 없이 오기 좋네요.","000000000100"
"디저트 크기가 엄청 큰데 가격은 다른 곳보다 훨씬 싸서 놀랐어요.","000000000100"
"런치 타임에 가면 세트로 저렴하게 먹을 수 있어서 완전 혜자입니다.","000000000100"
"요즘 개인 카페들 너무 비싼데 여기는 가격이 합리적이라 자주 와요.","000000000100"
"아메리카노 리필 서비스가 단돈 천 원이라니 가성비 끝판왕이네요.","000000000100"
"핸드드립 커피인데도 가격이 일반 아메리카노 수준이라 너무 좋아요.","000000000100"
"케이크 한 조각이 거의 식사 대용 급인데 가격은 적당해서 만족함.","000000000100"
"테이크아웃 하면 할인까지 해주셔서 저렴하게 잘 마셨습니다.","000000000100"
"원두 품질이 이렇게 좋은데 이 가격이면 사장님이 남는 게 있을까요?","000000000100"
"샌드위치 속이 꽉 찼는데 5천 원대면 편의점보다 나은 것 같아요.","000000000100"
"포인트 적립률이 높아서 몇 번만 와도 금방 공짜 커피 마시겠어요.","000000000100"
"주변 상권 대비 가격이 제일 저렴해서 모임 하기 딱 좋습니다.","000000000100"
"비주얼은 호텔급인데 가격은 동네 카페라 가심비까지 잡았네요.","000000000100"
"1인 1메뉴 강요도 없고 가격도 착해서 마음 편히 쉬다 갑니다.","000000000100"
"시그니처 메뉴가 다른 곳보다 2천 원은 싼 것 같아 만족스러워요.","000000000100"
"세트 메뉴 구성이 알차고 단품보다 훨씬 저렴해서 추천합니다.","000000000100"
"이 분위기에 이 가격이라니, 데이트 장소로 가성비 최고입니다.","000000000100"
"디카페인 변경 추가 요금이 없어서 정말 양심적인 곳이라 생각해요.","000000000100"
"과일 빙수에 과일이 산더미인데 1만 원대면 정말 저렴한 거죠.","000000000100"
"빵 종류가 3천 원대부터 시작해서 골고루 사 먹기 부담 없어요.","000000000100"
"양이 너무 많아서 둘이서 하나 나눠 먹어도 충분할 정도의 가성비!","000000000100"
"이벤트 기간이라 1+1으로 마셨는데 정말 횡재한 기분이네요.","000000000100"
"커피 맛을 생각하면 이 가격은 오히려 싸게 느껴질 정도입니다.","000000000100"
"학생 할인이 있어서 친구들이랑 저렴하게 잘 이용하고 있어요.","000000000100"
"쿠폰 도장 다 찍어서 무료 음료 마셨는데 기분 너무 좋네요.","000000000100"
"주차 지원도 해주는데 음료 가격도 저렴하니 안 올 이유가 없죠.","000000000100"
"대용량 사이즈인데도 일반 카페 보통 사이즈 가격이라 좋네요.","000000000100"
"원재료 신선한 거 쓰시는데 가격은 거품을 쏙 뺀 느낌입니다.","000000000100"
"정말 오랜만에 돈 아깝지 않은 카페를 발견해서 행복합니다.","000000000100"
"아메리카노 한 잔에 7천 원은 너무 심한 거 아닌가요? 가성비 최악.","000000000200"
"양은 한 입 거리인데 가격은 밥값보다 비싸서 어이가 없네요.","000000000200"
"음식 양은 코딱지만 한데 가격은 사악하기 그지없습니다.","000000000200"
"자리값이라지만 커피 맛도 평범한데 너무 비싸게 받네요.","000000000200"
"테이크아웃이랑 매장 이용 가격이 같은 건 좀 불합리한 듯요.","000000000200"
"디카페인 변경에 1,500원 추가는 너무 선 넘은 거 아닌가요?","000000000200"
"주변 카페들보다 천 원 이상 비싸서 다시는 안 올 것 같아요.","000000000200"
"샌드위치 내용물은 부실한데 가격은 8천 원대라 돈 아까워요.","000000000200"
"포인트 적립도 안 되고 할인 혜택도 전혀 없어서 아쉽습니다.","000000000200"
"원두 품질이 특별하지도 않은데 브랜드 값만 비싸게 받네요.","000000000200"
"과일은 쥐꼬리만큼 넣고 가격은 깡패네요.","000000000200"
"1인 1메뉴는 이해하는데 어린아이까지 포함이라니 너무하네요.","000000000200"
"세트 메뉴라고 해놓고 단품으로 시킬 때랑 가격 차이가 없어요.","000000000200"
"비주얼만 좋지 맛에 비하면 가격이 너무 과하게 책정됐습니다.","000000000200"
"주차비 별도에 음료 가격까지 비싸니 정말 부담스러운 곳임.","000000000200"
"조각 케이크가 거의 1만 원 육박하는데 값어치를 못함.","000000000200"
"양이 너무 적어서 두 잔은 마셔야 기별이 갈 정도인데 비싸요.","000000000200"
"이벤트라고 홍보해서 갔더니 조건이 너무 까다로워 혜택 못 받음.","000000000200"
"리필 안 되는 건 알겠는데 새로 시키는 가격이 너무 부담됨.","000000000200"
"가격 대비 매장 관리가 너무 안 되어 있어서 돈 아까웠습니다.","000000000200"
"이런 빵을 5천 원이나 받다니 양심 없네요.","000000000200"
"컵 사이즈가 작아도 너무 작네요. 얼음 빼면 커피는 반도 안 됨.","000000000200"
"학생 할인이 있다고 써 붙이지나 말지, 대학생만 된다네요.","000000000200"
"쿠폰 도장을 10개나 찍어야 한 잔 무료라니 너무 짜네요.","000000000200"
"발렛비 5천 원에 커피값까지 하면 점심값 두 배는 나옵니다.","000000000200"
"메뉴판 가격이랑 결제 금액이 달라서 물으니 가격 올랐대요.","000000000200"
"물가가 올랐다지만 여기는 좀 지나치게 올린 느낌입니다.","000000000200"
"양이 적으면 맛이라도 있어야 하는데 둘 다 아니라서 화남.","000000000200"
"호텔도 아닌데 서비스 차지 붙는 것 같은 비싼 가격이네요.","000000000200"
"다시 오기엔 가격 장벽이 너무 높아서 오늘이 마지막일 듯.","000000000200"
"가격은 요즘 서울 카페 평균 수준이라 크게 나쁘지 않아요.","000000000300"
"커피 양은 적당하고 가격도 딱 상상하는 그 정도입니다.","000000000300"
"디저트 종류에 따라 가격 편차가 좀 있는 편이니 잘 보세요.","000000000300"
"자릿값 생각하면 수긍이 가는 가격대라고 생각됩니다.","000000000300"
"테이크아웃 할인은 따로 없지만 원래 가격이 무난해요.","000000000300"
"디카페인 변경 시 500원 추가 요금이 붙으니 참고하세요.","000000000300"
"주변 카페들이랑 가격 비교해 보면 다 고만고만합니다.","000000000300"
"샌드위치 가격은 한 끼 식사 비용 정도라고 보시면 돼요.","000000000300"
"포인트 적립은 핸드폰 번호로 간편하게 할 수 있습니다.","000000000300"
"원두 선택에 따라 추가금이 붙는 경우도 있더라고요.","000000000300"
"에이드 가격은 생과일 비중에 따라 적절해 보입니다.","000000000300"
"1인 1음료 주문이 원칙인 매장이니 참고해서 방문하세요.","000000000300"
"세트 메뉴는 특정 시간대에만 주문 가능한 것 같습니다.","000000000300"
"비주얼이 화려한 만큼 가격대도 어느 정도 있는 편이에요.","000000000300"
"주차는 일정 금액 이상 구매 시에만 할인권이 나옵니다.","000000000300"
"조각 케이크 가격은 다른 프랜차이즈랑 비슷한 수준임.","000000000300"
"양이 아주 많지도 적지도 않은 딱 표준 사이즈네요.","000000000300"
"가끔 인스타로 이벤트 공지하시니 확인해 보고 가세요.","000000000300"
"리필은 안 되지만 샷 추가는 저렴하게 가능합니다.","000000000300"
"가격 대비 시설은 그냥 평범한 동네 카페 수준입니다.","000000000300"
"빵은 오후 늦게 가면 마감 할인도 가끔 하는 것 같아요.","000000000300"
"컵 사이즈 선택이 가능해서 취향껏 고르면 될 듯요.","000000000300"
"학생 할인은 학생증 지참 시에만 적용된다고 하네요.","000000000300"
"쿠폰 합산은 안 된다고 하니 한 곳에만 찍으세요.","000000000300"
"발렛 서비스가 필수는 아니라서 선택하시면 됩니다.","000000000300"
"가격 인상 공지가 입구에 붙어 있어서 미리 알았네요.","000000000300"
"물가 상승 반영해서 가격이 조금 변동된 것 같습니다.","000000000300"
"양보다는 질에 집중한 느낌이라 가격이 이해는 가요.","000000000300"
"메뉴판에 가격이 부가세 포함으로 깔끔하게 적혀 있어요.","000000000300"
"가성비 맛집이라기보다 그냥 무난한 카페 가격대예요.","000000000300"
"주말인데도 매장이 넓어서 웨이팅 없이 바로 앉았습니다.","000000000001"
"회전율이 빨라서 대기 줄이 길었는데도 금방 들어갔어요.","000000000001"
"평일 오전에 가니까 조용하고 한적해서 너무 여유롭네요.","000000000001"
"웨이팅 시스템이 잘 되어 있어 카톡으로 알림 주니 편해요.","000000000001"
"매장 안에 대기석이 따로 마련되어 있어 덥지 않게 기다림.","000000000001"
"사람이 많아도 테이블 간격이 넓어 혼잡한 느낌이 안 나요.","000000000001"
"오픈런 했더니 제일 좋은 창가 자리 앉아서 기분 최고예요.","000000000001"
"대기 명단 적어두고 주변 구경하다 오니 시간이 딱 맞네요.","000000000001"
"직원분들이 자리를 빠르게 정리해 주셔서 금방 앉았습니다.","000000000001"
"이른 저녁에 방문하니 손님이 별로 없어 전세 낸 기분임.","000000000001"
"단체석이 비어있어 예약 없이도 단체로 바로 들어갔어요.","000000000001"
"주차장 혼잡도가 낮아서 주차부터 입장까지 일사천리네요.","000000000001"
"피크 타임 지나서 가니 웨이팅도 없고 조용해서 딱 좋음.","000000000001"
"사람이 없어서 조용하고 쾌적하네요.","000000000001"
"웨이팅 하는 동안 마실 수 있는 물이 비치된 센스 굿!","000000000001"
"생각보다 사람이 안 붐벼서 친구들이랑 대화하기 좋았어요.","000000000001"
"비 오는 날이라 그런지 손님이 적어서 조용히 쉬다 왔네요.","000000000001"
"테이크아웃 손님이 많아서 매장 안은 의외로 한산합니다.","000000000001"
"웨이팅 30분 예상했는데 10분 만에 불러주셔서 기뻤어요.","000000000001"
"평일엔 예약이 가능해서 대기 없이 바로 이용했습니다.","000000000001"
"매장 규모가 커서 그런지 단체 손님이 와도 여유 있네요.","000000000001"
"혼자 앉는 자리가 많아서 눈치 안 보고 오래 머물렀어요.","000000000001"
"입장 순서가 다가오면 미리 전화 주시는 친절함에 감동.","000000000001"
"매장 입구가 넓어서 대기 인원이 많아도 복잡하지 않음.","000000000001"
"구석 자리가 비어있어 조용하게 작업하기 아주 좋았습니다.","000000000001"
"회전율을 위해 직원분들이 일사불란하게 움직이시네요.","000000000001"
"핫플치고는 웨이팅이 길지 않아서 충분히 올만합니다.","000000000001"
"대기 번호표가 번호순으로 명확해서 새치기 걱정 없어요.","000000000001"
"손님이 계속 들어오는데도 매장 관리가 잘 되어 쾌적함.","000000000001"
"밤 늦게 방문하니 분위기도 좋고 한산해서 만족했어요.","000000000001"
"주말에 갔더니 웨이팅만 2시간... 기다리다 지쳐 돌아감.","000000000002"
"매장이 너무 좁고 사람이 꽉 차서 숨이 막힐 지경입니다.","000000000002"
"평일 낮인데도 사람이 왜 이렇게 많은지... 너무 시끄러워요.","000000000002"
"웨이팅 시스템도 없고 그냥 줄 서서 기다려야 해서 힘들었음.","000000000002"
"대기 공간이 밖이라 뙤약볕 아래서 기다리는데 쓰러질 뻔.","000000000002"
"테이블 간격이 너무 좁아서 옆 사람 숨소리까지 들릴 정도임.","000000000002"
"오픈 전부터 줄이 길어서 결국 못 들어가고 포기했습니다.","000000000002"
"대기 명단 적었는데 제 순서 건너뛰고 다른 사람 먼저 들여보냄.","000000000002"
"직원분들이 자리 정리를 안 해주셔서 빈자리 있는데도 못 앉음.","000000000002"
"사람이 너무 많아서 시장통이 따로 없네요. 대화가 안 됨.","000000000002"
"단체석 하나뿐이라 단체로 가면 무조건 한 시간 대기네요.","000000000002"
"주차장부터 만차라 들어가지도 못하고 밖에서 뱅뱅 돌았음.","000000000002"
"브레이크 타임 직전에 갔더니 웨이팅 마감이라고 쫓겨남.","000000000002"
"2층까지 꽉 차서 발 디딜 틈도 없고 정신이 하나도 없어요.","000000000002"
"웨이팅 하는 사람들 눈치 보여서 커피를 코로 마시는 기분.","000000000002"
"생각보다 회전율이 너무 안 좋아서 3팀 빠지는데 한 시간 걸림.","000000000002"
"눈치 게임 실패했네요. 사람이 너무 많아서 기 다 빨렸어요.","000000000002"
"테이크아웃 줄이랑 매장 줄이 섞여서 난장판이었습니다.","000000000002"
"웨이팅 번호 불러줄 때 소리가 너무 작아서 놓치기 쉬워요.","000000000002"
"예약 불가라 무조건 현장 대기해야 하는 게 너무 불편함.","000000000002"
"매장 규모에 비해 손님이 너무 많아 에어컨을 틀어도 더워요.","000000000002"
"혼자 왔다고 좁은 구석 자리로 몰아넣는데 기분 별로였음.","000000000002"
"입장 독촉 전화를 계속해서 커피 마시다 체할 뻔했습니다.","000000000002"
"입구에 대기 인원이 가득해서 들어오고 나가는 게 전쟁임.","000000000002"
"조용한 카페인 줄 알았는데 혼잡도가 거의 도심 광장급임.","000000000002"
"직원들이 너무 바빠서 그런지 자리 청소가 제대로 안 됨.","000000000002"
"핫플이라 그런지 사람 구경만 실컷 하고 온 느낌입니다.","000000000002"
"대기 줄 관리가 안 돼서 새치기하는 사람 때문에 싸울 뻔.","000000000002"
"손님이 너무 많아 메뉴 나오기까지도 한참 걸리더라고요.","000000000002"
"분위기 즐기러 왔다가 사람에 치여서 금방 나왔습니다.","000000000002"
"주말 낮에는 어느 정도 웨이팅 감수하고 가셔야 할 듯요.","000000000003"
"회전율은 일반적인 카페 수준이라 적당히 기다릴 만합니다.","000000000003"
"평일에는 한적한데 주말에는 사람이 확 몰리는 편이에요.","000000000003"
"웨이팅은 수동으로 명단 작성하는 방식이니 참고하세요.","000000000003"
"매장 밖에도 의자가 몇 개 있어서 앉아서 기다릴 수 있어요.","000000000003"
"사람이 많긴 한데 층고가 높아서 그런지 아주 시끄럽진 않음.","000000000003"
"피크 타임 피해서 가면 대기 없이 바로 입장 가능합니다.","000000000003"
"대기 명단에 전화번호 적어두면 차례 올 때 전화 주셔요.","000000000003"
"빈자리가 나면 직원이 안내해 줄 때까지 기다려야 합니다.","000000000003"
"식사 후 디저트 타임에는 손님이 집중적으로 많아지네요.","000000000003"
"단체로 올 경우 미리 전화해서 자리 있는지 확인해 보세요.","000000000003"
"주차장은 넓지만 손님이 많을 땐 이마저도 부족할 수 있음.","000000000003"
"마감 한 시간 전쯤 가니 사람도 없고 여유롭고 좋았네요.","000000000003"
"매장 이용 시간이 제한되어 있어서 회전은 잘 되는 듯요.","000000000003"
"웨이팅 하는 동안 메뉴판 미리 보고 있으면 시간 잘 가요.","000000000003"
"사람이 아주 많지는 않았지만 그래도 창가 자리는 꽉 참.","000000000003"
"날씨에 따라 혼잡도가 극명하게 갈리는 곳인 것 같아요.","000000000003"
"테이크아웃은 대기 없이 바로 주문 가능한 별도 줄이 있음.","000000000003"
"웨이팅 번호표가 디지털 화면에 표시되니 확인 잘 하세요.","000000000003"
"예약은 네이버로 미리 하고 가면 대기 없이 입장됩니다.","000000000003"
"매장이 넓어서 그런지 사람 수에 비해 소리는 분산됨.","000000000003"
"혼자 오신 분들을 위한 바 좌석은 비교적 여유가 있네요.","000000000003"
"입장 알림 카톡을 받고 5분 안에 안 오면 취소된다네요.","000000000003"
"입구 근처는 조금 번잡하니 안쪽 자리를 추천드립니다.","000000000003"
"조용한 걸 원하시면 평일 오픈 시간에 맞춰 가시는 게 좋음.","000000000003"
"직원들이 바쁘게 움직이긴 하는데 워낙 손님이 많네요.","000000000003"
"요즘 핫플이라 대기는 어느 정도 예상하고 방문했습니다.","000000000003"
"줄 서는 위치가 표시되어 있으니 잘 보고 서시면 됩니다.","000000000003"
"주문 후 메뉴 나오기까지 10분 정도 소요되는 것 같아요.","000000000003"
"분위기상 회전이 빠르기보다는 오래 머무는 손님이 많음.","000000000003"
"포장 패키지가 너무 고급스럽고 예뻐서 선물용으로 딱이에요.","000000000010"
"디저트가 흐트러지지 않게 박스에 고정을 너무 잘 해주셨네요.","000000000010"
"선물한다고 하니 쇼핑백에 예쁜 리본까지 달아주셔서 감동!","000000000010"
"테이크아웃 컵 홀더가 디자인도 예쁘고 그립감도 아주 좋아요.","000000000010"
"아이스팩까지 챙겨주셔서 집까지 시원하고 신선하게 가져옴.","000000000010"
"답례품으로 대량 주문했는데 시간 딱 맞춰 포장해 주셨어요.","000000000010"
"여기 포장 상자가 너무 예뻐서 버리기 아까울 정도입니다.","000000000010"
"포장 주문했는데 서비스로 미니 쿠키 하나 넣어주셨네요. 짱!","000000000010"
"케이크 상자에 창이 있어서 내용물을 미리 볼 수 있어 좋음.","000000000010"
"원두 선물 세트 구성이 알차서 커피 좋아하시는 분께 드림.","000000000010"
"샌드위치 포장이 깔끔해서 피크닉 갈 때 들고 가기 편해요.","000000000010"
"선물 받은 분이 포장이 너무 예뻐서 뜯기 아깝다고 하네요.","000000000010"
"보냉 백 디자인도 세련돼서 평소에 들고 다녀도 될 것 같음.","000000000010"
"포장지 재질이 친환경적이라 환경까지 생각하는 게 느껴짐.","000000000010"
"조각 케이크 하나도 정성스럽게 개별 포장해 주셔서 좋았어요.","000000000010"
"선물용 카드도 같이 판매하고 있어 메시지 적기 편했습니다.","000000000010"
"테이크아웃 봉투가 튼튼해서 여러 개 담아도 불안하지 않음.","000000000010"
"포장하는 동안 앉아서 기다릴 수 있게 배려해 주셔서 감사함.","000000000010"
"음료 쏟아지지 않게 입구 씰링을 꼼꼼하게 해주셔서 대만족.","000000000010"
"구움과자 세트 박스 크기가 다양해서 예산 맞춰 사기 좋네요.","000000000010"
"명절 선물로 샀는데 패키지가 단아해서 어른들이 좋아하심.","000000000010"
"포장 속도가 엄청 빠르셔서 바쁜 아침에도 이용하기 좋아요.","000000000010"
"여기 굿즈랑 같이 포장하니 더 근사한 선물이 되더라고요.","000000000010"
"포장 주문 시 보관 방법 적힌 명함도 넣어주는 세심함 굿!","000000000010"
"컵 디자인이 시즌별로 바뀌어서 모으는 재미가 쏠쏠합니다.","000000000010"
"타르트가 흔들리지 않게 전용 틀에 담아주셔서 무사히 도착.","000000000010"
"선물 포장 비용이 아깝지 않을 만큼 결과물이 아주 예뻐요.","000000000010"
"대량 포장인데도 하나하나 리본 간격까지 맞춰주신 정성!","000000000010"
"테이크아웃 전용 메뉴가 따로 있어 포장해 가기 훨씬 수월함.","000000000010"
"포장해온 커피 맛이 매장에서 먹는 거랑 똑같이 훌륭해요.","000000000010"
"포장을 너무 대충 해주셔서 집에 오니 케이크가 다 뭉개짐.","000000000020"
"선물용이라고 했는데 상자가 찌그러진 걸 주셔서 기분 나쁨.","000000000020"
"포장 비용을 따로 받으면서 리본 하나 안 달아주는 건 너무함.","000000000020"
"음료 포장했는데 뚜껑이 덜 닫혔는지 가방 안에 다 쏟아졌어요.","000000000020"
"쇼핑백이 너무 약해서 들고 가다가 손잡이가 툭 끊어졌네요.","000000000020"
"선물 세트 구성이 사진이랑 너무 달라서 선물했다가 민망함.","000000000020"
"보냉 포장 부탁했는데 아이스팩도 안 넣어주셔서 다 녹았음.","000000000020"
"포장 주문이 빨리 안나오네요.","000000000020"
"상자 디자인이 너무 촌스러워서 선물용으로는 비추천합니다.","000000000020"
"포장장지가 눅눅해져서 민망했어요.","000000000020"
"선물용 카드는 따로 안주셔서 아쉬워요.","000000000020"
"컵 홀더가 너무 얇아서 뜨거운 커피 들기가 너무 힘들어요.","000000000020"
"포장 박스에서 이상한 냄새가 나서 내용물 맛까지 버렸어요.","000000000020"
"조각 케이크 두 개 샀는데 한 상자에 쑤셔 넣어 모양 다 망가짐.","000000000020"
"봉투 유료라고 해서 샀는데 너무 작아서 물건이 다 삐져나옴.","000000000020"
"답례품 상담하러 갔는데 귀찮아해서 그냥 다른 데서 주문함.","000000000020"
"포장 컵에 이물질이 묻어있어서 위생 상태가 의심스러웠네요.","000000000020"
"선물 세트 유통기한이 당장 내일까지인 걸 주시면 어떡함?","000000000020"
"포장용 비닐봉지가 너무 얇아서 조금만 날카로워도 다 찢어짐.","000000000020"
"테이크아웃인데 빨대도 안 챙겨주셔서 마시는 데 고생했어요.","000000000020"
"굿즈 포장 박스가 너무 커서 들고 다니기 짐만 되고 번거로움.","000000000020"
"포장지 색깔이 너무 칙칙해서 선물 받는 사람이 오해하겠어요.","000000000020"
"케이크 고정 핀이 없어서 상자 안에서 춤을 추고 있더라고요.","000000000020"
"포장 대기 장소가 따로 없어서 길목에 서서 기다려야 했음.","000000000020"
"종이 빨대가 너무 금방 흐물거려서 포장 음료 마시기 힘듦.","000000000020"
"선물용 리본이 다 풀려있는데 그냥 주셔서 직접 다시 묶음.","000000000020"
"포장 주문 시 사이즈 업 안 된다고 해서 기분 좀 상했습니다.","000000000020"
"컵 홀더 디자인이 너무 평범해서 인스타 감성은 없네요.","000000000020"
"포장 박스 열어보니 주문한 거랑 다른 게 들어있어 당황함.","000000000020"
"선물하기엔 브랜드 인지도가 너무 낮아서 좀 망설여지네요.","000000000200"
"포장 패키지는 그냥 일반적인 카페 상자 디자인입니다.","000000000030"
"케이크 포장 시 고정 테이프를 붙여주니 조심히 들고 가세요.","000000000030"
"선물 포장은 추가 비용이 발생하니 미리 확인해 보셔야 함.","000000000030"
"테이크아웃 컵 사이즈는 기본 한 종류로만 제공되더라고요.","000000000030"
"아이스팩은 요청 시에만 넣어주시는 것 같으니 꼭 말하세요.","000000000030"
"대량 주문은 최소 3일 전에는 미리 연락 드려야 한대요.","000000000030"
"포장 상자가 종이 재질이라 습기에 약하니 주의가 필요함.","000000000030"
"포장 주문하면 진동벨 주시니까 근처에서 기다리면 됩니다.","000000000030"
"조각 케이크 상자는 한 개용, 두 개용 사이즈가 따로 있음.","000000000030"
"원두 선물 세트는 매장에서 직접 골라 구성할 수 있습니다.","000000000030"
"샌드위치는 커팅 유무를 물어보시니 취향껏 요청하세요.","000000000030"
"선물 받은 기프티콘으로도 포장 구매가 가능하다고 합니다.","000000000030"
"보냉 가방은 별도로 구매하거나 가져오시는 게 좋을 듯요.","000000000030"
"포장 주문 시 종이 봉투는 환경 부담금 100원이 추가됨.","000000000030"
"케이크 한 판(홀)은 미리 예약해야 포장 상자에 담아줌.","000000000030"
"선물용 봉투에 카페 로고가 크게 박혀 있는 스타일입니다.","000000000030"
"테이크아웃 음료 캐리어는 2구, 4구 짜리가 준비되어 있음.","000000000030"
"포장 대기 시간 동안 매장 구경하면서 시간 보냈습니다.","000000000030"
"음료 뚜껑에 빨대 구멍이 없는 타입이니 참고해 주세요.","000000000030"
"구움과자 개별 포장지는 투명해서 내용물이 잘 보입니다.","000000000030"
"명절에는 명절 전용 패키지가 따로 출시된다고 하네요.","000000000030"
"포장 속도는 적당히 평범한 수준이라 기다릴 만했습니다.","000000000030"
"굿즈 포장은 깨지지 않게 뽁뽁이로 감싸서 담아주셨어요.","000000000030"
"보관 방법이 적힌 종이가 상자 안쪽에 붙어 있습니다.","000000000030"
"컵 디자인은 로고만 심플하게 박힌 하얀색 컵입니다.","000000000030"
"타르트 박스는 높이가 낮으니 쌓아 올리지 않게 주의요.","000000000030"
"선물 포장 샘플이 카운터 옆에 진열되어 있어 보기 편함.","000000000030"
"리본 색깔은 빨간색이랑 파란색 중에 고를 수 있더라고요.","000000000030"
"테이크아웃 주문 시에도 매장 내 컵은 사용 금지입니다.","000000000030"
"포장해 가도 맛의 변화가 크지 않은 메뉴들 위주로 샀어요.","000000000030"
